title,developer,rating,installs_text,installs_numeric,category,description,product_id,query,source,scraping_date
Instagram,Instagram,3.9,"5,000,000,000+",5000000000,Social,"Little moments lead to big friendships. Share yours on Instagram. 
From Meta

Connect with friends, find other fans, and see what people around you are up to and into. Explore your interests and post whats going on, from your daily moments to lifes highlights.

Share what youre up to and into on Insta.
- Keep up with friends on the fly with Stories and Notes that disappear after 24 hours.
- Start group chats and share unfiltered moments with your Close Friends.
- Share memories from recent events or trips in Feed.
- Turn your life into a movie and discover short, entertaining videos on Instagram with Reels.
- Customize your posts with exclusive templates, music, stickers and filters.

Dive into your interests.
- Watch videos from your favorite Creators and discover new content thats personalized to your interests.
- Get inspired by photos and videos from new accounts in Explore.
- Discover brands and small businesses, and shop products that are relevant to your personal style.

Some Instagram features may not be available in your country or region.

Terms and Policies - https:help.instagram.com581066165581870

Consumer Health Privacy Policy: https:privacycenter.instagram.compolicieshealth

Learn how were working to help keep our communities safe across Meta technologies at the Instagram Safety Center: https:about.instagram.comsafety",com.instagram.android,social media,organic,2025-11-07 09:35:39
X,X Corp.,3.7,"1,000,000,000+",1000000000,News & Magazines,"Welcome to X, your trusted digital town square, where conversations unfold in real time, and the world connects through breaking news, live events, podcasts, and everything in between. Whether youre passionate about sports, tech, music, or politics, X is your front-row seat to whats happening across the globe.

X isnt just another social media app, its the ultimate destination for staying well informed, sharing ideas, and building communities. With X, youre always in the loop with relevant trending topics and breaking news, delivered instantly to your screen, raw and unfiltered.

What You Can Do on X:
 Follow breaking news from around the world before it hits the headlines, and stay ahead of the curve with real-time updates on trending topics and viral conversations.

 Post your thoughts, photos, and videos with a global community. Join millions of users in shaping public dialogue across social, cultural, and political conversations.

 Discover Grok, the AI assistant powered by Xs real-time data. You can ask Grok to summarize trending news, explain videos, or give you more context about posts.

 Stream live video or go live with Spaces, our audio feature that enables you to host discussions, hold interviews, or start your next live podcast. Whether youre streaming a concert, a live game, or your thoughts on a hot topic, X keeps your audience engaged.

 Watch videos: from live breaking news and sports clips to podcasts and gaming sessions that last up to 3 hours long. Many of the worlds leading voices, in comedy, gaming, podcasting, and politics, all share their content on X.

 Connect and chat privately with friends, followers, customers, or collaborators through Direct Messages.

 Join and build communities tailored to your interests: from sports news, gaming, entertainment, crypto, entrepreneurship, tech, and more.

 Subscribe to X Premium to unlock exclusive features like a blue checkmark, boosted visibility, prioritized replies, fewer ads, longer videos, and post editing. X Premium also gives you access to creator revenue sharing and the ability to offer exclusive content to subscribers.

Why X?
In a world of constant change, X is your real-time source to stay ahead of the curve, connect with people, and explore diverse perspectives. From breaking live news and trending memes to top podcasts and live streams from your favorite creators, X brings it all together in one powerful social experience.",com.twitter.android,social media,organic,2025-11-07 09:35:39
Snapchat,Snap Inc,4.1,"1,000,000,000+",1000000000,Communication,"Snapchat is a fast and fun way to share the moment with your friends and family 

SNAP 
 Snapchat opens right to the Camera  just tap to take a photo, or press and hold for video.
 Express yourself with Lenses, Filters, Bitmoji and more! 
 Try out new Lenses daily created by the Snapchat community!

CHAT 
 Stay in touch with friends through live messaging, or share your day with Group Stories.
 Video Chat with up to 16 friends at once  you can even use Lenses and Filters when chatting!
 Express yourself with Friendmojis  exclusive Bitmoji made just for you and a friend.

STORIES
 Watch friends Stories to see their day unfold.
 See Stories from the Snapchat community that are based on your interests.
 Discover breaking news and exclusive Original Shows.

SPOTLIGHT
 Spotlight showcases the best of Snapchat!
 Submit your own Snaps or sit back, relax, and watch.
 Pick your favorites and share them with friends.

MAP 
 Share your location with your best friends or go off the grid with Ghost Mode.
 See what your friends are up to on your most personal map when they share their location with you. 
 Explore live Stories from the community nearby or across the world!

MEMORIES 
 Save unlimited photos and videos of all your favorite moments.
 Edit and send old moments to friends or save them to your Camera Roll.
 Create Stories from your favorite Memories to share with friends and family.

FRIENDSHIP PROFILE 
 Every friendship has its own special profile to see the moments youve saved together.
 Discover new things you have in common with Charms  see how long youve been friends, your astrological compatibility, your Bitmoji fashion sense, and more!
 Friendship Profiles are just between you and a friend, so you can bond over what makes your friendship special.

Happy Snapping!

  

Please note: Snapchatters can always capture or save your messages by taking a screenshot, using a camera, or otherwise. Be mindful of what you Snap!

For a full description of our privacy practices, please see our Privacy Center.",com.snapchat.android,social media,organic,2025-11-07 09:35:39
Threads,Instagram,4.0,"100,000,000+",100000000,Social,"Say more with Threads  Instagrams text-based conversation app.

Threads is where communities come together to discuss everything from the topics you care about today to whatll be trending tomorrow. Whatever it is youre interested in, you can follow and connect directly with your favorite creators and others who love the same things  or build a loyal following of your own to share your ideas, opinions and creativity with the world.

A few things you can do on Threads

 Access your Instagram followers
Your Instagram username and verification badge are reserved for you. Automatically follow the same accounts you follow on Instagram in a few taps, and discover new accounts too.

 Share your point of view
Spin up a new thread to express whats on your mind. This is your space to be yourself, and you control who can reply.

 Connect with friends and your favorite creators
Jump to the replies to get in on the action and react to commentary, humor and insight from the creators you know and love. Find your community and connect with people who care about whatever it is youre interested in.

 Control the conversation
Customize your settings and use controls to manage who can see your content, reply to your threads, or mention you. Accounts youve blocked will carry over from Instagram, and were enforcing the same Community Guidelines to help ensure everyone interacts safely and authentically. 

 Find ideas and inspiration
From TV recommendations to career advice, get answers to your questions or learn something new from crowd-sourced conversations, thought leaders and industry experts.

 Never miss a moment
Stay on top of the latest trends and live events. Whether its about new music, movie premieres, sports, games, TV shows, fashion, or the latest product releases, find discussions and receive notifications any time your favorite profiles start a new thread.

 Leap into the fediverse
Threads is part of the fediverse, a global, open, social network of independent servers operated by third parties around the world. Servers share information with each other to enable people to connect and discover new things across the fediverse.


Meta Terms: https:www.facebook.comterms.php
Threads Supplemental Terms: https:help.instagram.com769983657850450
Meta Privacy Policy: https:privacycenter.instagram.compolicy
Threads Supplemental Privacy Policy: https:help.instagram.com515230437301944
Instagram Community Guidelines: https:help.instagram.com477434105621119
Consumer Health Privacy Policy: https:privacycenter.instagram.compolicieshealth

Learn how were working to help keep our communities safe across Meta technologies at the Meta Safety Center: https:about.meta.comactionssafety",com.instagram.barcelona,social media,organic,2025-11-07 09:35:39
Facebook,"Meta Platforms, Inc.",4.6,"10,000,000,000+",10000000000,Social,"Where real people propel your curiosity. Whether youre thrifting gear, showing reels to that group who gets it, or sharing laughs over fun images reimagined by AI, Facebook helps you make things happen like no other social network.

Explore and expand your interests: 
* Shop Marketplace for hidden gems and take your hobbies to the next level
* Personalize your Feed to see more of what you like, less of what you dont
* Ask Meta AI for information and get answers instantly
* Drive into reels that reflect the things youre interested in
* Search Facebook on any topic and get more interactive results

Connect with people and communities:
* Join groups to learn tips from real people whove been there, done that
* Get inspired by creators, or catch up with Friends
* Add new Friends to your world, but also decide how closely to keep up with them
* Privately message relatable posts that only your BFF will get or that reels trend everyones talking about
* Catch up with your friends through video and voice calls

Share your world:
* Use generative AI to create custom stickers and images to delight friends
* Customize your profile to choose how you show up and who sees your posts
* Effortlessly create reels from trending templates, or showcase your creativity with a full suite of editing tools
* Capture moments on the fly with stories

Some features may not be available in your country or region. 

Terms & Policies: https:www.facebook.compolicies_center
Privacy Policy: https:www.facebook.comprivacy

Learn how were working to help keep our communities safe across Meta technologies at the Meta Safety Center: https:about.meta.comactionssafety",com.facebook.katana,social media,organic,2025-11-07 09:35:39
Reddit,reddit Inc.,4.6,"100,000,000+",100000000,Social,"Welcome to Reddit, the heart of the internet.

Reddit is the most diverse place on the web, where people from all over the world come together to share passions, ideas and experiences, creating the most authentic and interesting conversations on the Internet. 

Do you want to ask questions, share opinions, ask for advice, participate in a debate or simply relax with memes, and funny videos? Reddit is powered by people who share your interests. Jump into discussions, explore new ideas. Be part of a community that actually feels like one.

Reddit has over 100,000 online communities (forums where members post and comment anonymously) dedicated to specific topics. Some of the most popular communities are:
 rAskReddit, where users can ask and answer questions on the largest Q&A forum
 rfunny, which is full of humorous content, jokes, puns, and hilarious memes
 rgaming, a hub for gaming enthusiasts to discuss games, share memes, and stay updated on the latest in the gaming world.
 rworldnews, for global news stories, providing discussions and updates on current events from around the world.
 rtodayilearned, a place to share interesting facts.

On Reddit youll find:
 Thousands of community groups, interesting people and bloggers sharing a wealth of original content.
Breaking news, leaked gossip , entertainment news, social media trends, sports highlights, TV fan theories, technology forums, open AI discussions, pop culture debates and personalized content, theres a community for everyone.
 Loads of laughs
Find popular memes, oddly satisfying videos, funny cat videos, and more to help you lose track of time.
 AMAs, or Ask Me Anything - unfiltered Q&A sessions with celebrities, politicians, and experts who join to answer questions honestly.
Celebrities, politicians, and experts answer questions from users. 
 The best discussions on any topic
Reddits discussion threads are where community members jump in with humor and insights for conversations about anything; pop culture, sports, entertainment, leaked news, gossip or career or financial advice.
 Get answers to anonymous questions
Ask communities anything you want. Ask questions on relationships, mental health, parenting, career help, fitness plans, and more. Reddits hive mind is the most helpful Q&A community, with all questions being answered right away!
 Anonymous profiles so you can be YOURSELF
Connect with people about any topic, join interactive community groups or threads, and chat with other redditors, all anonymously. Dont be afraid to release your voice and debate people from all over the world!

Voting and Karma:
Instead of likes and hearts, Reddits social network runs on upvotes or downvotes. Voting on posts and comments increase or decrease the creators karma, and helps popular and relevant posts rise to the top, while filtering out low-quality or irrelevant posts.
While karma doesnt directly impact your ability to use Reddit, more karma can increase posts visibility and help you get noticed. Some communities require karma to post or comment, which helps maintain content quality and community standards.

Join the largest social media platform and discover everything that piques your interest!

Reddit Premium:
Purchase Reddit Premium to enjoy an ads-free experience and access to premium avatar gear, rlounge, custom app icons, and more.

Payment will be charged on a recurring monthly or annual basis to your Google Play account. Your monthly or annual Premium subscription will automatically renew unless you cancel at least 24 hours before your subscription ends. Cancel anytime in your devices Account Settings. No partial refunds.

Privacy Policy: https:www.redditinc.compoliciesprivacy-policy  
User Agreement: https:www.redditinc.compoliciesuser-agreement  
Reddit Rules: https:redditinc.compoliciesreddit-rules

If you have any problems with the app, get support at RedditHelp.com",com.reddit.frontpage,social media,organic,2025-11-07 09:35:39
"TikTok - Videos, Shop & LIVE",TikTok Pte. Ltd.,4.1,"1,000,000,000+",1000000000,Social,"TikTok is THE destination for mobile videos. On TikTok, short-form videos are exciting, spontaneous, and genuine. Whether youre a sports fanatic, a pet enthusiast, or just looking for a laugh, theres something for everyone on TikTok. All you have to do is watch, engage with what you like, skip what you dont, and youll find an endless stream of short videos that feel personalized just for you. From your morning coffee to your afternoon errands, TikTok has the videos that are guaranteed to make your day.

We make it easy for you to discover and create your own original videos by providing easy-to-use tools to view and capture your daily moments. Take your videos to the next level with special effects, filters, music, and more. 

 Watch endless amount of videos customized specifically for you
A personalized video feed based on what you watch, like, and share. TikTok offers you real, interesting, and fun videos that will make your day.
 
 Explore videos, just one scroll away
Watch all types of videos, from Comedy, Gaming, DIY, Food, Sports, Memes, and Pets, to Oddly Satisfying, ASMR, and everything in between.
 
 Pause recording multiple times in one video
Pause and resume your video with just a tap. Shoot as many times as you need.
 
 Be entertained and inspired by a global community of creators
Millions of creators are on TikTok showcasing their incredible skills and everyday life. Let yourself be inspired.

 Add your favorite music or sound to your videos for free
Easily edit your videos with millions of free music clips and sounds. We curate music and sound playlists for you with the hottest tracks in every genre, including Hip Hop, Edm, Pop, Rock, Rap, and Country, and the most viral original sounds.

 Express yourself with creative effects
Unlock tons of filters, effects, and AR objects to take your videos to the next level.

 Edit your own videos 
Our integrated editing tools allow you to easily trim, cut, merge and duplicate video clips without leaving the app.

 Discover and Shop with TikTok Shop
Explore trending products, exclusive deals, and seamless shopping experiences inspired by creators and brands you loveall in one place. Shop right from shoptab, videos or LIVEs without leaving the app, track your orders with ease, and enjoy a safe, secure shopping and transaction process.

 Terms of Service
https:www.tiktok.comlegalterms-of-service

 Privacy Policy
https:www.tiktok.comlegalprivacy-policy

Any feedback? Contact us at feedback@tiktok.com or tweet us @tiktok_us",com.zhiliaoapp.musically,social media,organic,2025-11-07 09:35:39
Messenger,"Meta Platforms, Inc.",4.7,"5,000,000,000+",5000000000,Communication,"Messenger is a free messaging app that helps you connect with anyone, anywhere. Stay in touch with your friends and family, explore your interests with people like you, build your community, and share your vibe beyond words, all in one app.

CHAT AND CALL ANYONE, ANYWHERE 
Find and connect with your friends and family on Facebook and Messenger, no phone number needed.

GET INSTANT ANSWERS FROM YOUR AI ASSISTANT*
Meta AI is your assistant that can answer any questions, give you advice, help with homework, and more.

SEND YOUR PHOTOS IN HIGH DEFINITION
Send and receive clearer, crisper picture of your favorite moments with Messenger.

CREATE SHARED ALBUMS
From a recent summer vacation to your grandmas 80th birthday, create albums of photos and videos to share, organize and reminisce over important moments in your group chats.

EASILY ADD NEW CONNECTIONS WITH QR CODES
Connect with people you meet in real life by scanning their Messenger QR code or sharing yours via a link.

SHARE LARGE FILES DIRECTLY IN CHAT
Whether its a Word, PDF, or Excel doc, you can send large files up to 100MB right inside of Messenger.

EDIT AND UNSEND MESSAGES 
Hit send too soon? You can edit the message up to 15 minutes after sending

DISAPPEARING MESSAGES
Some things arent meant to last forever. Choose how long your end-to-end encrypted chats stick around after theyve been read.

COME TOGETHER WITH YOUR COMMUNITIES
Meaningfully connect with people like you from your school, neighborhood, and interest groups.

GET IN YOUR FAVORITE CREATORS INNER CIRCLE
Stay in the know with creators by joining their broadcast channels for authentic and casual content.

UNLEASH YOUR IMAGINATION W META AI*
Tap into your go-to creative partner to create, edit, animate images and more.

CAPTURE EVERYDAY MOMENTS ON STORIES
Highlight moments of your day using photos and videos that disappear after 24 hours in Stories.

DROP A NOTE WITH YOUR THOUGHTS
Stay connected with your friends by sharing quick updates that disappear after 24 hours.

BRING YOUR VIBE TO YOUR CHATS
Sometimes words just dont cut it. Tap into more ways to express yourself with animated stickers, GIFs, reactions and more.

SET THE MOOD OF YOUR CHAT WITH THEMES
Customize your chat with a large and constantly evolving list of themes featuring popular artists, holidays, and more. 

*Meta AI is available in select languages and countries only, with more coming soon.",com.facebook.orca,social media,organic,2025-11-07 09:35:39
Pinterest,Pinterest,4.4,"1,000,000,000+",1000000000,Lifestyle,"Pinterest is a place of endless possibilities. You can:
- Discover everyday inspiration
- Shop styles you love
- Try and learn something new

Create boards, save Pins and make collages of all your inspiration. Unlock billions of ideas, from fashion tips   and easy recipes  to DIY projects  and fresh ways to redo your space. Creating the life you love?

Its Possible.",com.pinterest,social media,organic,2025-11-07 09:35:39
"Discord - Talk, Play, Hang Out",Discord Inc.,4.3,"500,000,000+",500000000,Communication,"Discord is designed for gaming and great for just chilling with friends or building a community. Customize your own space and gather your friends to talk while playing your favorite games, or just hang out.

GROUP CHAT THATS ALL FUN & GAMES
 Discord is great for playing games and chilling with friends, or even building a worldwide community. Customize your own space to talk, play, and hang out in.

MAKE YOUR GROUP CHATS MORE FUN
 Create custom emoji, stickers, soundboard effects, and more to add your personality to voice, video, or text chat. Set your avatar, a custom status, and write your own profile to show up in chat your way.

STREAM LIKE YOURE IN THE SAME ROOM
 High-quality and low-latency streaming makes it feel like youre hanging out on the couch with friends while playing a game, watching shows, looking at photos, or idk doing homework or something.

HOP IN WHEN YOURE FREE, NO NEED TO CALL
 Easily hop in and out of voice or text chats without having to call or invite anyone, so you can chat with your friends before, during, and after your game session.

SEE WHOS AROUND TO CHILL
 See whos around, playing games, or just hanging out. For supported games, you can see what modes or characters your friends are playing and directly join up.

ALWAYS HAVE SOMETHING TO DO TOGETHER
 Watch videos, play built-in games, listen to music, or just scroll together and spam memes. Seamlessly text, call, video chat, and play games, all in one group chat.

WHEREVER YOU GAME, HANG OUT HERE
 On your PC, phone, or console, you can still hang out on Discord. Easily switch between devices and use tools to manage multiple group chats with friends.",com.discord,social media,organic,2025-11-07 09:35:39
Tumblr - Social Media & Art,"Tumblr, Inc",3.9,"100,000,000+",100000000,Social,"Welcome to Tumblr, your ultimate creative space and social media community for art, memes, and fandoms. Whether youre deep into a niche or just discovering your artistic side, Tumblr welcomes every voice and vision. Its where creativity, community, and self-expression come together in one powerful platform. Share your work, connect with fans, and explore endless opportunities to post your art in a supportive art community.

Use Tumblr to share art, write an art blog, discover new fandoms, and explore your interests without limits. Post images, text, videos, GIFs, and even audio to your own personalized dashboard. Follow topics you love, reblog content that inspires you, and build your own art community of fans and friends. Post your art alongside like-minded creators, whether youre into illustrations, photography, or fanart.

Tumblr is your creative playground. Whether youre into digital art, fanfiction, cosplay, or simply love funny memes, youll find others who get it. Express yourself with GIFs, memes, fanart, and tutorials, and join authentic conversations with others who share your passions across countless fandoms. Think of this as your space to be real, hang out, and create openly.

Our social media platform supports original content creation, art blogs, and fan communities. Use tags to reach new audiences and curate your personal feed. Whether youre writing original stories, sharing digital art, or posting your latest fan creations, your dashboard is where it all comes together. Post your art with ease and connect with people who share your interests in an engaged art community that supports your creativity.

Explore trending tags, join creative challenges, or browse through curated art collections and fan edits. Discover the latest in K-pop, anime, Marvel, DC, gaming, and TV show fandoms. Tumblr thrives on vibrant spaces, giving you access to a world of niche interests and major trends. You can even follow your favorite fic writers from AO3 (Archive of Our Own), see their OC art, and share your passions in conversations about your favorite fanfiction universes.

Start your own webcomic, showcase your fan creations, or simply enjoy scrolling through an endless stream of content. With tools for reblogging, liking, and sharing, youre never far from discovering something amazing. Join the community where you can hang out, reblog iconic moments, engage in fan theories, or just scroll for inspiration. Be real and express your unique style while being yourself in creative communities across a global art network.

Customize your experience with our intuitive tools and privacy settings. Create multiple blogs, go private, or make a name for yourself in the digital art and fanart world. Whether youre here to share your voice, find your people, or simply enjoy the internet the way it used to be, Tumblr is your space to do it all. Post your art or write your next art blog, and discover a community where everyone can be real.

 Download Tumblr now and become part of a global creative social media community. From art sharing apps and fandom hubs to social creativity tools and online self-expression, this is your space to belong. Explore creative discussions, connect with an art community, and make it your own.

Twitter: https:twitter.comtumblr
Instagram: https:www.instagram.comtumblr
Terms of Service: https:www.tumblr.compolicyterms-of-service",com.tumblr,social media,organic,2025-11-07 09:35:39
Facebook Lite,"Meta Platforms, Inc.",4.5,"1,000,000,000+",1000000000,Social,"Keeping up with friends is faster and easier than ever with the Facebook Lite app! Use Facebook Lite as a friends app to connect and keep up with your social network. The Facebook Lite app is small, allowing you to save space on your phone and use Facebook in 2G conditions. Many of the classic features of Facebook are available on the app, such as sharing to a Timeline, liking photos, searching for people, and editing your profile and groups. Specific features include:
 
  Find friends and family
  Post status updates & use Facebook emoji to help relay whats going on in your world
  Share photos and your favorite memes
  Get notified when friends like and comment on your posts
  Find local social events, RSVP, and make plans to meet up with friends
  Interact with your friends by adding your own comments or reactions to their Facebook posts
  Save photos by adding them to photo albums
  Follow people to get their latest news
  Look up local businesses to see reviews, operation hours, and pictures
  Buy and sell locally on Facebook Marketplace
 
The Facebook app does more than help you stay connected with your friends and interests. Its also your personal organizer for storing, saving and sharing photos. Its easy to share photos straight from your Android camera, and you have full control over your photos and privacy settings. You can choose when to keep individual photos private or even set up a secret photo album to control who sees it.
 
Facebook Lite also helps you keep up with the latest news and current events around the world. Subscribe to your favorite celebrities, brands, websites, artists, or sports teams to follow their News Feeds from the convenience of your Facebook Lite app!

Consumer Health Privacy Policy: https:www.facebook.comprivacypolicieshealth 
Problems with downloading or installing the app? See https:www.facebook.comhelpfblite 
Still need help? Please tell us more about the issue: https:www.facebook.comhelpcontact640732869364975
Facebook is only available to people aged 13 and over.
Terms of Service: http:m.facebook.comterms.php",com.facebook.lite,social media,organic,2025-11-07 09:35:39
LinkedIn: Jobs & Business News,LinkedIn,4.2,"1,000,000,000+",1000000000,Business,"Welcome professionals! The key to getting in is getting started. Begin your career journey and build connections with LinkedIn. Build your online resume and start your next job search with one of the largest social networking apps. Find work today & join a trusted community of 1 billion members.

Apply for jobs, build your professional network, and highlight your skills. Set job alerts to find the ideal fit for you. From freelance jobs or remote work to full-time or part-time jobs - LinkedIn will help you find your next opportunity. Our platform allows you to network with business contacts, and stay informed about the latest business news.

Find your next workplace and grow your professional network, one connection at a time. Show recruiters your experience when you build your resume before you start your job search. Get business insights before you apply for jobs, including salary, job responsibilities, or company news. Use your resume or professional profile to quickly and safely apply for the right position for you.

Why youll love the LinkedIn app:
 Job search and Recruiting: Research companies youre interested in and let the right people know youre open to work.
 CV: Create your online resume and showcase your professional skills. 
 Business News: Get updated business insights delivered to you and join the conversation.
 Professional Network: Grow your business contacts and follow companies and top voices.

LinkedIn App Features:

JOB SEARCH
 Find work that is perfect for you through LinkedIns social network app whether you are looking to work from home or a freelancer position.
 Search for job openings at companies that are currently hiring in your area of interest.
 Job Opportunities: Submit job applications and secure interviews with a recruiter.
 Find local part-time or full-time jobs.
 Job Search App: Easily apply for jobs and set up job alerts for any part-time or full-time jobs you might be interested in.

BUSINESS NEWS
 Find company content and business news to stay up to date.
 See what your connections are saying in posts and conversations.
 Explore collaborative articles and newsworthy topics with the LinkedIn community.

SOCIAL NETWORKING
 Grow your connections with LinkedIns profile-building tools to expand your social network.
 Join billions of professionals and get tips to help you find your next workplace.

BUILD YOUR BUSINESS COMMUNITY
 Build a community to help you grow your career as you search for a job and easily find groups or communities that share your interests.
 Business Network: Connect with new business contacts and industry experts to keep up with the latest trends and news.
 Professional Community: Follow companies, top voices, and professionals in your area.
 Social networking for businesses: Gain new opportunities through showcasing your company or product.

ONLINE RESUME BUILDER AND PROFESSIONAL PROFILE
 Job openings: Apply for jobs using your LinkedIn profile that showcases your skills and talent.
 Social network: Build your professional network and make business connections.
 Stand out to recruiters: Create your own online CV and use it as a resume for job applications.

Find work and build connections on LinkedIn. Whether youre searching for new roles, aiming to expand your business contacts, or staying updated on the latest business news and industry buzz, LinkedIn has you covered.

Want to make the most of LinkedIn? Upgrade to a Premium subscription for exclusive tools.

We ask for a few permissions when you use this app. Heres why: http:linkd.in1l0S8Y

-

LinkedIn members have the option to verify their identity by securely uploading a government ID andor taking a live selfie using certain trusted partners. For more information about the data collected by our trusted partners through this process and the periods for which it will be retained, see: https:www.linkedin.comhelplinkedinanswera1359065",com.linkedin.android,social media,organic,2025-11-07 09:35:39
Twitch: Live Streaming,"Twitch Interactive, Inc.",4.0,"100,000,000+",100000000,Entertainment,"Welcome to the Purple App, where thousands of communities come together for our favorite streamers, for the games we love, for the lulz, for each other, for whatever. Download Twitch and join millions enjoying live games, music, sports, esports, podcasts, cooking shows, IRL streams, and whatever else crosses our communitys wonderfully absurd minds. Well see you in chat.

Heres a convenient list of other awesome things about Twitch:

Everyone is about community. We actually are one: Whatever you nerd out about, you can find your people on Twitch. 
Give support, get support: Find new streamers and subscribe to your favorites. Plus,  unlock exclusive perks for your support. 
Start your own channel: The Twitch app is one of the easiest ways to start streaming. Just create an account, go live directly from the app, and bring people together around whatever youre passionate about. 
You never know what youll find: Popular games are always live, but so are music festivals, rocket launches, street tours of Tokyo, and goat yoga. Yes, really. 
Dark mode: Yall love this one. Black and purple have never looked this good together.

Twitchs Terms of Service are available at https:www.twitch.tvplegalterms-of-service
For feedback and assistance, please visit our Support Center: https:help.twitch.tv
 
Please note: This app features Nielsens proprietary measurement software which contributes to market research, like Nielsens TV Ratings. Please see http:priv-policy.imrworldwide.comprivmobileusenoptout.html for more information",tv.twitch.android.app,social media,organic,2025-11-07 09:35:39
Bluesky,Bluesky PBLLC,1.5,"10,000,000+",10000000,Social,"Bluesky is THE NEW SOCIAL NETWORK for people who stay online and up-to-date. News, jokes, gaming, art, hobbies, and whatever youre into is happening here. Short text posts make for a quick read during coffee, an easy way to wind down the day, or a great way to get connected to your community. Follow your favorite posters or pick from one of the 25,000 feeds to find your people. Join millions of users to be part of the moment and have some fun again.

YOUR TIMELINE, YOUR CHOICE
Stay in touch with your friends, stay up-to-date on the latest news, or explore with an algorithm that learns what you like. On Bluesky, you choose your own feed.

CONTROL YOUR SCROLL
Stack powerful blocks, mutes, moderation lists, and content filters. Youre in control.

SOME OF THE OLD, ALL OF THE NEW
Lets have fun online again. Be yourself and riff with your friends, all while having the option to keep tabs on whats happening at a global scale. It all happens on Bluesky.",xyz.blueskyweb.app,social media,organic,2025-11-07 09:35:39
"VK: music, video, messenger",VKL,3.4,"100,000,000+",100000000,Social,"VK unites tens of millions of people by offering unlimited features for communication, entertainment, business and sharing news from anywhere around the world. On the app, you can listen to music, watch videos and clips, keep track of your health, play games, and shop.

Stay in touch with friends and family. In the messenger, you can chat in group chats and private messages with both friends on VK and people from your phones contacts. Bring together an unlimited number of people in video calls, all for free with no time limits.

VK has social media solutions for a wide variety everyday situations:

- Discover everything one of the largest social networks in the world has to offer. Meet new friends and join online communities. Stay close with faraway friends using the messenger and VK Calls.
- Listen to the music you love and easily find your new favorite songs thanks to personalized recommendations.
- Watch and create VK Clips, short vertical videos covering a wide range of themes.
- Enjoy live streams, share pictures, play games, and read interesting news in thematic feeds.
- Learn something new in podcasts and upload your own.
- Keep track of your health and stay in shape. You can also compete with friends to see who can take the most steps per day, thanks to integration with your device. Take a long walk and make your way to the top of the leaderboard!

Terms of Service: vk.comterms
Privacy Policy: vk.comprivacy",com.vkontakte.android,social media,organic,2025-11-07 09:35:39
"ZEPETO: Avatar, Connect & Live",Naver Z Corporation,4.6,"100,000,000+",100000000,Entertainment,"Play the Universe. ZEPETO.

Welcome to ZEPETO, a place where virtually anything is possible!

Explore Worlds
Thousands of virtual worlds to play together with friends.
From K-pop and music to fashion, anime and role-play, theres something for everyone.

Community of Friends
The metaverse is at your fingertips - experience it anywhere, anytime on your mobile device.
Meet new people all over the world with the same interests as you, and stay connected in chat and feed. Join thousands tuning in to avatar livestreams real-time.

Customize Your Avatar
Style your avatar any way you want, bringing another you to life.
Choose from an infinite amount of the trendiest clothes, hair styles, accessories, makeup and more. Dress up your character with user-made items, well-known brands, and luxury styles!

Become a Creator
Dont see something you like in our shop? Bring your creativity to life by designing and selling new fashion or lifestyle items yourself in ZEPETO Studio!
Or build your own games and worlds for other users to play.

Go LIVE!
Start your VTuber journey on ZEPETO!
Easily create your unique avatar for free and begin streaming live on mobile and PC.

New Social Content Daily
New photos, videos, trends and events to experience everyday  including top brand, artist, and influencer collaborations.
Join the latest social challenges  create your own content for the chance to be featured or win prizes!

Join ZEPETO Premium
Join our premium membership program to receive special benefits like priority review for created items, 70 monthly ZEM credits, exclusive items and more.",me.zepeto.main,social media,organic,2025-11-07 09:35:39
OK: Social Network,VKL,4.6,"100,000,000+",100000000,Social,"Odnoklassniki is a social network with millions of users around the world. In OK you can call friends, livestream, send stickers and gifts, find new friends in groups and share moments. Have fun listening to music, watching videos and playing games!

HOBBIES
 Cooking, DIY, gardening, traveling, fishing, fashion, cars and pets -  find all the most interesting things about your hobby in OK;
 Watch thousands of videos about your favorite topic;
 Havent found your hobby? Use the search bar, OK has millions of interesting posts.
 
MOMENTS
 Share your moments! Post photos and videos that will disappear after 24 hours;
 Use frames, stickers and animated texts to make your moments look even better;
 Add any links to the moments.

COMMUNICATION
 Free audio and video calls with up to 100 participants;
 Congratulate friends and family, choose postcards and gifts for any holiday;

GROUPS
 From cooking to fishing! Join communities of interest or create your own group;
 Millions of proven tips from users for all occasions;
 Find jokes and entertainment in OK groups.

SERVICES and APPS
 Weather, TV program and Horoscope - find your favorite app;
 Public services and mobile payments to make your life easier;
 Business profiles with statistics, an advertising account and virtual telephony.

MUSIC
 A huge collection of songs, from new releases to favorite hits;
 Add songs to playlists or share it in the status on your page;
 Subscribe to Music to listen to songs in the background and download songs to the OK app.

VIDEO
 Watch concerts, popular shows and TV series;
 Sports broadcasts to cheer for your favorite teams;
 Live broadcasts to tell the world about yourself!

EASY REGISTRATION AND LOGIN
 Simple and fast registration;
 You can use other social networks to sign in;
 Lost access to your profile? Its easy to recover it via phone, email, or even face and gesture recognition.

Contact OK Support Team for any feedback: https:ok.ruhelp. We will be glad to help you!",ru.ok.android,social media,organic,2025-11-07 09:35:39
Lemon8 - Lifestyle Community,TikTok Pte. Ltd.,4.6,"10,000,000+",10000000,Lifestyle,"Lemon8 is a lifestyle community focused app powered by TikTok, where you can discover and share authentic content on a variety of topics such as beauty, fashion, travel, food, and more. You can edit and share photos with great ease and engage in discussion with like-minded people. Lemon8 offers a space where you can connect, inspire, and support one another.

Find Your Community
- Lemon8s customized content is specifically made for you. Our For You section recommends a personalized feed to you based on your interests. 
- Lemon8 is also a great place for you to express and engage in a free space with other like-minded creatives within the community.

Create with Ease
- Fed up of the faff of creating on one app, editing on another, posting on yet one more? With Lemon8, our in-app suite allows you to compose texts, edit photos and videos with ease.
- Youll find a whole library of intuitive templates, stickers, filters and fonts for your photos and videos.
- Say goodbye to jumping between apps to make a single post and, say hello to Lemon8!

Explore and Discover
- Use hashtags! Our hashtags not only help your posts get discovered, but also help you easily discover content you like.
- Our campaign features and intuitive search helps you find trending content, top-performing creators and whatever answer youre browsing for.

Contact Us
- We want to build Lemon8 into the app you need and desire. Your suggestions make Lemon8 better.
- If you have any feedback, questions or concerns, contact us at any time using the following email: contact@lemon8-app.com",com.bd.nproject,social media,organic,2025-11-07 09:35:39
Weverse: Connect with Artists,WEVERSE COMPANY Inc.,4.7,"10,000,000+",10000000,Social,"A Community for Fans and Artists
 Check out the daily moments of the artists and leave comments and likes. 
 Want to know what fans from other countriesregions are saying? Use the auto-translation feature to overcome the language barrier! Posts and comments by artists can also be auto-translated into the selected language.

 Communicate in Real-Time on Weverse LIVE
 Watch the artists stream in real-time on Weverse LIVE!
 Send chat messages and hearts in real-time on your favorite artists streams! 

 Share your music and connect  Listening Party
 Connect your streaming service to Weverse, listen to music together, and communicate in real-time with the Listening Party.
 From artist official to fan-hosted parties, enjoy shared experiences through music.

 Get Closer to Your Favorite Artists on Weverse DM
 Subscribe to Weverse DM, where you can talk directly with artists! 
 Use Jelly, a digital currency you can purchase on Weverse, to subscribe.

 Shop on Weverse
 Head to the Shop tab to purchase official merch and albums, check your order history, and get real-time notifications more conveniently!

 Tell Them How You Really Feel with Fan Letters
 Write and decorate fan letters to send your love and support to your favorite artists on Weverse.
 Unleash your creativity and try out various templates and decoration features offered by the fan letter editor.

 Archive Your Fan Activities with Collection
 Earn badges and Collectibles through your fan activities.
 Complete specific missions to get badges and Collectibles. Collectibles are digital items that can range from digital images to videos.
 View your badges and Collectibles at a glance for each community you joined in My Collection.

 Track Your Community Milestones with Collection
 Find out the badges youve earned for your community activities and the badges you can earn in Collection. 
 You can earn badges by completing missions. The missions and badges available for each community will be different.

 Diverse and Exclusive Media Content
 Everything from official content to Weverse-exclusive media content!
 Watch a wide range of media content on Weverse with subtitles!

 Official Membership-Only Content and Benefits
 Enjoy the exclusive content and benefits only available for official membership holders!


Service Access Permission Details
* Required Access
- Device and app activities: For checking app errors and improving usability
- Device ID: For identifying devices

* Optional Access
- Camera: For writing posts, scanning images, and recording video content
- MicrophoneNearby Devices: For recording video and audio content (nearby devices: Android 12 or later)
- PhotosMediaFiles: For writing posts and downloading media
- Location: For using Weverse Queues and purchasing certain products
- Notification: For receiving notifications on content, notices, and more (Android 13 or later)

* You can use the service even if you do not agree to the optional access permissions. However, some features may be restricted if you do not agree.  


Get Closer with Weverse
- X: @weverseofficial
- Instagram: @weverseofficial
- YouTube: @weverse
- TikTok: @weverseofficial


Subscriptions on Weverse
 Weverse offers two monthly subscription services: BTS behind and TXT behind.
BTS behind monthly subscription: KRW 3,900 (Based on the KRW price, VAT included)
TXT behind monthly subscription: KRW 3,900 (Based on the KRW price, VAT included)

Terms of Use: https:weverse.iopoliciesterms
Privacy Policy: https:weverse.iopoliciesprivacy
Inquiry: support@weverse.io
Customer Service: 1544-0790 (Available only in South Korea)",co.benx.weverse,social media,organic,2025-11-07 09:35:39
Roblox,Roblox Corporation,4.4,"1,000,000,000+",1000000000,Adventure,"ROBLOX  PLAY, CREATE, AND EXPLORE MILLIONS OF EXPERIENCES

Theres something for everyone on Roblox. Whether youre looking to explore, create, roleplay, compete, or hang out with friends, theres an endless amount of immersive experiences for you to discover. And even more are being made every day, all from a growing community of creators around the world.

Already have a Roblox account? Log in with your existing account and start exploring some of the most popular experiences from the Roblox community today, including Grow a Garden, Adopt Me!, Dress to Impress, SpongeBob Tower Defense, Brookhaven RP, How to Train Your Dragon, and more.

WHAT YOU CAN DO ON ROBLOX

DISCOVER ENDLESS EXPERIENCES
- Dive into adventures, role-playing games, simulators, obstacle courses, and more
- Explore trending experiences and fun, new games daily
- Compete in multiplayer battles, run your own business, or embark on epic quests  

CREATE YOUR OWN AVATAR
- Customize your avatar with your favorite clothing, accessories, and hairstyles
- Discover thousands of user-created avatar items in the Marketplace
- Express yourself with unique animations and emotes

EXPLORE TOGETHERANYTIME, ANYWHERE
- Play on mobile, tablet, PC, console, and VR headsets  
- Hang out and play with friends in multiplayer games across any device  

CHAT AND PLAY WITH PEOPLE YOU KNOW
- Join a Party and jump into experiences together  
- 13+ users can also chat via voice or text  

CREATE, BUILD, AND SHARE
- Design games and virtual spaces using Roblox Studio on Windows or Mac  
- Publish and share your experiences with millions of players  

INDUSTRY-LEADING SAFETY AND CIVILITY  
- Advanced content filtering and moderation  
- Parental controls and account restrictions for younger players  
- Clear community guidelines promoting respectful interactions  
- Dedicated trust & safety teams working around the clock 

WHY MILLIONS PLAY AND CREATE ON ROBLOX
- Immersive 3D multiplayer games and experiences  
- Safe, inclusive environments for everyone 
- A platform empowering anyone to become a creator  
- New content added daily by a global community

CREATE YOUR OWN EXPERIENCES: https:www.roblox.comdevelop  
SUPPORT: https:en.help.roblox.comhcen-us  
CONTACT: https:corp.roblox.comcontact  
PRIVACY POLICY: https:www.roblox.cominfoprivacy  
PARENTS GUIDE: https:corp.roblox.comparents  
TERMS OF USE: https:en.help.roblox.comhcen-usarticles115004647846  

PLEASE NOTE: A network connection is required. Roblox works best over Wi-Fi.",com.roblox.client,games,organic,2025-11-07 09:35:41
Google Play Games,Google LLC,4.0,"5,000,000,000+",5000000000,Entertainment,"Games are more fun with the Google Play Games app. Well help you find your next favorite game  from action to puzzles. And with Instant play, many games require no installation. Really. Save your progress and track your achievements as you level up. Plus, you can pick up where you left off from any device.

KEY FEATURES
 Instant play: Theres no installation needed  look for the Instant play button to instantly play full games.
 Built-in Google games: Play Solitaire, Minesweeper, Snake, PAC-MAN, Cricket, and Whirlybird  even when youre offline.
 Save your progress: Your progress is automatically saved to the cloud when you see Progress saved by Play Games.
 Gamer profile: Create a custom gamer ID, unlock achievements, earn XP, and level up.
 Gameplay recording: Easily record and share your best gameplay moments.",com.google.android.play.games,games,organic,2025-11-07 09:35:41
Free Fire,Garena International I,4.3,"1,000,000,000+",1000000000,Action,"Welcome to Flame Arena, where thrilling survival challenges await. As the fires of battle ignite once more, will your squad outlast the rest and claim the trophy of glory?

Flame Arena
Each team enters with a banner. Fallen teams see their banners reduced to ashes, while victors keep theirs flying high. Stay alert as the exclusive arena commentary delivers real-time callouts on eliminations and special events.

Flame Zone
As the match heats up, the Safe Zone transforms into a blazing ring of fire, with a fiery trophy burning bright in the sky. Special flame weapons will drop during battles. They come with boosted stats and fiery area damage, making them true game changers in the Flame Arena.

Player Card
Every fight matters. Your performance builds your Player Value. During the Flame Arena event, create your own player card, unlock vibrant designs, and make sure your name is remembered.

Free Fire is a world-famous survival shooter game available on mobile. Each 10-minute game places you on a remote island where you are pit against 49 other players, all seeking survival. Players freely choose their starting point with their parachute, and aim to stay in the safe zone for as long as possible. Drive vehicles to explore the vast map, hide in the wild, or become invisible by proning under grass or rifts. Ambush, snipe, survive, there is only one goal: to survive and answer the call of duty.

Free Fire, Battle In Style!

Survival shooter in its original form
Search for weapons, stay in the play zone, loot your enemies and become the last man standing. Along the way, go for legendary airdrops while avoiding airstrikes to gain that little edge against other players.

10 minutes, 50 players, epic survival goodness awaits
Fast and Lite gameplay - Within 10 minutes, a new survivor will emerge. Will you go beyond the call of duty and be the one under the shining lite?

4-man squad, with in-game voice chat
Create squads of up to 4 players and establish communication with your squad at the very first moment. Answer the call of duty and lead your friends to victory and be the last team standing at the apex.

Clash Squad
A fast paced 4v4 game mode! Manage your economy, purchase weapons, and defeat the enemy squad!

Realistic and smooth graphics
Easy to use controls and smooth graphics promises the optimum survival experience you will find on mobile to help you immortalize your name among the legends. 

Contact us
Customer Service: https:ffsupport.garena.comhcen-us",com.dts.freefireth,games,organic,2025-11-07 09:35:41
Offline Games - No Wifi Games,JindoBlu,4.6,"100,000,000+",100000000,Casual,"Get ready for Offline Games: fun for all ages, and a mental workout too! This offline game collection is like an overflowing toy box packed with more than 20 unique minigames. Its designed for classic game enthusiasts, puzzle lovers, and challenge seekers. And the best part? You dont need an internet connection to enjoy it!

Our array of Number Games like 2048 and 2248 will get your neurons firing. Engage in these numeric challenges and strive to hit the highest scores. Theyre perfect for keeping your mind sharp, and theyre addictive, too! Youll find yourself coming back to beat your own scores time and again.
Word Games are a great way to expand your vocabulary and language skills. With word guess and word finder, youll embark on an adventure through a maze of letters, uncovering hidden words, and building your own word lists. Its a fun way to learn new words, and the challenge will keep you hooked for hours.

Feel the adrenaline rush with our Thrilling Challenges. Step into the mind-bending world of Minesweeper, where every click could be your last. Or play Hangman, where youll rack your brains to guess the right letters before time runs out.

Weve brought back some of your favorite Classic Memory Games. Engage your brain in our sound memory game, a modern twist on the classic Simon Says. For a bit of nostalgia, weve also included the much-loved game of Snake.

For the serious strategists and thinkers out there, our Mind Benders section is perfect. Chess and Chess puzzles will provide a mental workout and fun brain training. Hone your strategic skills, and take on the challenge to become the grandmaster.

Our Two-Player Games offer the perfect opportunity for a friendly showdown. Go head-to-head with AI in games like Checkers, Pool, or Tic Tac Toe, even when youre in airplane mode. Its fun gaming action whenever you want, wherever you are! See if your friends can do better!

Our collection includes brain-stimulating games like Tap Match, Solitaire, Sudoku, Wood Blocks, 4 in a row, and the Sliding Puzzle in our Keep Them Thinking section. These games are designed to keep your mind sharp and focused, and theyre also a lot of fun.

Ever wanted to try your hand at an exotic game? Now you can, right from your device, with Mancala in our Exotic Games section.

Offline Games is a fantastic app for all ages - kids, teens, adults, and even seniors. It offers a fun, engaging, and stimulating gaming experience without the need for an internet connection. Whether youre on a long journey, stuck at home, or in the middle of a flight, youre never far from the action with Offline Games. Its the perfect app to challenge yourself, pass the time, and have loads of fun.

Remember, with Offline Games, you dont need an internet connection to play. You can enjoy your favorite games anytime, anywhere. Say goodbye to those dull moments and welcome endless entertainment with Offline Games. Who knew having fun could be this easy? Jump in and start playing today!",com.JindoBlu.OfflineGames,games,organic,2025-11-07 09:35:41
Plants vs. Zombies,ELECTRONIC ARTS,3.9,"500,000,000+",500000000,Strategy,"Get ready to soil your plants as a mob of fun-loving zombies is about to invade your home. Use your arsenal of 49 zombie-zapping plants  peashooters, wall-nuts, cherry bombs and more  to mulchify 26 types of zombies before they break down your door. 

This app offers in-app purchases. You may disable in-app purchasing using your device settings

WINNER OF OVER 30 GAME OF THE YEAR AWARDS*

50 FUN-DEAD LEVELS
Conquer all 50 levels of Adventure mode  through day, night, fog, in a swimming pool, on the rooftop and more. Plus fend off a continual wave of zombies as long as you can with Survival mode!

NOT GARDEN-VARIETY GHOULS
Battle zombie pole-vaulters, snorkelers, bucketheads and 26 more fun-dead zombies. Each has its own special skills, so youll need to think fast and plant faster to combat them all.
Requires acceptance of EAs Privacy & Cookie Policy and User Agreement.

SMARTER THAN YOUR AVERAGE ZOMBIE
Be careful how you use your limited supply of greens and seeds. Zombies love brains so much theyll jump, run, dance, swim and even eat plants to get into your house. Open the Almanac to learn more about all the zombies and plants to help plan your strategy. 

FIGHT LONGER, GET STRONGER
Earn 49 powerful perennials as you progress and collect coins to buy a pet snail, power-ups and more.

GROW WITH YOUR GAME
Show off your zombie-zapping prowess by earning 46 awesome achievements and show off your zombie-zapping prowess.

COIN PACKS
Need coins for great new stuff? Buy up to 600,000 coins right from the Main Menu.

*Original MacPC downloadable game.

Be the first to know! Get inside EA info on great deals, plus the latest game updates, tips & more
VISIT US: eamobile.com 
FOLLOW US: twitter.comeamobile
LIKE US: facebook.comeamobile
WATCH US: youtube.comeamobilegames

User Agreement: terms.ea.com
Visit https:help.ea.com for assistance or inquiries.

EA may retire online features and services after 30 days notice posted on www.ea.com1service-updates.

Important Consumer Information. This app contains direct links to the Internet

Requires acceptance of EAs Privacy & Cookie Policy and User Agreement",com.ea.game.pvzfree_row,games,organic,2025-11-07 09:35:41
Subway Surfers,SYBO Games,4.6,"1,000,000,000+",1000000000,Arcade,"DASH as fast as you can! 
DODGE the oncoming trains! 

Help Jake, Tricky & Fresh escape from the grumpy Guard and his dog. 

 Grind trains with your cool crew! 
 Colorful and vivid HD graphics! 
 Hoverboard Surfing! 
 Paint powered jetpack! 
 Lightning fast swipe acrobatics! 
 Challenge and help your friends! 

Join the most daring chase! 

A Universal App with HD optimized graphics.

Originally co-developed by SYBO and Kiloo.",com.kiloo.subwaysurf,games,organic,2025-11-07 09:35:41
Candy Crush Saga,King,4.6,"1,000,000,000+",1000000000,Casual,"Explore a world full of delicious match-3 puzzles and endless fun! Blast through thousands of challenging levels in this timeless puzzle game from King. Match candies, conquer jelly, toffees, and jam, and uncover sweet surprises in every puzzle.

Classic Match-3 Gameplay with Fresh Twists

- Discover unique game modes like Gummy Dragons and Bubblegum Pop. 
- Match and blast your way through matching levels full of sugar-coated fun.
- Master tricky puzzles and create explosive combos to clear the board!

Brain-Boosting Challenges & Special Events

- Daily Rewards: Log in every day to claim free boosters and extra lives.
- Time-Limited Events: Compete in themed challenges and win exclusive prizes.
- Tournaments & Leaderboards: Crush more candies than your friends and rise to the top to become the ultimate match-3 master!

Bonbon Blitz Your Way Through Extra Sticky Levels

- Use powerful boosters like Bonbon Blitz, Lollipop Hammer, and Jelly Fish to solve puzzles and boost your score.
- Stuck on a level? Boosters and extra moves will help you blast through any obstacle.

Play Offline or Online, Anytime and Anywhere

- No internet, no problem: Enjoy offline gameplay and keep the fun going wherever you are.
- Ad-free fun means uninterrupted candy-matching bliss!

Connect with Friends & Join the Candy Kingdom

- Share lives, compare scores, and see whos the match-3 master in your friends circle.
- Connect your game to Facebook to sync progress, compete with friends, and unlock exclusive rewards!

Discover more from King

Looking for more brain-teasing fun? Try Candy Crush Soda Saga or Farm Heroes Saga for fresh twists on classic match-3 puzzles. Or dive into sweet solitaire action with the new Candy Crush Solitaire!

Candy Crush Saga is free to play, but optional in-game items require payment. You can turn off the payment feature in your devices settings.",com.king.candycrushsaga,games,organic,2025-11-07 09:35:41
Block Blast!,HungryStudio,4.8,"500,000,000+",500000000,Puzzle,"Enter the world of Block Blast, a fun and free block puzzle game where every move challenges your brain and strategy, rewarding you with satisfying crush effects as you blast cubes away. Whether youre seeking offline relaxation or looking to enhance your logic skills, Block Blast delivers an engaging puzzle experience.

 Why Youll Love Block Blast
 Vibrant Puzzle Adventure: Match colorful blocks on an 8x8 board, solve logic puzzles, and watch the cubes crush in a cascade of color.
 Strategic Combos & Streaks: 
Use your brain to clear multiple lines of blocks in one move for powerful combos. Maintain your streaks to achieve massive scores!
 Casual Yet Challenging: Play at your own pace, relax your brain, or apply deep logic strategies to beat your highest score.
 Offline Fun, No WiFi Needed: Enjoy free block puzzle game anytime and anywhere, perfect for endless fun on-the-go.

 Features of Block Blast
 Puzzle Gameplay: Strategically place blocks and cubes, match colors, and solve each challenging level.
 Adventure Mode: Take on progressively challenging puzzles, each level with unique theme jigsaw and visual styles.
 Daily Challenges: Keep your brain sharp with daily logic puzzles and earn exclusive achievements.
 Optimized for All Devices: Smooth, seamless gameplay experience with minimal memory usageperfect for phones and tablets.

 How to Play
 Drag & Match: Strategically place cubes on the 8x8 board.
 Crush & Score: Complete rows or columns to crush blocks away and earn points.
 Chase Combos: Plan your moves and trigger massive combos for bonus points.
 Stay Strategic: Apply logic and strategy to prevent your board from filling up.

 Pro Tips for Puzzle Masters
 Plan Ahead: Visualize your moves to keep the board open for larger cubes.
 Maximize Combos: Match multiple rows and blocks simultaneously to boost your combos.
 Master the Streak: Consistent clears will maintain your fun streaks and enhance your score rewards.

 Jump into the Free Block Puzzle Game!
Ready to test your brain, sharpen your logic, and enjoy hours of offline puzzle fun? Download Block Blast now and embark on an unforgettable block puzzle adventure.",com.block.juggle,games,organic,2025-11-07 09:35:41
"Minecraft: Dream it, Build it!",Mojang,4.4,"50,000,000+",50000000,Arcade,"Dive into an open world of 3D building, crafting and survival in the ultimate sandbox block builder. Gather resources, survive the night, and build an epic adventure one block at a time. Explore and craft your way through a completely open world where you can play with friends, build a block city, start a farm, mine deep into the ground, face mysterious enemies, or just experiment to the limits of your imagination with our building games!



Make a house, build cities, or start a farm. Make your imagination come to life as you create a world with other block builders - the possibilities are endless. Adventure through your own online game or play with friends. Multi craft and start building from the ground up. Build and expand in Creative mode, where you can build blocks with unlimited resources. Survive the night, face intense battles, craft tools, and fend off danger in Survival mode. With seamless cross-platform and multiplayer gameplay on Minecraft: Bedrock Edition, you can adventure solo or with friends, and discover an infinite, randomly generated world filled with blocks to mine, biomes to explore, and mobs to befriend (or battle)!



In Minecraft, the world is yours to shape!



CREATE A NEW WORLD WITH 3D BUILDING

 Make a house or build an entire world from the ground up with 3D building

 Building game for kids, adults, or anyone

 Craft and build from special resources and tools to create brand new structures and landscapes

 Block builders can explore an endless open world full of different biomes and creatures

 Minecraft Marketplace  Get creator-made add-ons, thrilling worlds, and stylish cosmetics on Minecraft Marketplace

 Building games with Minecraft allow you to connect online with millions of players on community servers, or subscribe to Realms Plus to cross-play with up to 10 friends on your own private server

 Slash commands  Tweak how the game plays: you can change the weather, summon mobs, change the time of day for your building game, and more

 Add-ons  Block builders can customize their experience even further with add-ons as they build up! If youre more tech-inclined, you can modify your game to create new resource packs



MULTIPLAYER ONLINE BUILDING BLOCK GAMES

 Join free massive multiplayer servers and play with thousands of other block builders

 Multiplayer servers allow you to play with up to 4 players online with a free Xbox Live account

 Build blocks up, battle and explore other realms. With Realms and Realms Plus, you can play with up to 10 friends cross-platform, anytime, anywhere on Realms, your own private server that we host for you

 With Realms Plus, get instant access to over 150 Marketplace items with new additions each month. Share with friends on your own private Realms server*

 MMO servers allow you to connect and play with players across the world, to explore custom worlds, build with friends, and participate in large-scale events

 Enjoy crafting buildings, building gigantic community-run worlds, competing in unique mini-games, and socializing in lobbies full of fellow Minecraft block builders



SUPPORT: https:www.minecraft.nethelp



LEARN MORE: https:www.minecraft.net



MINIMUM RECOMMENDED SPECIFICATION



To check the requirements for your device visit: https:help.minecraft.nethcen-usarticles4409172223501



*Realms & Realms Plus: Try a free 30-day trial in-app.",com.mojang.minecraftpe,games,organic,2025-11-07 09:35:41
Coloring Games: Color & Paint,RV AppStudios,4.4,"100,000,000+",100000000,Educational,"Kids love fun coloring games, and this Coloring Game is one of the best free coloring book and painting apps for children!

Coloring Games is filled with fun, colorful, and creative drawing and painting tools that help kids of all ages enjoy creating art on your mobile device. There are multiple modes the whole family can enjoy, including paint by numbers, color by numbers, doodling modes, and free coloring books of all types. Whether your kid is a toddler or a preschooler, theyre bound to have fun with this free coloring game!

Coloring Games was built specifically for children. It has an easy to understand interface kids as young as one year old can use. Theyll have fun using the drawing, painting, and learning games at their disposal, while parents can watch the looks of joy on their faces as they color in the pages with a wide variety of paints.

There are a ton of coloring mini-games to play in Coloring Games, including:

1. Fun Paint - Tap to fill in the blank coloring book pages with a dozen bright and fun colors!

2. Color Fill - Use a wider variety of colors and options to paint the pictures, including stickers, glitter, crayons, and cute patterns.

3. Drawing - Draw on a blank slate with a full palette of colors ready to go.

4. Glow Pen - Paint with neon colors on a dark background. A fun way to create unique artwork!

5. Number Paint - Color-by-numbers to fill in an amazing picture, one paint shade at a time!

Coloring Games comes with a number of features that help adults monitor their childs progress. You can easily add profiles for each child, customize settings to make color activities easier or harder and more. Best of all, the coloring game is completely FREE to play. There are no ads, no in-app purchases, and no paywalls to fight with, just tons of safe, educational fun for kids.

Preschoolers, toddlers, families, and boys and girls of all ages will love the simple but engaging fun of Coloring Games. Its easy to start coloring with just a few taps on the screen, and maybe your child will create a miniature masterpiece!

Note to parents:
When creating this game, our goal was to craft a unique and fun experience perfectly designed for children. Were parents ourselves, and we know how ads and paywalls can get in the way of families enjoying playtime together.

Coloring Games is completely free. You wont find any in-app purchases or third party advertisements, just a great coloring book app you can play with your children. We dont want our kids consuming hundreds of ads while they learn, and we think other parents agree with that, as well!

Thank you for taking the time to experience fun learning and coloring apps with your children. Spread the word so more parents can share wholesome entertainment with their families, too!

Best wishes from the parents at RV AppStudios",com.rvappstudios.kids.coloring.book.color.painting,games,organic,2025-11-07 09:35:41
Mob Control,VOODOO,4.2,"100,000,000+",100000000,Arcade,"Lead, Multiply, and Conquer! Mob Control delivers thrilling tower defense action where you grow your mob, deploy powerful champions, and crush enemy bases. Unlock collectible cards, conquer exciting modes, and climb the Champions League. Face new challenges, earn rewards, and discover fresh content as you rise to tower defense supremacy!

 Unleash Your Inner Commander in Mob Control: The Ultimate Tower Defense Clash! 

 Defend, Conquer, and Rise to Victory in this Epic Tower Defense Showdown! 

Are you ready to become the ultimate champion in the world of tower defense battles? Mob Control brings you an unparalleled strategy and action-packed experience that will test your skills, wit, and tactical prowess. With oddly satisfying gameplay and a wide array of features, Mob Control is your gateway to tower defense supremacy.

Oddly Satisfying Gameplay: Create, Grow, and Lead!

Experience the strangely satisfying thrill of watching your mob multiply as you aim and shoot at the gates. Witness your army grow to massive proportions!
Strategically deploy your mighty Champions to break through enemy mobs and reach their bases. Choose the best combo for victory!
Explore intriguing level elements like speed boosts, multipliers, moving gates, and more, adding depth and challenge to your gameplay.

Become an Immortal Player: Rise Through the Ranks!

Earn Championship Stars by emerging victorious in battles, fortifying your bases, and dominating tournaments. Show the world your tower defense prowess!

Climb the prestigious Champions League using your hard-earned Championship Stars and become an immortal player, joining the elite few who have conquered this tower defense realm.

Fortify Your Base: Shield Your Dominion!

Secure your base from enemy raids by winning battles and earning valuable shields. Protect your hard-earned resources and maintain your tower defense dominance.

Unlock and Upgrade Cards: Collect, Evolve, and Dominate!

Win battles to unlock booster packs of varying rarities and enhance your card collection. Collectible cards hold the power to elevate your tower defense strategy to new heights.

Unlock all the Cannons, Mobs and Champions in the armory and discover their amazing evolutions as you level them up.

Diverse Game Modes: Challenge and Conquer!

Engage in thrilling game modes that keep the action fresh:
Base Invasion: Raid enemy strongholds, pilfer coins, and claim bricks from rival players. Plunder and dominate!

Revenge and Counter-Attack: Turn the tables on attackers and seek retribution against those who challenge your tower defense might.

Boss Levels: Test your tower defense mettle in unique level layouts, earning extra bonuses as you conquer the most challenging adversaries.

Season Pass: A Constant Stream of Fresh Content!

Dive into ever-evolving content with our monthly Season Pass.
Complete quests, advance tiers, and unlock new heroes, cannons and skins

Always Improving: Join the Evolution!

Our dedicated team is committed to delivering fresh mechanics and content every month. Stay connected and share your ideas via Settings  Discord, actively contributing to the evolution of Mob Control.

A Premium Experience: Your Choice to Play Ad-Free!

Mob Control is free to download and utilizes ads to support ongoing development. Opt for the Premium Pass or a permanent no-ads package to enjoy uninterrupted tower defense action.
Speed up your progress and reap extra rewards without watching ads, thanks to SkipIts.

Support and Privacy: Your Satisfaction Matters! Connect with us in-game via Settings  Help and Support whenever you need assistance or have questions. Your privacy is crucial to us. Review our comprehensive privacy policy at https:www.voodoo.ioprivacy

Join the tower defense clash like never before with Mob Control! Rally your army, harness the power of collectible cards, and become the tower defense champion you were born to be. Download now and embark on your journey to tower defense glory!",com.vincentb.MobControl,games,organic,2025-11-07 09:35:41
Candy Crush Soda Saga,King,4.6,"500,000,000+",500000000,Casual,"Dive into the fizziest match-3 puzzle adventure with Candy Crush Soda Saga by King! Splash into over 15,000 mouth-watering levels bursting with bubbly fun. Enjoy a refreshingly sweet journey thats completely ad-free, both online and offline!

Match, pop, and fizz your way through irresistible game modes:

- Free the Soda Bears stuck in sticky frosting or delicious honeycomb!
- Spread the Jam by matching candies strategically across the board.
- Pop Soda Bottles to flood the board with fizzy excitement.
- Conquer deliciously tricky obstacles like jelly and bubblegum to keep the fun flowing.

Fizz-tastic Events & Bubbling Tournaments:

- Candy Hunt: Join tasty themed events and race against others to collect special sweets.
- Weekly Contest: Show off your skills by matching more candies than your friends. - Top the leaderboard every week for scrumptious prizes!
- Soda Cup: Compete in this prestigious match-3 showdown to win heaps of sparkling Gold Bars.
- Climb the leaderboards, earn fantastic rewards, and prove youre the ultimate Soda champion!

Bubbly Boosters & Delightful Features:

- Sweet Boosters: Power up your play with legendary boosters like the Color Bomb and the delicious Lollipop Hammer! Stuck on a tricky puzzle? Boosters have your back!
- Daily Surprises: Log in daily to grab tasty rewards, including free boosters and extra lives.
- Fun With Friends: Share lives, challenge your pals, climb the leaderboards, and see whos truly the fizz-tastic master of match-3 puzzles!
- Play Anytime, Anywhere: Online or offline, dive into uninterrupted puzzle-solving without any ads to slow your fizz.

Whether youre unwinding after a long day or craving a fresh twist on your favorite puzzle game, Candy Crush Soda Saga serves up endless fizzy fun and sweet excitement. 

Note: Candy Crush Soda Saga is free to play, but optional in-game items such as extra moves or lives require payment.
By downloading Candy Crush Soda Saga, you agree to our terms of service, which can be found at https:king.comtermsAndConditions.

Do Not Sell My Data: King shares your personal information with advertising partners to personalize ads. Learn more at https:king.comprivacyPolicy. If you wish to exercise your Do Not Sell My Data rights, you can do so via the in-game help center or by visiting https:soporto.king.comcontact.",com.king.candycrushsodasaga,games,organic,2025-11-07 09:35:41
Call of Duty: Mobile,"Activision Publishing, Inc.",4.3,"100,000,000+",100000000,Action,"CALL OF DUTY like never before, bringing fast-paced FPS action to your fingertips.

Jump into intense Multiplayer battles with classic modes like Team Deathmatch, Domination, and Kill Confirmed on legendary maps such as Shipment, Raid, and Standoff. Prefer Battle Royale? Squad up and conquer with dynamic modes like Tank Isolated and Training Ground, set in an iconic battlefield.

Battle Royale chaos awaits! Explore all 5 POIs, fight to survive, and claim victory. Or, team up with friends for action-packed Multiplayer matches on fan-favorite maps like Nuketown.

Join millions of players and dominate the battlefield in CALL OF DUTY: MOBILEthe ultimate free-to-play FPS experience. Whether its fast 5v5 team deathmatches, epic Zombies mode, or all-out Battle Royale warfare, the action never stops.

Lock and loadyour next mission starts now!

DOWNLOAD FOR FREE TODAY
CALL OF DUTY: MOBILE boasts console quality HD gaming on your phone with customizable and intuitive controls, voice and text chat with your friends, and thrilling 3D graphics and sound. Enjoy controller games? We got you! Experience this iconic FPS franchise, on the go. Play this FPS gun game anywhere. Every mission feels like a high-stakes delta operation, pushing your shooting skills to the limit.

NEW SEASONAL CONTENT UPDATED MONTHLY
CALL OF DUTY: MOBILE has a variety of FPS game modes, maps, themed events, and rewards so it never gets old. Every season expands upon the story in the CALL OF DUTY universe and brings new & unique unlockable content. Jump into battle royale today!

CUSTOMIZE YOUR UNIQUE LOADOUT
Unlock and earn dozens of iconic operators, weapons, outfits, score streaks, and new pieces of gear, allowing you to play CALL OF DUTY: MOBILE your way.

COMPETITIVE AND SOCIAL PLAY
Fan of war multiplayer games? Gather your friends and test your mettle in competitive ranked mode or sharpen your aim in social play. Join a clan for a sense of community and earn unique rewards for participating in Clan Wars. With every encounter, experience the sheer force of this legendary FPS shooter game.

DOWNLOAD OPTIONS TO REDUCE APP SIZE
Download and play CALL OF DUTY: MOBILE without the barrier of storage space. As part of an effort to make CALL OF DUTY: MOBILE more accessible, the initial app download size has been reduced and additional options allow players to choose what is downloaded to experience the full game, such as HD resources, maps, weapons, and operators.

Have what it takes to compete with the best? Download CALL OF DUTY: MOBILE now!
_________________________________________________________
NOTE: We welcome any feedback during your experience to improve the game. To give feedback, in-game go to  Settings  Feedback  Contact Us.
Subscribe for Updates! --- profile.callofduty.comcodregisterMobileGame
_________________________________________________________
Note: An internet connection is required to play this game.

Please note this app contains social features that allow you to connect and play with friends and push notifications to inform you when exciting events or new content are taking place in the game. You can choose whether or not to utilize these features.

 2025 Activision Publishing, Inc. ACTIVISION, and CALL OF DUTY are trademarks of Activision Publishing, Inc. All other trademarks and trade names are the property of their respective owners. By downloading, installing or using this App, you agree to Activisions privacy policy and terms of use, as may be updated by Activision from time to time. Please visit http:www.activision.comprivacyenprivacy.html to view Activisions privacy policy and https:www.activision.comlegalterms-of-use to view Activisions terms of use.",com.activision.callofduty.shooter,games,organic,2025-11-07 09:35:41
2 Player games : the Challenge,JindoBlu,4.7,"100,000,000+",100000000,Arcade,"If you want to play with your friend on the same device, this is the right game!
But also if you have no friends to have fun in multiplayer on one device, just play alone against the AI!
Challenge your friend with this collection of 2 player games and enjoy the beautiful graphics of the minigames!

Choose between one of the 2 player games ( and remember that you can also play alone against the AI if you have no possibility to multiplayer):

Ping Pong :
Move the racket with your finger and challenge your friends!

Spinner war :
Push your opponent outside the stage! Two players on a small area are too much!

Air hockey :
Use your finger to move the paddle and score letting the puck entering in your friends goal!

Snakes :
Dont touch your opponents body and stay alive!

Pool :
The classic pool game for 2 player on one device!
 
Tic tac toe :
Instead of using pen and paper just open the app and challenge your friend on the same device! A two player classic!

Penalty kicks :
Let the goalkeeper dive and kick the soccer ball to make goal! 

Sumo :
The multiplayer version of a famous Japanese sport!

And much more! (Like minigolf, racing cars, sword duels, chess...)

This collection of 2 player games features beautiful minimal graphics to keep your focused on the duel with your opponent and it saves scores between matches, this way you can dispute a 2 player cup and let the challenge go on between minigames!
Unleash the power of local multiplayer on one device  one phone  one tablet, and bring the fun to the party!
Disclaimer: this multiplayer game can ruin friendships!",com.JindoBlu.TwoPlayerGamesChallenge,games,organic,2025-11-07 09:35:41
Magic Tiles 3 - Piano Game,AMANOTES PTE. LTD.,4.6,"500,000,000+",500000000,Music,"Magic Tiles 3  The Ultimate Piano Game & Music Game Experience! 

Dive into Magic Tiles 3, the definitive piano game loved by millions, best music game all the time. Magic Tiles 3 blends rhythmic gameplay, vibrant visuals, and a massive library of official and licensed music. Prepare to unleash your inner pianist in this addictive song game!

Tap Piano Tiles, Feel the Music!

Magic Tiles 3 is an intuitive yet challenging piano game. Tap the black piano tiles as they cascade down, matching the beat of the game songs. Miss a tile, and the music stops. Hit every note perfectly to create beautiful melodies, experiencing the magic of piano playing. This engaging mechanic makes Magic Tiles 3 one of the most rewarding music games. Its about feeling the rhythm in this top-tier song game.

Unbeatable Library of Official and Licensed Music!

Magic Tiles 3 stands out with its huge, growing library of 45,000+ game songs. We feature official and licensed music from chart-toppers across Pop, EDM, Disco, Violin, and Hip-Hop. Theres a song game experience for every taste. New hits and classics are added frequently, ensuring this premier piano game stays fresh. You wont find such a diverse, quality collection of official and licensed music in many other music games.

Why Magic Tiles 3 is the Piano Game You Need:

- Massive Song Catalogue: Enjoy 45,000+ game songs! Featuring official and licensed music, Magic Tiles 3 offers endless musical fun.
- Authentic Piano Game Feel: Designed for piano lovers and rhythm gamers, the piano tiles gameplay provides a uniquely satisfying piano game experience. Feel the music under your fingertips.
- Multiple Difficulty Levels: From casual play to hardcore challenges, Magic Tiles 3 adapts. Master easy tunes or conquer the fastest piano tiles tracks. Push your skills in this dynamic music game.
- Thrilling Multiple Player Battle Mode: Dont just play alone! Engage in real-time multiple-player competitions. Challenge friends or global players in the intense battle mode. Prove your rhythm skills in this exciting multiple-player arena, a key feature differentiating this piano game.
- Play Anywhere - Game Offline Mode: No internet? No problem! Magic Tiles 3 includes a fantastic Game Offline mode. Enjoy your favorite game songs and practice piano tiles anywhere. This reliable Game Offline feature means the music never has to stop, perfect for commutes or travel.
- Game Free Access: Start playing now! Magic Tiles 3 is a Game Free to download and play. Access a vast selection of game songs and core piano game features without initial cost. Enjoy hours of entertainment in this superb Game Free music game. (Optional purchases available).
- Fun for All Ages - Great Game for Kids: With intuitive controls and diverse music, Magic Tiles 3 is a fantastic Game for kids and adults. Its a family-friendly music game promoting rhythm and fun. If you need a safe, engaging Game for kid, this is an excellent choice.
- Rewards & Customization: Keep playing this engaging song game to unlock gifts, new game songs, and challenges. Personalize your piano game journey.
- Stunning Visuals & Smooth Play: Immerse yourself in a beautiful music game with vibrant graphics and flawless performance, enhancing your connection to the official and licensed music. It truly feels like the best music game all the time.

Join the Global Magic Tiles 3 Community!

Be part of the massive Magic Tiles 3 player base. Share scores, challenge friends in multiple player battle mode, and celebrate music. See why its ranked among the top music games.

Need Help?
Email: magictiles3.support@amanotes.com
Or use Settings  FAQ & Support in the piano game.

Legal:
Terms of Use: amanotes.comterms-and-conditions
Privacy Policy: amanotes.comprivacy-policy

Download Magic Tiles 3 Now - Its Game Free!
Tap the piano tiles, master incredible game songs using official and licensed music, compete in battle mode, enjoy Game Offline.",com.youmusic.magictiles,games,organic,2025-11-07 09:35:41
Hole.io,VOODOO,3.0,"100,000,000+",100000000,Arcade,"Hole.io  Swallow Everything & Dominate the City!

Enter the ultimate black hole battle and compete to become the biggest hole in town! Move your hungry black hole, swallow buildings, cars, and even opponents to grow bigger before time runs out. The more you absorb, the stronger you become. Can you outsize the competition and take over the arena?

Key Features:
- Addictive black hole gameplay  Swallow objects and expand
- Real-time multiplayer battles  Compete against other players
- Time-based challenges  Grow fast before the clock runs out
- Custom skins  Choose your favorite black hole design

Download Hole.io now and prove youre the ultimate hole master in this fast-paced, city-eating battle!",io.voodoo.holeio,games,organic,2025-11-07 09:35:41
Angry Birds 2,Rovio Entertainment Oy,4.1,"100,000,000+",100000000,Casual,"Join hundreds of millions of players for FREE and start the fun slingshot adventure now! Team up with your friends, climb the leaderboards, gather in clans, collect hats, take on challenges, and play fun events in all-new game modes. Evolve your team and show your skills in this exciting Angry Birds game !

Get to know all of the iconic Angry Birds characters and experience the fun gameplay that has captured the hearts of millions of players.

Features:

 DAILY CHALLENGES. Have a minute? Complete a daily challenge and earn some quick rewards.
 LEVEL UP your characters with feathers and up their scoring power. Build the ultimate flock!
 JOIN A CLAN to take down the pigs with friends and players around the world.
 COMPETE in the ARENA. Compete with other players for some friendly bird flinging fun and prove who is the best.
 COLLECT SILLY HATS. Collect hats with different fun themes to level up your flocks fashion game and take part in special events.
 IMPRESS THE MIGHTY EAGLE in special challenges in Mighty Eagles Bootcamp and earn coins to use in his exclusive shop.
 LOTS OF LEVELS. Play hundreds of levels with more added in regular updates and limited time events.
 LEADERBOARDS. Compete with your friends and other players and prove who is the best on the global leaderboards.
 CHOOSE YOUR BIRD. Choose which bird to put in the slingshot and defeat the pigs with strategy!
 MULTI-STAGE LEVELS. Play fun, challenging levels with multiple stages  just watch out for Boss Pigs!
 FREE to download! --- Angry Birds 2 is completely free to play. Although Angry Birds 2 can be downloaded for free, there are optional in-app purchases available.


 ---
When playing this game, Rovio will offset the carbon footprint caused by the devices energy consumption.

This game may include: 
- Direct links to social networking websites that are intended for an audience over the age of 13. 
- Direct links to the internet that can take players away from the game with the potential to browse to any web page.
- Advertising of Rovio products and also products from third parties.

Although some features are available offline, this game may require internet connectivity for certain features. Normal data transfer charges apply. Note: When the game is played for the first time, there is a one-time download of additional content that cannot be completed while offline.

We may update the game periodically, for example to add new features or content or to fix bugs or other technical issues. Please note that the game may not function properly if you do not have the newest version installed. If you have not installed the latest update, Rovio will not be responsible for the game failing to function as expected.

Terms of use: http:www.rovio.comterms-of-service
Privacy Policy: http:www.rovio.comprivacy",com.rovio.baba,games,organic,2025-11-07 09:35:41
Toca Boca World x Hello Kitty,Toca Boca,4.3,"100,000,000+",100000000,Educational,"Toca Boca x Hello Kitty and Friends is back! Check out the new party-ready Furniture Pack and the sweetest street Style Pack, and claim ten gifts in the Post Office!

Welcome to Toca Boca World, the ultimate universe for kids to play, design, and explore their endless imagination! This isnt just a game; its a safe space where every story is yours to create, and the fun never stops.

Toca Boca World is where your creativity takes center stage:
 Unleash your inner storyteller: Roleplay in a universe youve created, where you can tell your own stories. Become a teacher, a vet, or even an influencer.
 Design your dream world: Bring your best friends to life with Character Creator. Customize hair, faces, accessories to make up your own style! Use the intuitive Home Designer tool, and youre the architect! Decorate your own house, supermarket, camping van, or any of our constantly updated locations with the furniture and colors you love.
Explore and discover a game of secrets and surprises: Explore hundreds of hidden gems in the game! From finding jewels and crumpets to unlocking secret rooms, theres always something new and exciting to uncover.
Fresh content, always: Toca Boca World is an endless universe that keeps growing! Discover new locations and content updated every month, ensuring theres always more to explore.
 Friday is gift day! Pop into the Post Office to collect the gifts weve sent you on the conveyor belt, including decorations, furniture, and even pets! Keep an eye out for gift bonanzas where we give away a LOT of items from previous years.

More than 60 million girls and boys play on Toca Boca World, the very first game of its kind  thats a LOT of kid-testers making sure the fun never ends!
 Press play! Download Toca Boca World now and dive into an endlessly fun universe. Furnish your first apartment in Bop City, buy housewarming items for your Free Family House and dont forget to get your hair done before the party with characters youve created!
 Expand your world: You can build a bigger Toca Boca World with all the stuff available in the in-app shop! Play your influencer life in Megastar Mansion, take care of pets in the pet hospital, or just relax in Bubble Bop Spa with your friends!
 A safe and secure play environment: At Toca Boca, we believe in the power of play above all else. Toca Boca World is a single-player kids game, COPPA compliant, and designed as a secure platform where you can explore, create, and play freely without interruptions. Thats our promise to you!
Award-winning fun: Recognized as App of the Year 2021 and an Editors Choice, Toca Boca World is praised for its quality and dedication to kids safety, and continues to evolve to be better and better!
 No ads, ever: Toca Boca World will never show third-party ads. Well never interrupt your game with adverts. Play always comes first!
 About us: Our fun, award-winning kids game can be downloaded on phones, tablets and computers for free. We also offer in-app purchases for our most dedicated fans, which allows us to build a game with a focus on quality that is completely ad-free and 100% safe. We take privacy very seriously, learn more at https:tocaboca.comprivacy.

 Stay connected! Discover our latest updates and collaborations by following us on social media:
https:www.instagram.comtocaboca
https:www.youtube.com@tocaboca
https:www.tiktok.com@tocaboca?lang=en-GB",com.tocaboca.tocalifeworld,games,organic,2025-11-07 09:35:41
8 Ball Pool,Miniclip.com,4.8,"1,000,000,000+",1000000000,Sports,"Do you want to play in the world of pool games? 8 Ball Pool is an addictive challenging game based on real 3D pool games, where you will challenge your friends online. Become a master of the pool!

The balls game is easy to win. You just have to select the table and get ready. Join us and challenge your friends to this ball game in PvP mode. Use your pool strategy with the cue wisely in this online multiplayer ball game as every round will be more difficult after each level. You can play in multiplayer or PvP mode in different pool tables. Become the best player and challenge your friends in this pool game.

You can play pool in multiplayer or PvP mode using different balls and table types. 8 Ball Pool is designed to help your intelligence. You will improve the aim when shooting balls with the cue. 

CHALLENGE YOUR FRIENDS
Playing pool in multiplayer tournaments with friends is easy: Sign in for free with your Miniclip or Facebook account and youll be able to challenge your friends straight from this multiplayer 8 ball game. Challenge friends to a PvP pool match on the go. Aim and shoot your best balls with a customized cue in our online 3D PvP tournament!

PLAY FOR COINS AND WIN EXCLUSIVE ITEMS
Customize your cue and pool table! In every competitive PvP match you play in our league, therell be Coins at stake  win the match and the Coins are yours. You can also buy new items in the Pool Shop. Compete in our 3D multiplayer league and become a master of 8 balls in 3D!
The 8 Ball level system means youre always facing challenging players in the 8 ball league. Play multiplayer 8 Ball Pool to increase your ranking in our pool league and get access to more exclusive 8 Ball Pool match locations, where you play and compete against the best online pool players. 8 Ball Pool has different match levels: It doesnt matter if youre an amateur or a pro player, take your chance in our PvP competitions with your friends and other players and win the pool challenge: Aim with the cue and prove your skills in this free 8 ball online tournament.

*This 8 Ball Pool game requires internet connection.

This game includes optional in-game purchases (includes random items).

Play on the Web at miniclip.compool
TERMS AND CONDITIONS: http:www.miniclip.comterms-and-conditions
PRIVACY POLICY: http:www.miniclip.comprivacy
------------------------------------
Miniclip: http:www.miniclip.com
Like 8 Ball Pool: http:on.fb.meWx4f23
Facebook: http:facebook.comminiclip
Twitter: http:twitter.comminiclip",com.miniclip.eightballpool,games,organic,2025-11-07 09:35:41
Asphalt 8 - Car Racing Game,Gameloft SE,4.6,"500,000,000+",500000000,Racing,"Part of Gamelofts Asphalt franchise, Asphalt 8 is one of race car games offering an extensive collection of over 300 licensed cars and motorbikes, delivering action-packed races across 75+ tracks. Immerse yourself in the thrilling world of high-speed racing as you jump into the drivers seat.

Explore stunning scenarios and landscapes, ranging from the scorching Nevada Desert to the bustling streets of Tokyo. Compete against skilled racers, conquer exciting challenges, and engage in limited-time special racing events. Prepare your car for the ultimate test and unleash your drifting skills on the asphalt.

Licensed luxury cars and motorcycles
Luxury cars and motorcycles take center stage in Asphalt 8, with an impressive selection of top-tier vehicles from renowned manufacturers like Lamborghini, Bugatti, Porsche, and more. Experience the power of over 300 high-performance cars and motorcycles, alongside a wide variety of racing motorbikes. Customize and design your race cars and motorcycles to stand out from the crowd. Collect special-edition cars, explore diverse worlds and scenarios, all while perfecting your drifting technique.

Show your racing style
Showcase your unique racing style by unleashing your creativity and customizing your racer avatar. Mix and match clothes and accessories to craft a one-of-a-kind look that complements your car. Let your personality shine through as you dominate the racetrack.

Get airborne with Asphalt 8
Prepare for exhilarating gravity-defying action in Asphalt 8. Take your race to the skies as you hit ramps and perform breathtaking barrel rolls and 360 jumps. Compete against other racers or challenge yourself in single-player mode, executing daring mid-air maneuvers and stunts in your car or motorcycle to maximize your speed. Customize your controls and on-screen icons to suit your playstyle, ensuring victory in every race.

Endless content for speed enthusiasts
Fuel your racing passion with a constant stream of fresh content. Experience regular updates, unlock powerful car upgrades, and dominate the competitive circuit. Explore seasons, engage in live events, and discover unique game modes. Compete in limited-time Cups to win valuable prizes, including early access to the latest cars and motorbikes.

Multiplayer and single-player racing thrill
Immerse yourself in thrilling multiplayer and single-player races. Join the multiplayer community, compete in the World Series, and challenge skilled opponents. Earn points, unlock prizes, and feel the adrenaline in limited-time racing events and racing passes. Fight for victory and savor the intensity of each race.

_____________________________________________
Dont forget to follow us on social media:
Discord: https:gmlft.coA8-dscrd
Facebook: https:gmlft.coA8-Facebook
Twitter: https:gmlft.coA8-Twitter
Instagram: https:gmlft.coA8-Instagram
YouTube: https:gmlft.coA8-YouTube

Visit our official site at http:gmlft.cowebsite_EN
Check out the new blog at http:gmlft.cocentral

This app allows you to purchase virtual items within the app and may contain third-party advertisements that may redirect you to a third-party site.

Privacy Policy: http:www.gameloft.comenprivacy-notice
Terms of Use: http:www.gameloft.comenconditions-of-use
End-User License Agreement: http:www.gameloft.comeneula",com.gameloft.android.ANMP.GloftA8HM,games,organic,2025-11-07 09:35:41
Google Tasks,Google LLC,4.6,"10,000,000+",10000000,Productivity,"Stay on top of your to-dos with the Google Tasks mobile app. Easily capture, manage and get reminded about your tasks from anywhere, at any time. Your to-dos sync across all your devices, and integrations with Gmail and Google Tasks help you get tasks done faster.

With Google Tasks,  you can:  
 View, create, edit, and manage tasks while youre on the go 
 Stay organized by creating tasks lists for different topics or priorities
 Prioritize your tasks by using drag-and-drop to reorder them or by marking your most important tasks with a star 
 Track multi-step tasks with subtasks, helping you break down to-dos into smaller components 
 Set dates and get notifications  to ensure you complete tasks on time.
 Create tasks directly from emails in Gmail, with a convenient link back to the original message for easy reference

Learn more about Google Workspace: https:workspace.google.comproductstasks
Follow us for more:
X: https:x.comgoogleworkspace
Linkedin: https:www.linkedin.comshowcasegoogleworkspace
Facebook: https:www.facebook.comgoogleworkspace",com.google.android.apps.tasks,productivity,organic,2025-11-07 09:35:44
ChatGPT,OpenAI,4.7,"500,000,000+",500000000,Productivity,"Introducing ChatGPT for Android: OpenAIs latest advancements at your fingertips.

This official app is free, syncs your history across devices, and brings you the latest from OpenAI, including the new image generator.

With ChatGPT in your pocket, youll find:

 Image generationGenerate original images from a description, or transform existing ones with a few simple words. 
 Advanced Voice ModeTap the soundwave icon to have a real-time convo on the go. Settle a dinner table debate, or practice a new language. 
 Photo uploadSnap or upload a picture to transcribe a handwritten recipe or get info about a landmark. 
 Creative inspirationFind custom birthday gift ideas or create a personalized greeting card.
 Tailored adviceTalk through a tough situation, ask for a detailed travel itinerary, or get help crafting the perfect response. 
 Personalized learningExplain electricity to a dinosaur-loving kid or easily brush up yourself on a historic event.
 Professional inputBrainstorm marketing copy or map out a business plan.
 Instant answersGet recipe suggestions when you only have a few ingredients.

Join hundreds of millions of users and try the app captivating the world. Download ChatGPT today.

Terms of service & privacy policy:
https:openai.compoliciesterms-of-use
https:openai.compoliciesprivacy-policy",com.openai.chatgpt,productivity,organic,2025-11-07 09:35:44
Google Gemini,Google LLC,4.6,"500,000,000+",500000000,Productivity,"Supercharge your creativity and productivity with Gemini, your AI assistant from Google.

Gemini gives you direct access to Googles best family of AI models on your phone so you can:

- Go Live with Gemini to brainstorm ideas, simplify complex topics, and rehearse for important moments. Just click on the Gemini Live button in your Gemini app
- Connect with your favorite Google apps like Search, YouTube, Google Maps, Gmail, and more
- Study smarter and explore any topic with interactive visuals and real-world examples
- Turn any file into a podcast that you can listen to anytime, anywhere
- Create stunning images from just a few words
- Plan trips better and faster
- Get summaries, deep dives, and source links, all in one place
- Brainstorm new ideas, or improve existing ones

Try Nano Banana: state of the art image generation and editing built on Gemini 2.5 Flash

Level-up your Gemini app experience by upgrading to the Pro planunlock new and powerful features to tackle complex tasks and projects and enjoy industry-leading 1M token context window (enabling Gemini to process up to 1,500 pages of text or 30k lines of code), and:
- Get more access to our most powerful model, like 2.5 Pro
- Generate and dive into detailed reports on any topic with Deep Research powered by 2.5 Pro
- Turn words into high-quality, 8 second video clips with video generation with Veo 3.1, and more. 

Google AI Pro is available in 150 countries and territories, and includes additional benefits. Gemini app, as part of Google AI Pro, will continue to be available to qualifying Google Workspace business and education plans. Learn more: https:gemini.googlesubscriptions

Get the best of Gemini app by upgrading to the Ultra planunlock the highest level of access and exclusive features to turn anything into anything. Get the highest access to Googles most powerful model, like 2.5 Pro, and features like video generation with Veo 3.1 and Deep Research. Youll also get early access to try our newest AI innovations as they become available, including Agent Mode.

Gemini in Google AI Ultra is available in the US and includes additional benefits as part of a Google AI Ultra subscription. Google AI Ultra is not currently available to Google Workspace business and education customers. Learn more: https:gemini.googlesubscriptions

If you opt in to the Gemini app, it will replace your Google Assistant as the primary assistant on the phone. Some Google Assistant voice features arent available through the Gemini app yet. You can switch back to Google Assistant in settings.

Review the Gemini Apps Privacy Notice:
https:support.google.comgemini?p=privacy_notice",com.google.android.apps.bard,productivity,organic,2025-11-07 09:35:44
Forest: Focus for Productivity,Seekrtech,4.5,"10,000,000+",10000000,Productivity,"Cant stop scrolling? Lack of self-control? Forest is the solution that has the cutest focus timer to help you stay focused and boost productivity!

 2018 Google Play Editors Choice Top Productivity App

 2018 Google Play Best Self-improvement app in 9 countries, including, Canada, France, Japan, Korea and more!

 Google Play 2018 Best Social Impact App Nomination

 Google Play 2015-2016 Best App of the Year

Plant a seed in Forest when you need to put down your phone and stay focused to get your to do list done.

As you stay focused, this seed will gradually grow into a tree. However, if you cannot resist the temptation of using your phone and leave the app, your tree will wither.

The sense of achievement while seeing a flourishing forest with each tree representing your dedication motivates you to reduce procrastination, and helps you build a good habit of time management!

Motivation and Gamification

- Grow your very own forest with each tree representing your effort.
- Earn rewards by staying focused and unlocking adorable trees!

Multiple Focus Modes

- Timer mode: Set your focus session and dive into your work or study flow, or apply Pomodoro technique.
- Stopwatch mode: Start and stop at any time. Count-up timer works great as a habit tracker.

Personalized Experience

- Planting Reminder: Remind yourself that it is time to keep your phone down!
- Custom Phrases: Motivate yourself with your favorite quotes and inspiring words!

Forest Premium

- Statistics: More insightful statistics of your focused time to tailor your focus habits.
- Plant Together: Stay focused with your focus friend and family anytime and anywhere.
- Plant Real Trees: Plant real trees on Earth to make the world greener!
- Allow Lists: Create personalized Allow Lists for different situations. Non-allowed apps will be blocked.

Exclusive Events on Different Servers: Enjoy various special events customized for different serversregions.

Download Forest for FREE now to focus on your goals in life and be a better self!

Social Media

Connect with us on Instagram(@forest_app), Twitter(@forestapp_cc), and Facebook(@Forest). Stay tuned for updates and special events!

We also have a chrome extension. Find out more at www.forestapp.cc(http:www.forestapp.cc)!

NOTICE

- With the Pro version, Forest can be accessed across all your Android devices.
- Downloading a non-Android version of Forest requires a separate purchase.
- Your data can be synchronized across all platforms by logging in with the same account.
- Due to budget constraints, the number of real trees each user can plant is limited to five.

Permissions Explained: https:www.forestapp.ccpermissionsen(https:www.forestapp.ccpermissionsen)

On phones running Android 14 and above, we use the AccessibilityService API to help manage the active apps youve included in your interruptive app list, enabling you to better limit your screen time.

Sound Design: Shi Kuang Lee",cc.forestapp,productivity,organic,2025-11-07 09:35:44
Google Calendar,Google LLC,4.6,"5,000,000,000+",5000000000,Productivity,"Get the official Google Calendar app, for your Android phone, tablet, or Wear OS device to stay organized and plan your day. Make the most of your day with easy event creation, multiple calendars, customizable views, widgets, tasks, and more


With Google Calendar, you can:  
 Get events automatically added to your Calendar from Gmail, including flight, hotel, concert, and restaurant reservations.
 Go from using Calendar on your Android phone, tablet, or Wear OS device to your computer without missing a beat when youre logged into the same Google account.
 Consolidate and view Google Calendar events side-by-side with other calendars on your device, including Exchange. 
 Keep family, friends, and colleagues in the loop with shared calendars, so they can view, add, or modify events. 
 Quickly switch between month, week, and day views.
 Stay on top of to-dos by creating and managing tasks alongside your events in Calendar.
 Personalize your Google Calendar with light or dark mode or by color-coding your events.
 Access and organize your task lists in a full-screen view right from the Google Calendar app.
 Keep track of events or tasks while on the go with Google Calendar on Wear OS devices, which supports tiles and complications.


Google Calendar is part of Google Workspace, allowing you and your team to easily connect, create, and collaborate across all your favorite Google tools. You can: 
 Collaborate in a hybrid work environment by adding a Google Meet video call to an Calendar event 
 Get access to professional booking pages to easily book clients and customers*.
 Schedule meetings with teammates by checking their availability or layering their calendars in a single view
 Add your working location to your calendar to make it easier for your teammates to schedule meetings with you*. 
 Keep everyone on track for a meeting by attaching meeting notes, pre-read materials, and other documents directly to a calendar event.
 Use Google Calendar with confidence knowing its supported by Googles enterprise-level privacy, user safety and data security.


Learn more about Google Workspace: https:workspace.google.comproductscalendar


Follow us for more:
X: https:x.comgoogleworkspace
LinkedIn: https:www.linkedin.comshowcasegoogleworkspace
Facebook: https:www.facebook.comgoogleworkspace",com.google.android.calendar,productivity,organic,2025-11-07 09:35:44
Google Docs,Google LLC,4.2,"1,000,000,000+",1000000000,Productivity,"Create, edit, and collaborate with others on documents from your Android phone or tablet with the Google Docs app. 

Work together in real time
 Share documents with your team
 Edit, comment, and add action items in real time

Create anywhere, anytimeeven offline
 Capture spontaneous ideas on the fly
 Get things done, even on the go, with offline mode
 Save time and add polish with easy-to-use templates

Edit and share multiple file types
 Open a variety of files, including Microsoft Word files, right in Google Docs
 Frictionless collaboration, no matter which application your teammates use
 Convert and export files seamlessly

Google Docs is part of Google Workspace: where teams of any size can chat, create, and collaborate.
Google Workspace paid subscribers have access to additional Google Docs features, including:
 Use Gemini in Docs to quickly draft and edit content
 Draft outlines, blog posts, briefs, and more on the go
 Create unique images to customize your documents
 Improve your writing with AI-powered suggestions

Learn more about Google Docs: https:workspace.google.comproductsdocs

Follow us for more:
 X: https:x.comgoogleworkspace
 Linkedin: https:www.linkedin.comshowcasegoogleworkspace
 Facebook: https:www.facebook.comgoogleworkspace",com.google.android.apps.docs.editors.docs,productivity,organic,2025-11-07 09:35:44
Microsoft 365 Copilot,Microsoft Corporation,4.6,"1,000,000,000+",1000000000,Productivity,"The Microsoft 365 Copilot app is your everyday productivity app for work and life that helps you find and edit files, scan documents, and create content on the go with access to Microsoft 365 Copilot Chat*, Word, Excel, PowerPoint, and PDFs all in one app. (formerly the Microsoft 365 (Office) app)

With Copilot for work, easily ask, create, and draft in a simplified chat experience to boost productivity.

*Copilot Chat in the Microsoft 365 Copilot app is available for Microsoft 365 Enterprise, Academic, and SMB subscribers with a work or education account. Microsoft 365 Personal and Family subscribers and free accounts can access Microsoft Copilot at copilot.microsoft.com and on the Copilot mobile app. It is available in these specific markets: https:support.microsoft.comen-usofficesupported-languages-for-microsoft-copilot-94518d61-644b-4118-9492-617eea4801d8.

Word, Excel, PowerPoint, and Copilot all in one app:
 Collaborate with Copilot, your AI assistant, to catch up, ask questions, and draft content.
 Use Word to write and edit documents like resumes with professional templates.
 Use PowerPoint with tools like Presenter Coach to practice your presentation.
 Use Excel to manage your budget with spreadsheet templates.
 Try Designer* to create designs and edit photos in seconds with the power of AI.
*Designer is only available for personal Microsoft accounts. A Microsoft 365 Personal and Family subscription will be required to continue using premium features.

PDF capabilities:
 Scan PDF files and convert them into Word documents with the PDF converter tool.
 Edit PDF files on your device quickly and easily while on the go.
 PDF Reader allows you to access and sign PDFs.

Anyone can download the Microsoft 365 Copilot app for free. Access and save documents to the cloud by connecting a Microsoft Account (for OneDrive or SharePoint) or by connecting to a third-party cloud storage provider. Logging in with a personal Microsoft account or a work or school account connected to a Microsoft 365 subscription will unlock premium features within the app.

Subscription & Privacy Disclaimer

Monthly Microsoft 365 Personal and Family subscriptions purchased from the app will be charged to your App Store account and will automatically renew within 24 hours prior to the end of the current subscription period unless auto-renewal is disabled beforehand. You can manage your subscriptions in your App Store account settings.

This app is provided by either Microsoft or a third-party app publisher and is subject to a separate privacy statement and terms and conditions. Data provided using this store and this app may be accessible to Microsoft or the third-party app publisher, as applicable, and transferred to, stored and processed in the United States or any other country where Microsoft or the app publisher and their affiliates or service providers maintain facilities.
Please refer to Microsofts EULA for Terms of Service for Microsoft 365. By installing the app, you agree to these terms and conditions: https:support.office.comlegal?llcc=en-gb&aid=SoftwareLicensingTerms_en-gb.htm",com.microsoft.office.officehubrow,productivity,organic,2025-11-07 09:35:44
Todoist: Planner & Calendar,Doist Inc.,4.6,"10,000,000+",10000000,Productivity,"Trusted by over 47 million people, Todoist is a to do list and a planning center for individuals and teams. Instantly declutter your mind, build habits, and boost your productivity.

With a simple tap, add your daily tasks and set reminders, enjoy multiple views like calendar, list and board, filter activity by work andor personal life, share notes, collaborate on projects, and achieve peace of mind. 

Why choose Todoist?
 As a habit tracker, you can add tasks like Plan next weeks work every Friday afternoon or Do homework every Wednesday at 6pm using Todoists powerful language recognition and recurring dates.
 Use it as a checklist to reach that mental clarity youve been longing for by capturing tasks at the speed of thought.
 View any project as a list, board or calendar planner to give you ultimate flexibility when planning both your work and time. 
 Link Todoist with your calendar, voice assistant, and 100+ other tools such as Outlook, Gmail, and Slack.
 Collaborate on projects of all sizes by assigning tasks to others. Have all your teamwork at hand by adding deadlines, notes, files.
 Get up and running in no time with templates ranging from a schedule planner to packing lists, meeting agendas and more.
 Work towards your goals with insights into your personalized productivity trends.

Todoist on Android
 All the power from Android: task list widget, productivity widget, Quick Add tile, and notifications.
 Todoist is beautifully designed, simple to get started and intuitive to use. 
 Stay synced across your phone, tablet, and Wear OS watch, as well as your desktop and other devices.
 Location-based reminders available on upgrade. Never forget an errand again. 
 And the best from Wear OS: Day Progress tile and multiple complications.

Questions? Feedback? Visit Visit todoist.comhelp

Recommended by:
 The Verge: Simple, straightforward, and super powerful
 Wirecutter: Its simply a joy to use
 PC Mag: The best to do list app on the market
 TechRadar: Nothing short of stellar

Use Todoist to plan or track anything:
 Daily and weekly planner
 Project management
 Time management
 Business planning
 Grocery list
 ADHD planner
 And more

*About Pro plan billing*:
Todoist is free. But if you choose to upgrade to the Pro plan, payment will be charged to your Google Play account, and your account will be charged for renewal within 24 hours prior to the end of the current period. You can choose to be billed monthly or yearly. You can turn off auto-renew in your Google Play settings any time after purchase.",com.todoist,productivity,organic,2025-11-07 09:35:44
Microsoft To Do: Lists & Tasks,Microsoft Corporation,4.6,"10,000,000+",10000000,Productivity,"Microsoft To Do is a task management app to help you stay organized and manage your day-to-day. You can use Microsoft To Do to make shopping lists or task lists, take notes, record collections, plan an event, or set reminders to increase your productivity and focus on what matters to you. Microsoft To Do makes it easy to stay organized and manage your life.

Accomplish whats meaningful and important to you each day with My Day and Suggestions, your personalized daily planner tools. Intelligent suggestions recommend tasks from across your lists that may be relevant for the day. From grocery lists to housecleaning routines, daily tasks are simple with To Do. When youre quickly switching between contexts and tasks, its important to have tools that help you achieve what matters. Microsoft To Do helps you quickly capture and retrieve your lists and tasks across devices and between multiple accounts.

Capture tasks from different Microsoft apps and services and sync them with Microsoft To Do. Flag emails as tasks in Outlook or any email account hosted by Microsoft, add to lists with Cortana, and see tasks assigned to you from Microsoft Planner. Get peace of mind knowing that your tasks and lists are hosted on the Microsoft 365 service  one of the most reliable services with industry-leading security offerings.

Microsoft To Dos modern, easy-to-use experience makes your lists unique, with customizable features like emoji in lists, colorful themes, dark mode, and more. Plus, shared lists help you stay connected and collaborate with family, friends, and colleagues.
 
Microsoft To Do features:

Daily planner
 A daily planner personalized with suggested tasks: My Day
 To do lists are accessible anywhere, on any device
 Share lists and assign tasks with your friends, family, colleagues, and classmates
 Task management features break your tasks into manageable steps
 Take notes to add to any task
 Group lists together by topic or project

Task manager
 Add reminders, tasks and lists with the To Do widget
 Daily organizer personalized with bold and colorful backgrounds
 Reminders with one-time or recurring due dates
 Make task lists and switch between school, work, and personal lists 
 Attach up to 25 MB of files to any task

To Do lists for any purpose
 Bill planner
 Shopping list
 Reminders
 Task management
 Take notes
 And more

Office 365 integration
 Sync reminders and task lists between Outlook and To Do
 Lists and tasks are hosted with the security of Microsoft 365
 Task lists are compiled from the apps and services across Microsoft 365
 Add multiple Microsoft accounts 

Microsoft To Do helps you organize and simplify your plans, whether its for work, school, or home.

To Do is free and available across the web and iOS, Mac, Android, and Windows devices.
 
Learn more: https:to-do.microsoft.com
Follow us on Twitter: @MicrosoftToDo
Need support? https:todosupport.microsoft.comsupport?product_id=todo
By installing Microsoft To Do, you agree to the Microsoft Terms of Use: https:go.microsoft.comfwlink?linkid=842575",com.microsoft.todos,productivity,organic,2025-11-07 09:35:44
Adobe Acrobat Reader: Edit PDF,Adobe,4.5,"500,000,000+",500000000,Productivity,"Major new updateMajor new update: The new Adobe Acrobat AI Assistant makes it easier than ever to do more with PDFs.

Adobe Acrobat AI Assistant
 Work across multiple files in one place with PDF Spaces. Collaborate, store, and use AI Assistant across files
 Use voice or text prompts with AI Assistant chatbot 
 Ask questions and get cited answers about details in your document, including charts, graphs, and tables with Figures Q&A
 Easily share the responses you get
 Try voice support to ask queries and have answers read aloud. 
 Instantly generate summaries from your PDFs with Generative AI Summaries 
 Get content for emails, text, study notes, blogs, and more

Adobe Acrobat AI Assistant is a paid feature*, free for a limited time

The worlds most trusted PDF reader, PDF editor, and PDF maker with more than 635 million installs. View, share, annotate, add comments, and sign documents - all in one app. You can store your files online and read documents anywhere.

Get your 7-day free trial and try all the features of Acrobat Reader.

Paid featuresEdit PDFs
 With our PDF editor, edit text and images directly in your PDF (mobile only)
 Fix typos or add paragraphs with the PDF editor
 Easily add, delete, or rotate any image
 Use this PDF signer and PDF viewer to get your docs just right

Recognize text
 Optical Character Recognition (OCR) turns scanned PDFs into searchable, editable text to use in other formats

Merge & organize PDFs with PDF converter
 Split or combine multiple files into one PDF with PDF converter
 Use the PDF editor to insert, delete, rotate, crop & reorder pages in your PDF file

Create, convert & export PDFs
 Easily convert to PDF from any file type including Microsoft, Google Docs, and images
 Export and convert PDFs to Microsoft Word, Excel, PowerPoint, or various image files
 Convert web pages to PDFs 

Compress & highly secure PDFs
 Compress PDF files for easy saving and sharing
 Password Protect PDF documents

Have your PDF read aloud
 Listen to your PDFs on the go, great for reading support
 Choose free voices or upgrade for high-quality options

Subscribe now to access all these features and use Acrobat across mobile and web platforms.

Free-to-use featuresPDF signer: Fill & Sign
Adobe Fill & Sign is free & available in Acrobat Reader. A form filler and PDF signer that lets you fill, sign, and send

Liquid mode for optimal PDF viewing
 Get the best PDF reading experience with this PDF viewer
 Search, navigate & adjust font size or spacing to fit your screen

Share PDFs & collaborate
 Share files for commenting or viewing, tag others with @mention, and manage all comments in one place
 Receive activity notifications for shared files

Annotate PDFs
 Add sticky notes, comments, and highlight text

Store & manage files
 Link online storage accounts like Microsoft OneDrive, Dropbox, or Google Drive
 Star files to quickly open important documents

Connect the PDF viewer and reader to Google Drive
 A PDF creator that lets you edit, compress, and export Google Drive files with a subscription

Work with scanned documents
 Access scanned PDFs from Adobe Scan in Acrobat to fill, sign, and share

The Acrobat Reader mobile app is designed to work with customers who have Enterprise Mobility Management (EMM) enabled.

An Adobe Acrobat AI Assistant add-on plan is available to Acrobat Individual customers.

Terms & Conditions:
Your use of this application is governed by the Adobe General Terms of Use http:www.adobe.comgoterms_en and the Adobe Privacy Policy http:www.adobe.comgoprivacy_policy_en

Do not sell or share my personal information www.adobe.comgoca-rights",com.adobe.reader,productivity,organic,2025-11-07 09:35:44
Google Keep - Notes and lists,Google LLC,4.7,"1,000,000,000+",1000000000,Productivity,"Quickly capture and share your thoughts, manage your to-dos, and stay organized. Google Keep has all of the functionality you need, with advanced security and privacy measures to keep your information safe.

Capture whats on your mind
 Inspiration strikes anywhere. Jot down a quick note, snap a photo of something you want to remember, or speak a voice memo on the go. 
 Take advantage of widgets on your phone and tablet and add tiles and complications to your Wear OS device to quickly capture your thoughts.

Share ideas with friends and family
 Manage your grocery list or plan your next trip by sharing your Keep notes with others and collaborating.

Find what you need, fast
 Color and add labels to notes to quickly organize and get on with your life. If you need to find something you saved, a simple search will turn it up.
 Pin notes to your phone or tablet homescreen with widgets and add shortcuts to your notes with tiles on a Wear OS device.

The right note at the right time
 Need to remember to pick up some groceries later this week? Set a reminder to bring back your grocery list right when you need it.

Always within reach
 Keep works on your phone, tablet, computer and Wear OS device. Everything syncs across all of your devices so your thoughts are always with you.",com.google.android.keep,productivity,organic,2025-11-07 09:35:44
Microsoft Word: Edit Documents,Microsoft Corporation,4.8,"1,000,000,000+",1000000000,Productivity,"The document editor that you can take with you on the go  Microsoft Word.

Write and create documents on your mobile device much like you do on your PC. Edit docs, share notes, convert to PDF documents, craft a powerful cover letter, and collaborate on projects using your mobile device.

Documents are easy to create, read, edit and share with Microsoft Word. Simplify on-the-go document collaboration and editing with our easy-to-use Word app features. Convert to PDF from Word and vice versa. From doc editing to collaboration and beyond, Microsoft Word is one of the best free writing apps for writing on the go.

Access files, documents and make edits with ease using the Word app. Read documents and open attachments with built-in docs viewer. Edit a PDF using Words PDF converter feature easily. Share files, documents and notes in the format youd like. Create documents on the go with Words expert editing tools anytime, anywhere.

Read, edit docs and create a document for any need. Resume templates, newsletters, brochures and more are accessible in the template gallery. Select the documents you would like and get started.

Blogger, writer, journalist, columnist or project manager: the Microsoft Word writing app moves with you.

Easy document editing, at your fingertips. Write a letter, create templates, read Word documents, edit docs and collaborate with your team anywhere! Get the docs and PDF app that can do it all.

Create Documents
 Use Microsoft Word as a cover letter creator by leveraging our beautiful templates
 Document editor keeps formats & layouts looking great.
 Docs app with templates for resumes, cover letters, forms & more.
 Documents are easily created for any writing task.
 Editing with rich formatting & layout.

Read, Write and Edit Documents
 Read docs, letters, PDFs & scripts on your device in Reading View.
 Document & PDF App: Edit documents from PDFs by converting to & from Word documents.
 PDF Converter: Save as PDF after editing & share the PDF easily.

Collaborate and Share With Anyone, Anywhere
 Document comments can be left right next to the text using for seamless collaboration.
 View documents using the built-in docs viewer.
 Edit documents as a team and stay on top of changes to the text, layout & formatting.
 Edit docs and view editor history: easily revert to view earlier drafts when you need to.

Microsoft Word for Anything
 Documents for your needs: Letters, blogs, scripts, notes, resumes, & more can be created beautifully designed modern templates.
 Write a letter easily using Words templates.
 Share documents as a link, email or attachment.
 Proofread, check spelling & review any document.

File Sharing Simplified
 Share files & collaborate with a few taps.
 File & document permission management: see who is working on what.
 Copy files into the body of an email message with its format intact or attach PDFs & docs to the email.

Document, PDf and writing app free of restrictions, hassle and workarounds. Download Microsoft Word  to edit documents anywhere, seamlessly.

REQUIREMENTS
1 GB RAM or above

To create or edit documents, sign in with a free Microsoft account on devices with a screen size smaller than 10.1 inches.",com.microsoft.office.word,productivity,organic,2025-11-07 09:35:44
Microsoft Excel: Spreadsheets,Microsoft Corporation,4.8,"1,000,000,000+",1000000000,Productivity,"Budgeting, chart creation, data analytics and more  all at your fingertips. The Excel spreadsheet and budgeting app lets you create, view, edit and share files, charts and data. Excels built-in file editor lets you manage your finances with on-the-go budget and expense tracking integration. We make it easy to review and analyze data, edit templates, and more.

With Excel you can confidently edit documents, track expenses, and compile charts and data . Create charts directly from your phone for convenient data analysis, accounting, and financial management. Access to spreadsheets, pivot tables and chart makers make budgeting in Excel easy.

Make spreadsheets and data files with robust formatting tools and features that boost your productivity. Build charts and sheets that meet specific needs with Excels wide array of worksheet resources.

Spreadsheets, business collaboration, charts and data analysis tools all on your phone with Microsoft Excel.

Microsoft Excel Features:

Spreadsheets & Calculations
 Create charts, budgets, task lists, accounting & financial analysis with Excels modern templates.
 Use an accounting calculator, data analysis tools & familiar formulas to run calculations on spreadsheets.
 Workbook sheets and charts are easier to read and use with rich features & formatting options.
 Spreadsheet & chart features, formats & formulas operate the same way on any device.

Accounting, Budget & Expense Tracking
 Budget Template: Spreadsheets & charts help calculate budget needs.
 Budget Planner: Budget templates & tools to help you drill down to your finance needs.
 Budget Tracker: Track expenses & save money.
 Accounting app: Use as a tax calculator for estimates, personal finances & more.

Data Analysis
 Chart maker: Annotate, edit & insert charts that bring data to life.
 Data analysis: Add & edit chart labels to highlight key insights.
 Budget tracker: Track expenses with a personal budget template.
 Pivot Charts and spreadsheet visualization tools offer easily digestible formats.

Review and Edit
 File editor: Edit documents, charts and data from anywhere.
 Data analysis features like sort & filter columns.
 Annotate charts, highlight parts of worksheets, create shapes & write equations with the draw tab on devices with touch capabilities.

Collaborate and Work Anywhere
 Share files & Excel sheets in a few taps to invite others to edit, view or leave comments.
 Edit & copy your worksheet in the body of an email or attach a link to your workbook.

Microsoft Excel is your all-in-one expense manager, chart maker, budget planner, and more. Get more done today with extensive spreadsheet tools to enhance your productivity.

REQUIREMENTS:
1 GB RAM or above

To create or edit documents, sign in with a free Microsoft account on devices with a screen size smaller than 10.1 inches.

Unlock the full Microsoft 365 experience with a qualifying Microsoft 365 subscription for your phone, tablet, PC and Mac.

Microsoft 365 subscriptions purchased from the app will be charged to your Play Store account and will automatically renew within 24 hours prior to the end of the current subscription period, unless auto-renewal is disabled beforehand. You can manage your subscriptions in your Play Store account settings. A subscription cannot be cancelled during the active subscription period.

This app is provided by either Microsoft or a third-party app publisher and is subject to a separate privacy statement and terms and conditions. Data provided through the use of this store and this app may be accessible to Microsoft or the third-party app publisher, as applicable, and transferred to, stored, and processed in the United States or any other country where Microsoft or the app publisher and their affiliates or service providers maintain facilities.

Please refer to Microsofts EULA for Terms of Service for Microsoft 365 on Android. By installing the app, you agree to these terms and conditions: http:aka.mseula",com.microsoft.office.excel,productivity,organic,2025-11-07 09:35:44
Google Sheets,Google LLC,4.2,"1,000,000,000+",1000000000,Productivity,"Create, edit, and collaborate on spreadsheets from your Android phone or tablet with the Google Sheets app. With Sheets, you can:

- Create new spreadsheets or edit existing files
- Share spreadsheets and collaborate in the same spreadsheet at the same time.
- Work anywhere, anytime - even offline
- Add and respond to comments
- Format cells, enter or sort data, view charts, insert formulas, use findreplace, and more
- Never worry about losing your work  everything is saved automatically as you type
- Quickly get insights, insert charts, and apply formatting with smart suggestions
- Open, edit, and save Excel files.

Google Sheets is part of Google Workspace: where teams of any size can chat, create, and collaborate.

Google Workspace subscribers have access to additional Google Sheets features, including:
- Easily add collaborators to projects, see changes as they occur, receive notifications for edits that happen while youre away, and chat with colleagues in the same spreadsheet. All changes are automatically saved as you make them. And with offline access, you can create, view, and edit files wherever and whenever
- Get insights fast, powered by Google AI
- Work seamlessly across Sheets and Excel
- Maintain control with enterprise-grade security
- Analyze data from other business-critical tools
- Build custom solutions

Learn more about Google Workspace: https:workspace.google.comproductssheets

Follow us for more:
Twitter: https:twitter.comgoogleworkspace
Linkedin: https:www.linkedin.comshowcasegoogleworkspace
Facebook: https:www.facebook.comgoogleworkspace",com.google.android.apps.docs.editors.sheets,productivity,organic,2025-11-07 09:35:44
AI Fiesta,"TagMango, Inc",2.7,"100,000+",100000,Productivity,"AI Fiesta brings together the worlds top AI models, including GPT-5, Grok 4, Perplexity Pro, Claude Sonnet 4, DeepSeek, and Gemini 2.5 Pro, all in one chat, one subscription at half the price of a single premium AI subscription.

Key Features:

Customize your AI Dream Team: Select all, or choose specific expert AIs to answer, then view their replies side by side to find the best solution for every problem.

Smarter prompts with Prompt Boost: Enter your question in plain language, enhance it instantly, and get richer, more relevant answers  no technical skills needed.

AI-powered productivity tools: Generate images and transcribe audio instantly, all built right into the chat. No extra apps required.

Project modes with one tap: Set custom guidelines like Marketing Mode or Code Review Mode once and instantly apply them to all AI replies for consistent, branded answers across chats.

Every feature in AI Fiesta is designed to maximize your productivity and deliver the most accurate answersand youll also unlock two standout perks:

The Ultimate Promptbook: Get tailored insights and expert guidance for any industry or subject.
Exclusive community access: Connect with a dynamic network of AI enthusiasts (founders, creators, researchers & professionals)

Terms of service & privacy policy:
https:chat.aifiesta.aiprivacy
https:chat.aifiesta.aiterms",com.fiesta.ai,productivity,organic,2025-11-07 09:35:44
Perplexity - Ask Anything,PerplexityAI,4.7,"50,000,000+",50000000,Productivity,"PerplexityWhere Knowledge Begins. The answers you needright at your finger tips.

Cut through the clutter and get straight to credible, up-to-date answers. This free app syncs across devices and leverages the power of the top AI models from OpenAI, Anthropic, Meta, and more. 

Features:

 Perplexity Pro Search: Guided AI search for deeper exploration.

 Thread Follow-Up: Keep the conversation going for a deeper understanding.

 Voice: Instant, up-to-date answers whether you type or say it. 

 Trust Built In: Cited sources for every answer.

 Discover: Learn new things from the community.

 Your Library: More than search history, its a curation of your discoveries.

Download Perplexity now and continue your journey to better knowledge and understanding.",ai.perplexity.app.android,productivity,organic,2025-11-07 09:35:44
Google Drive,Google LLC,4.3,"10,000,000,000+",10000000000,Productivity,"Google Drive lets you securely store, intelligently organize and collaborate on files and folders from anywhere, on any device.

With Drive, you can:
 Safely store and access your files anywhere
 Edit and store 100+ file types, including PDFs, Office files, videos and more
 Scan and upload paper documents using your devices camera
 Quickly access recent and important files
 Search for files by name and content
 Filter files by type, last modified date and more
 Share and set permissions for files and folders
 View your content on the go while offline
 Receive notifications about important activity on your files
 View files more easily on Android tablets with side by side view, drag and drop functionality and more

Google Workspace subscribers have access to additional Drive functionality, including:
 Using AI to summarize information, retrieve quick facts, and surface insights from your files
 Security and management controls for admins to help meet data compliance needs
 Sharing files and folders directly with groups or teams within your organization
 Creating a shared drive to store all of your teams content
 Requesting electronic signatures and manage vendor agreements, customer contracts, and more

Learn more about Drive in Google Workspace: https:workspace.google.comproductsdrive

Learn more about Google Apps update policy: https:support.google.comaanswer6288871

Google accounts get 15GB of storage, shared across Google Drive, Gmail, and Google Photos. For additional storage, you can upgrade to Google One as an in-app purchase. In the US, subscriptions start at $1.99month for 100 GB with Google One. Plans and prices can vary by region.

Google Privacy Policy: https:www.google.comintlen_USpoliciesprivacy
Google Drive Terms of Service: https:www.google.comdriveterms-of-service

Follow us for more:
X: https:x.comgoogleworkspace and https:x.comgoogledrive
LinkedIn: https:www.linkedin.comshowcasegoogleworkspace
Facebook: https:www.facebook.comgoogleworkspace",com.google.android.apps.docs,productivity,organic,2025-11-07 09:35:44
CalendarSale,CalendarSale,0.0,"10,000+",10000,Tools,CalendarSale est un logiciel de gestion de tournées de calendriers en porte à porte pour les amicales de pompiers.,com.calendarsaleapp,productivity,organic,2025-11-07 09:35:44
Microsoft PowerPoint,Microsoft Corporation,4.8,"1,000,000,000+",1000000000,Productivity,"The presentation and slides app that you can carry with you wherever you go  Microsoft PowerPoint. Make a slideshow with music, graphics and charts. Templated PowerPoint slideshows help make your quarterly reports, yearly reports and more shine.

Get the familiar slideshow tool you know and love with the PowerPoint app. Create, edit, and view slideshows and present quickly and easily from anywhere. Present with confidence and refine your delivery, using Presenter Coach.

Present slideshows and access recently used PowerPoint files quickly while on the go. Presentations sync seamlessly across devices, so you wont have to worry about multiple file versions when you work on PowerPoint mobile.

Give presentations with training from Presenter Coach, an AI tool designed to help with public speaking. Practice presentations on your own using a presentation timer with Presenter Coach. Presenter Practice presentations with real-time suggestions from Coach to help you adjust your pacing, avoid umms and speak confidently.

Make a slideshow with powerful and customizable presentations that make you stand out. Present and create slides from anywhere. Presentations made on PowerPoint help make an impact in the way you present and collaborate. With PowerPoint, you can collaborate and edit your ppt or pptx files in real time and customize it on the go.

Present Slideshows with Confidence
 Slideshows are easy to edit & present using PowerPoint mobile
 Present a slideshow free of errors with the help of Presenter Coach
 This presentation maker gives you the option to create presentations from scratch or work on pre-existing slides
 Make a slideshow & present your point clearly & confidently using presentation view on any device
 Practice slideshow presentations for your yearly reports with the Presenter Coach to master public speaking

Make Presentations That Leave a Lasting Impression
 An expertly crafted presentation is always a winner
 Presentation timer lets you deliver your slideshows & present information concisely
 Presentation maker: Take advantage of a slides app with highly customizable tools & present your slideshows with confidence
 Photo Slideshow: Add any photo or take one right from the app
 Slideshow video maker: Insert any video or record a new one right from your phone

Collaborate with Others Easily
 PowerPoint makes it easy for you to collaborate with others
 Make a slideshow & share with your team to get feedback & edits
 View presentation permissions and see whos working on which slides
 Slides can have integrated comments  letting you stay on top of changes & feedback

REQUIREMENTS
1 GB RAM or above

Become a skilled presentation maker & take advantage of the slides app with highly customizable tools and present your slideshows with confidence

Unlock the full Microsoft 365 experience with a qualifying Microsoft 365 subscription for your phone, tablet, PC, and Mac.

Microsoft 365 subscriptions purchased from the app will be charged to your Play Store account and will automatically renew within 24 hours prior to the end of the current subscription period, unless auto-renewal is disabled beforehand. You can manage your subscriptions in your Play Store account settings. A subscription cannot be cancelled during the active subscription period.

This app is provided by either Microsoft or a third-party app publisher and is subject to a separate privacy statement and terms and conditions. Data provided through the use of this store and this app may be accessible to Microsoft or the third-party app publisher, as applicable, and transferred to, stored, and processed in the United States or any other country where Microsoft or the app publisher and their affiliates or service providers maintain facilities.

Please refer to Microsofts EULA for Terms of Service for Microsoft 365 on Android. By installing the app, you agree to these terms and conditions: http:aka.mseula",com.microsoft.office.powerpoint,productivity,organic,2025-11-07 09:35:44
Google Slides,Google LLC,4.0,"1,000,000,000+",1000000000,Productivity,"Create, edit, and collaborate on presentations from your Android phone or tablet with the Google Slides app. With Slides, you can:

- Create new presentations or edit existing ones
- Share presentations and collaborate in the same presentation at the same time
- Work anywhere, anytime - even offline
- Add and respond to comments
- Add and rearrange slides, format text and shapes, and more
- Present straight from your mobile device
- Never worry about losing your work  everything is saved automatically as you type
- Make beautiful slides, instantly - with smart suggestions
- Present slides to video calls - scheduled meetings will automatically appear
- Open, edit, and save PowerPoint files

Google Slides is part of Google Workspace: where teams of any size can chat, create, and collaborate.

Google Workspace subscribers have access to additional Google Slides features, including:
- Collaborating on a single presentation online with your business partner, your whole team, or external contacts. You control who gets permission to edit, view, or just add comments.
- Starting from scratch or expediting the process by choosing a template. You can enhance your presentations with videos, images, drawings, and smooth transitions.
- Working across PCs, Macs, mobiles, and tabletsView or even present your slides from your phone or tablet, so you always have the option to practice your presentation up until the last minute.

Learn more about Google Workspace: https:workspace.google.comproductsslides

Follow us for more:
Twitter: https:twitter.comgoogleworkspace
LinkedIn: https:www.LinkedIn.comshowcasegoogleworkspace
Facebook: https:www.facebook.comgoogleworkspace

Permissions Notice
Calendar: This is used to join video calls from calendar invites.
Camera: This is used for camera mode in video calls and to insert images taken with the camera.
Contacts: This is used to give suggestions of people to add to files and share with.
Microphone: This is used to transmit audio in video calls.
Storage: This is used to insert images and to open files from USB or SD storage.",com.google.android.apps.docs.editors.slides,productivity,organic,2025-11-07 09:35:44
Khan Academy,Khan Academy,4.2,"10,000,000+",10000000,Education,"You can learn anything. For free.

Spend an afternoon brushing up on statistics. Discover how the Krebs cycle works. Get a head start on next semesters geometry. Prepare for upcoming exams. Or, if youre feeling particularly adventurous, learn how fire-stick farming changes the landscape of Australia.

Whether youre a student, teacher, homeschooler, principal, adult returning to the classroom after 20 years, or a friendly alien trying to get a leg up in earthly biology  Khan Academys personalized learning library is available to you, for free.

- Learn anything, for free: Thousands of interactive exercises, videos, and articles at your fingertips. Study math, science, economics, finance, grammar, history, government, politics, and much, much more.

- Sharpen your skills: Practice exercises, quizzes, and tests with instant feedback and step-by-step hints. Follow along with what youre learning in school, or practice at your own pace.

- Keep learning when youre offline: Bookmark and download your favorite content to watch videos without an internet connection.

- Pick up where you left off: Tailored to your current learning level, our mastery system gives instant feedback and recommendations on exactly which skills and videos to try next. And, if you choose to create a free account, your learning syncs with http:khanacademy.org, so your progress is always up-to-date across all your devices. 

Learn using expert-created videos, interactive exercises, and in-depth articles in math (arithmetic, pre-algebra, algebra, geometry, trigonometry, statistics, calculus, differential equations, linear algebra), science (biology, chemistry, physics), economics (microeconomics, macroeconomics, finance and capital markets), humanities (art history, civics, finance, US history, US government and politics, world history), and more (including computer science principles)!

Already familiar with the Khan Academy website? Not all functionality is available in this app. Community discussions, computer programming content, test prep, parent tools, teacher tools, and district tools should all be accessed directly at http:khanacademy.org.

Khan Academy is a 501(c)(3) nonprofit organization, with the mission of providing a free, world-class education for anyone, anywhere.",org.khanacademy.android,education,organic,2025-11-07 09:35:47
Learn to Read - Duolingo ABC,Duolingo,4.3,"10,000,000+",10000000,Education,"From the creators behind Duolingo, the worlds #1 education app, comes Duolingo ABC! Duolingo ABC is the fun, hands-on way for your child to learn to read and write in English! From preschool to first grade, engage your child with delightful stories for kids and bite-sized lessons teaching the alphabet, phonics, sight words, vocabulary, and more.

The Duolingo ABC kids reading app offers over 700 hands-on reading lessons designed to help kids learn and love to read. We make learning to read both fun and effective with lessons and educational games for kids that include multi-sensory activities, such as tracing, drag-and-drop prompts and more. Our educational learning app offers personalized lessons so your child can learn at their own pace.

Develop reading comprehension skills with educational lessons specially designed to support your childs lifelong love of learning! Whether your child is in pre-K, preschool, kindergarten, or 1st grade, Duolingo ABC has delightful stories for kids filled with engaging pictures meant to inspire and support your child along their educational journey. 

Help your child learn to read new sight words with our toddler books and kids stories that let you highlight each word spoken. This helps build your childs multi-sensory learning skills and can help them learn to read independently.

Duolingo ABC makes your childs education a fun and engaging experience. Our learning app combines educational lessons with fun reading games perfect for kids and toddlers alike! Our rewards work in tandem with bite-sized reading lessons and fun school games for kids, keeping them motivated to learn while building their confidence.

Discover ad free kids educational games filled with exploration and curiosity on Duolingo ABC. Now your kids can have fun while they sound out words, practice reading and writing in English, and build reading comprehension and literacy skills for a lifetime!

DUOLINGO ABC FEATURES:

Kids Learn to Read
- Reading games: Our kids reading app provides hands on learning they will love
- New lessons are added often, so your child never runs out of educational content
- Reading and phonics for kids: Bite-sized lessons help kids learn phonics, sight words & vocabulary
- Every reading lesson is built to feel like a game, so kids can learn to read while having fun

Learning Activities For Kids
- Enjoy fun educational games like letter tracing and gamified stories, suitable for even the youngest learners
- Toddler, kindergarten or first grade, all kids can enjoy the Duolingo ABC learning app while having fun
- From toddler books to 1st grade learning games, Duolingo ABC has lessons for every child
- Designed by literacy & early-education experts to develop kids skills in phonics, sight words, reading & more

Kid-Safe & Ad-Free
- Our educational learning app prioritizes a kid-friendly experience
- Rest easy, parents. There are no ads or in-app purchases to worry about
- Content is focused on preschool, kindergarten and first grade level lessons, so you can be safe knowing it is always age-appropriate

Offline Learning
- Your childs educational journey has no limits with Duolingo ABCs offline learning capabilities
- On a plane? At a restaurant? Duolingo ABC can be used anytime, anywhere
- Enjoy playing and learning offline - so kids can learn wherever you go

Duolingo ABC is an educational learning app that offers immersive lessons to teach preschool to first grade kids to learn and love to read. Download today and spark your childs love for learning.

--

Privacy Policy: https:www.duolingo.comprivacy
Terms of Service: https:www.duolingo.comterms",com.duolingo.literacy,education,organic,2025-11-07 09:35:47
Duolingo: Language Lessons,Duolingo,4.4,"500,000,000+",500000000,Education,"Learn a new language with the worlds most-downloaded education app! Duolingo is the fun, free app for learning 40+ languages through quick, bite-sized lessons. Practice speaking, reading, listening, and writing to build your vocabulary and grammar skills.

Designed by learning experts and loved by hundreds of millions of learners worldwide, Duolingo helps you prepare for real conversations in Spanish, French, Chinese, Italian, German, English, and more.

And now, you can learn Math, Music, and Chess the Duolingo way!

 Build real-world math skills  from calculating tips to identifying patterns  and sharpen your mental math in our Math course. Learn foundational topics like multiplication, fractions, geometry and more, and keep your brain sharp with more challenging exercises, games, and word problems.

 Learn how to read music and play popular songs on your device in our Music course  no piano or instrument required! Using an on-screen keyboard, youll learn bit-by-bit, from finding notes on the keyboard to playing your first song.

 Master moves, level up your game, and play real matches in our brand new Chess course. Checkmate!

Whether youre learning for travel, school, career, family and friends, or your brain health, youll love learning with Duolingo.

Why Duolingo?

 Duolingo is fun and effective. Game-like lessons and fun characters help you build solid speaking, reading, listening, and writing skills.

 Duolingo works. Designed by learning experts, Duolingo has a science-based teaching methodology proven to foster long-term knowledge retention.

 Track your progress. Work toward your learning goals with playful rewards and achievements when you make practicing a daily habit!

 Join millions of learners. Stay motivated with competitive Leaderboards as you learn alongside our global community.

 Every language course is free. Learn Spanish, French, German, Italian, Russian, Portuguese, Turkish, Dutch, Irish, Danish, Swedish, Ukrainian, Esperanto, Polish, Greek, Hungarian, Norwegian, Hebrew, Welsh, Arabic, Latin, Hawaiian, Scottish Gaelic, Vietnamese, Korean, Japanese, English, and even High Valyrian! And now, learn Math, Music, and Chess with our newest courses!

What the world is saying about Duolingo:

Editors Choice and Best of the Best  Google Play

Far and away the best language-learning app.  The Wall Street Journal

This free app and website is among the most effective language-learning methods Ive tried lessons come in the form of brief challenges  speaking, translating, answering multiple-choice questions  that keep me coming back for more.  The New York Times

Duolingo may hold the secret to the future of education.  TIME Magazine

...Duolingo is cheerful, lighthearted and fun  Forbes

If you like Duolingo, try Super Duolingo for 14 days free! Learn a language fast with no ads, and get fun perks like Unlimited Hearts and Monthly Streak Repair.

Send any feedback to android@duolingo.com

Use Duolingo on the Web at https:www.duolingo.com

Privacy Policy: https:www.duolingo.comprivacy",com.duolingo,education,organic,2025-11-07 09:35:47
Starfall,Starfall Education Foundation,4.0,"5,000,000+",5000000,Education,"Starfall fun activities, games, and songs includes reading, math, music, and more  read, learn, and play preschool to fifth grade. Includes free and subscriber content.

Starfall provides an Enhanced Accessible Index for children with visual, hearing, or mobility impairments. For more information, please contact Customer Service at (+1) 303-417-6414.

Join Zac the Rat and his friends on an exciting learning journey, starting with the ABCs and 123s and advancing up to grade 5 grammar and mathematics. Starfalls playful open format intuitively guides children through sequential learning objectives for reading, math, art, music, and social subjects like kindness and caring.

*Highlights*

*Reading (phonics, fluency, grammar) -- ABCs, Learn to Read, Im Reading, Talking Library, Punctuation, Parts of Speech
*Math -- Numbers, Addition and Subtraction, Multiplication and Division, Geometry and Measurement, Fractions
*More -- Holiday Activities, Nursery Rhymes, Sing-Alongs, Interactive Calendar 

*Why Starfall*

*Research based, teacher tested, child approved. Starfalls systematic approach was created by experienced educators using time-tested instructional methods.
*Try it for free. All of the basics for learning how to read are available to everyone.
*No advertisements. Whether a free user or subscriber, you wont see any ads.
*Pass it forward! Subscribers gain access to hundreds of additional activities and support the free sections for others to enjoy.

*What people are saying about Starfall*

Listed on PC Magazines 15 best Online Learning Services for Kids, Think Fives Top 5 Most Used Apps by Elementary Teachers, and as one Parents Magazines 70 Best Apps for Families.  

Kids can learn about letter recognition, phonics, and reading. Skill acquisition is appropriately gradual... Starfall does an excellent job of offering clear and intriguing early literacy lessons. Common Sense Media

I truly believe that Starfall set the foundation for my future.
Sarah, undergraduate at Stanford University

*Subscription information*

If you choose to purchase a Starfall subscription, a $5.99 (USD) payment will be applied to your Google Play account upon confirmation of purchase and monthly after that. Your subscription will automatically renew unless you cancel at least 24 hours before the end of the current period. This subscription is valid only for home use on devices signed in to your Google Play account. Google Play does not support Family Library or family payment methods for in-app subscription purchases.

*Additional Info*

This app requires an internet connection and is intended for Pre-K, Kindergarten, and Grades 1-5. It also supports English language development, special education, and homeschool environments.

Privacy Policy: https:teach.starfall.comprivacy
Terms of Service: https:teach.starfall.comterms
About Starfall: https:teach.starfall.comabout
Starfall Education Foundation is a 501(c)(3) nonprofit organization.",air.com.starfall.more,education,organic,2025-11-07 09:35:47
Educate - Online Classroom App,EducateApp,4.1,"500,000+",500000,Education,"Educate App is an Online Classroom App designed to empower teachers and students worldwide. Whether youre looking to learn a new skill or enhance your knowledge in various subjects, Educate provides a platform for connecting with experienced and qualified tutors.

With Educate, you can choose from various subjects and courses, including English, Science, Maths, Physics, GRE, GMAT, Coding, Aptitude, Entrepreneurship, Placement Preparation, Language Learning, Music, Sports, and many more. Our app brings together a global community of teachers and learners, ensuring that you find the right match for your educational needs.

The app offers a comprehensive set of features to enhance your learning experience:

 Live Classes: Engage in real-time interactive classes with teachers from around the world. Experience seamless virtual learning with just a click of a button.

 Live Whiteboard: Collaborate and learn together using the Live Whiteboard feature. Teachers can share their screens and illustrate concepts in real time, fostering an engaging and immersive learning environment.

 Live Recording: Never miss a class! With the Live Recording feature, all your live sessions are automatically recorded and made available for playback. 

 Create Tests: Instantly create tests and quizzes to assess your knowledge and track your progress. 

 Chat with Teachers: Connect with your teachers through the chat feature. Clarify doubts, and receive announcements.

 Personalized Learning: Customize your learning journey by joining specific batches tailored to your needs. Interact with your classmates, engage in group discussions, and attend online classes together.

 Assignment Management: Complete tests, assignments, and submit notes effortlessly. Stay organised and access study materials conveniently within the app.

Educate offers numerous benefits that make it the go-to platform for both teachers and students:

 User-Friendly: Our app is designed to be intuitive and easy to navigate, ensuring a smooth learning experience. Setting up your virtual classroom is quick and hassle-free.
 Secure and Private: At Educate, we prioritize your data security and privacy. Your personal information and student data are strictly confidential and never used for advertisements.
 Time-Saving: Streamline your educational processes with Educate. Manage your classrooms, conduct live classes and tests, send reminders, and automate attendance tracking. Spend more time focusing on teaching and learning.
 Enhanced Organization: Keep track of your assignments, study materials, and progress within the app. Access all your educational resources in one place for effortless learning.
 Seamless Communication: Connect with teachers through video tools, participate in doubt sessions, and chat with fellow students. Enjoy easy and effective communication channels.
 Resource Sharing: Share study modules, references, curated online content, video links, and more with teachers and students. Collaborate and enhance your learning experience together.
 MCQ Creation: Create multiple-choice questions in seconds, schedule them, and set marking schemes as per your requirements. Efficiently assess and evaluate your knowledge.

Whether youre a teacher seeking new students or a student looking for a qualified tutor, Educate has you covered. Teachers can create profiles showcasing their qualifications, teaching experience, and subject expertise to attract potential students. Students can explore and connect with qualified tutors from different parts of the world.

Experience the power of online education with Educate. Discover endless learning possibilities, interact with dedicated teachers, and expand your knowledge horizon. Download the Educate App today and embark on an exciting educational journey from anywhere in the world.",com.educate.theteachingapp,education,organic,2025-11-07 09:35:47
Khan Academy Kids,Khan Academy,4.6,"5,000,000+",5000000,Education,"Make screen time more meaningful with Khan Academy Kidsthe award-winning, educational app for kids ages 28. Packed with fun, standards-aligned reading games, math games, phonics lessons, and interactive storybooks, the app has helped over 21 million preschool and elementary students learn at home, at school, and on the go. Join Kodi the Bear and friends on exciting educational adventures that spark curiosity, build confidence, and inspire a lifelong love of learning. 

PLAY-BASED READING, MATH & MORE:
From ABC games and phonics practice to counting, addition, and shapes, kids can explore over 5,000 educational games and activities with Kodis friends:
 Ollo the Elephant  phonics and letter sounds
 Reya the Red Panda  storytime and writing
 Peck the Hummingbird  numbers and counting
 Sandy the Dingo  puzzles, memory, and problem-solving

AWARDS AND RECOGNITION:
With more than 180,000 5-star reviews, Khan Academy Kids has won the hearts of families and educators worldwide. 
 Best kids app EVER
 Its 100% free and my kids learn so much!
 If youre looking for a HIGH quality app for your kids, this is it!

Recognition includes:
 Common Sense Media  Top Rated Educational App
 Childrens Technology Review  Editors Choice
 Parents Choice  Gold Award Winner
 Apple App Store  Editors Choice

A LIBRARY OF STORYBOOKS AND VIDEOS:
Discover hundreds of kids books and videos for preschool, kindergarten and early elementary.
 Explore animals, dinosaurs, science, and more with non-fiction books from National Geographic and Bellwether Media. 
 Choose Read To Me for read-aloud storybooks in English or Spanish. 
 Dance and sing-along with videos from Super Simple Songs! 

FROM PRESCHOOL TO 2ND GRADE:
Khan Academy Kids grows with your child, from age 2 through 8 and beyond:
 Preschool learning games build foundational reading, math, and life skills.
 Kindergarten activities cover phonics, sight words, writing, and early math.
 1st and 2nd grade lessons strengthen reading comprehension, problem-solving, and confidence.

SAFE, TRUSTED, AND ALWAYS FREE:
Created in partnership with the Stanford Graduate School of Education by education experts, aligned with Head Start and Common Core Standards, COPPA-compliant, and 100% freeno ads, no subscriptions. Khan Academy is a nonprofit with the mission to provide a free, world-class education for anyone, anywhere.

LEARN ANYWHEREAT HOME, AT SCHOOL, EVEN OFFLINE:
 At home: Khan Academy Kids is the perfect learning app for families at home. From sleepy mornings to road trips, kids and families love learning with Khan Kids. 
 For homeschool: Families that homeschool also enjoy our standards-aligned, educational kids games and lessons for kids.
 At school: In-app Teacher Tools help preschool and elementary school teachers create assignments, track student progress, and make the most of small-group and whole-group learning.
 On the go: No wifi? No problem! Download books and games for learning on the go. Perfect for car trips, waiting rooms, or cozy mornings at home.

START YOUR LEARNING ADVENTURE TODAY
Download Khan Academy Kids and watch your child discover, play, and grow. 

JOIN OUR COMMUNITIES FOR FAMILIES AND TEACHERS
Follow @khankids on Instagram, TikTok, and YouTube. 

KHAN ACADEMY:
Khan Academy is a 501(c)(3) nonprofit organization with the mission to provide a free, world-class education to anyone, anywhere. Khan Academy Kids was created by early learning experts from Duck Duck Moose who created 22 preschool games and won 22 Parents Choice Awards, 19 Childrens Technology Review Awards and a KAPi award for Best Childrens App. Khan Academy Kids is 100% free with no ads or subscriptions.",org.khankids.android,education,organic,2025-11-07 09:35:47
Google Classroom,Google LLC,2.7,"100,000,000+",100000000,Education,"Classroom makes it easy for learners and instructors to connectinside and outside of schools. Classroom saves time and paper, and makes it easy to create classes, distribute assignments, communicate, and stay organized.

There are many benefits to using Classroom:
 Easy to set up  Teachers can add students directly or share a code with their class to join. It takes just minutes to set up.
 Saves time  The simple, paperless assignment workflow allows teachers to create, review and mark assignments quickly, all in one place.
 Improves organization  Students can see all of their assignments on an assignments page, and all class materials (e.g., documents, photos, and videos) are automatically filed into folders in Google Drive.
 Enhances communication  Classroom allows teachers to send announcements and start class discussions instantly. Students can share resources with each other or provide answers to questions on the stream.
 Secure  Like the rest of Google Workspace for Education services, Classroom contains no ads, never uses your content or student data for advertising purposes.


Permissions Notice:
Camera: Needed to allow the user to take photos or videos and post them to Classroom.
Storage: Needed to allow the user to attach photos, videos, and local files to Classroom. Its also needed to enable offline support.
Accounts: Needed to allow the user to choose which account to use in Classroom.",com.google.android.apps.classroom,education,organic,2025-11-07 09:35:47
ClassDojo,ClassDojo,4.8,"10,000,000+",10000000,Education,"Ready to build an amazing classroom community?

ClassDojo is a beautiful, safe, and simple communication app for teachers, parents, and students. 

* Teachers can encourage students for any skill, like Working hard and Teamwork
* Teachers can bring parents into the classroom experience by sharing photos, videos, and announcements
* Students can add their classwork easily to their own digital portfolios for their parents to see
* Teachers can also safely and instantly message with any parent
* Parents see their childs updates at home, as well as a stream of photos and videos from school
* All your favorite teacher tools, like Group Maker and Noise Meter, are now in one place!

ClassDojo helps teachers build a positive classroom culture by encouraging students and communicating with parents.

ClassDojo is free for everyone, and K-12 teachers, parents, students, and school leaders in over 180 countries have joined. It works on all devices, like tablets, phones, computers, and smartboards.

See how much people love ClassDojo at: www.classdojo.comwall-of-love

Join the ClassDojo community today!",com.classdojo.android,education,organic,2025-11-07 09:35:47
CoComelon: Learn ABCs and 123s,Moonbug Entertainment Limited,4.4,"1,000,000+",1000000,Educational,"Ready to learn & play with fun educational games and nursery rhymes for kids and family-friendly activities?Download CoComelon: Learn ABC and 123s!

Designed by experts for 2-5 year old toddlers, the CoComelon learning app is filled with educational, interactive, fun, and creative mini-games for early learning that your child will love.

LAUGH & LEARN the alphabet, abc letters, 123 numbers, colors, shapes, sounds, creative thinking, daily routines, phonics, fine motor skills and more, with hours of replayable educational games and songs for babies, toddlers, preschool and kindergarten kids!

PLAY & ENJOY fun family-oriented games with JJ at the beach, in the bath, at Old Macdonalds Farm, and beyond! Put the wheels on the bus and watch them go round and round!

GROW a love for learning and confidence with thinking creatively from an early age using interactivity, early childhood educational games and music!
 
Why choose CoComelon educational kids games?
 Fun, Educative learning games for ages 2-5 & toddlers
 Designed for little learners by experts
 Check activity progress & preferences
* Use subscription across devices
 Safe, simple and secure with no ads

Play-Based Educational Curriculum for Preschool Kids
Weve combined super fun games with learning! Activities and our kids games are based on an expert-designed early childhood educational curriculum with child-led activities, including alphabet games, letter trace, puzzles, sorting, songs, nursery rhymes and interactive music videos. These help babies and toddlers prior to preschool and kindergarten-aged to develop fine motor skills, exercise thinking skills, grow their vocabulary, and encourage curiosity in a way thats easy for kids to navigate, understand, and remember.

Perfect for Home or On-the-Go Family Learning
Use the free version or subscribe to unlock all games and activitiesonline or offline. Subscribers can access the app across devices, making CoComelon a helpful tool for families looking for educational games to play together, or let kids explore on their own.

Safe, Supportive Screen Time
Your childs safety is our top priority. The app is a secure, ad-free environment. Our privacy policy can be viewed at www.moonbug-gaming.comenprivacy-policy. The apps dedicated Parental Area lets you keep an eye on your childs progress to determine a healthy balance between screen time and real-world activities.

New Kids Games & Educational Content Added Regularly
Start with a free selection of activities based around your kids favourite nursery rhymes. Subscribing unlocks all games themed around our bed time classic Bath Song, summer favorite Beach Song, animal-filled Old MacDonalds Farm Song, festive track Holidays Are Here, and popular CoComelon originals like Yes Yes Vegetables Song and Rocket Ship Song.

SUBSCRIPTION DETAILS:
CoComelon: Learn ABC and 123s is a subscription-based preschool learning app. While free activities are available, subscribing grants unlimited access to all educational content and regular updates.
 Payment is charged through your Play Store account.
 Subscription works across all devices linked to your Google Account.
 Manage or cancel anytime via your Play Store settings.
 Your subscription will automatically renew unless auto-renew is turned off at least 24 hours before the end of the current period.

ABOUT COCOMELON:
CoComelon features JJ, his family, and friends centered on the everyday experiences and positive adventures of young children through relatable characters, timeless stories, and engaging songs. We equip children to confidently embrace lifes everyday experiences using entertaining and educational content focused on social skills, healthy habits, and early life lessons.

Find CoComelon on Instagram, Facebook, TikTok, YouTube and our website: cocomelon.com

CONTACT US:
Have a question or need support? Reach out to us at app.support@moonbug.com",com.moonbug.ccml,education,organic,2025-11-07 09:35:47
Alison: Online Education App,Alison eLearning,4.7,"10,000,000+",10000000,Education,"Learn Anything, Anywhere, Anytime For Free.

Earn globally recognised, CPD-accredited diplomas and certificates from over 5,500 courses. Join Alisons community of 45 million+ learners from over 195 countries on the worlds largest free online learning and empowerment platform.

Are you looking to upskill? 

Or looking for a career change?

Perhaps, you want to launch a side hustle?

Whether youre a student, a recent graduate, an employee, an entrepreneur, or simply a lifelong learner  Alison gives you access to the tools you need to empower yourself and get closer to your dream future.

Learn across 9 categories: IT, Health, Language, Business, Management, Personal Development, Sales & Marketing, Engineering & Construction, and Teaching & Academics

WITH ALISON, YOU CAN
Tailor your learning based on your needs and interests
Build job-ready skills for in-demand roles
Grow industry-relevant knowledge and upskill
Showcase accredited Certificates and Diplomas on your resumé 

WITH THE ALISON APP, YOU GET
Free access to 5,500+ mobile-friendly CPD-accredited courses
Course content suitable for use in areas with low internet connectivity
Personalized course recommendations 
Flexible self-paced learning at your own convenience
To schedule study reminders and track your progress
Synced coursework progress across all your devices


POPULAR CERTIFICATE COURSES
Media Studies - Gaming, the Internet and Social Media
Teaching English as a Foreign Language (TEFL)
Fundamentals of Health and Social Care
JavaScript Application Programming
Learning Lean Six Sigma: White Belt
Basics of Motivational Interviewing
Anger Management and Conflict Resolution

POPULAR DIPLOMA COURSES
Diploma in Caregiving
Diploma in Business Administration
Diploma in Customer Service
Diploma in Mental Health
Diploma in Environmental Management
Diploma in Workplace Safety & Health
Diploma in Food Safety

Learn with expert-curated study material: Increase your knowledge by getting access to over 5,000 free courses with certificates created by subject matter experts. Who knows, you might just end up being more skilled than your boss (if you arent already).

Pick up right where you left off: Whether youre at the beach, in the mountains, or lazing in bed under a blanket, your learning never has to stop. Unless of course, you want to stop.

Explore our extensive directory of industry-relevant courses: Is there a new skill out there? Weve got a course for it. With our ever-evolving course library, learn data science, animation, marketing, cybersecurity, real estate, interior design, creative writing, and much more. When there is solid proof of alien life on Earth, well have a course on how to talk to them too.

Share your achievements: Get your certificates and diplomas posted right to your doorstep. Hang it on your wall or just hang out with it, we wont judge.

Take your career forward with Alison in just a few clicks - empower yourself today!

Alison is a for-profit social enterprise, dedicated to ensuring anyone can study anything, anywhere, at any time, for free online.",com.alison.mobile.flutter,education,organic,2025-11-07 09:35:47
Boddle,Boddle,3.8,"500,000+",500000,Educational,"Boddle is an interactive 3D game that makes learning and practicing math, reading, and science both fun and engaging!

Used by thousands of schools, teachers, parents and students, Boddle is proven to provide young learners with healthy screen time while providing adults with the insight and assurance of learning progress.
 
ENGAGING, EFFECTIVE, TRANSFORMATIVE
- Filled with thousands of math and reading questions, lessons, and instructions
- Unique bottle-headed game avatars that kids love, adore, and grow with
- Fun mini-games and awesome rewards to increase engagement and motivation while learning

PERSONALIZED LEARNING
- Using adaptive learning technology (AI), our program tailors instruction and practice to each child at their very own pace.
- Learning gaps are automatically identified and addressed while providing parents and teachers with real-time reports the moment they appear.

CURRICULUM DEVELOPED BY EXPERTS
Our team of instructional designers and educators have developed over 100,000+ math questions and lesson videos that aligns to standards and skills that are trusted by schools and parents at home.

REPORTING FOR PARENTS AND TEACHERS
Boddle comes with both a classroom (teacher) and a home (parent) app that provides teachers and parents insight on each learners 1) progress and growth, 2) any learning gaps found, and 3) overall game usage.

In addition, both teachers and parents can create and send in assignments and assessments that automatically gets graded and transformed into easy-to-view reports!


Boddles bottle-headed characters uniquely are designed to let students know the importance of filling up with knowledge (like filling up a bottle), valuing others for the content of their character (like how bottles are valued for their content), and to pour back to help others (illustrated with pouring back out to grow plants in the game).

Backed by Google, Amazon, AT&T, Unity3D, and research!",com.boddle.learning,education,organic,2025-11-07 09:35:47
Qdcursos,Qdcentres,0.0,"10,000+",10000,Education,"Amb lapp de Qdcursos podràs descobrir els cursos deducació no reglada, podràs gestionar el dia a dia gràcies a la possibilitat de veure el teu horari, rebre circulars i  xatejar amb els teus companys i professors. A més, també podràs consultar totes les teves matrícules i veure el seu estat, així com desar tots els certificats dels cursos que vagis finalitzant.",org.catformacio.qdcursos,education,organic,2025-11-07 09:35:47
Saint-Marc,Pharos Solutions GmbH,0.0,"5,000+",5000,Education,"Saint-Marc is a learning management system designed to bring together all e-Learning, communication, and collaborative features in ONE simple application.  It helps the school implementing distance learning and provides an interactive online learning experience for students using virtual classrooms, digital file-sharing, interactive quizzes & assignments, and much more.

How Saint-Marc application could be beneficial for Students and Parents?

- Students can attend live interactive online classes, where they can engage with the teachers remotely.
- Students receive documents, files, and learning materials in different types and formats.
- Teachers can communicate with students and their parents anytime and send them customized or saved messages.
- Students and parents can track attendance through the app.
- Students receive assignments and they can solve and submit them online.
- Students can solve tests and quizzes online and get their scores instantly.
- Students and parents have instant access to grades and reports.
- Parents and students can vote for any important topic created by teachers.
- Courses and exam dates are well organized in one calendar",pharossolutions.app.schoolapp.home,education,organic,2025-11-07 09:35:47
Elevate - Brain Training Games,The Mind Company,4.6,"10,000,000+",10000000,Education,"Elevate is an award-winning brain trainer that uses fun games and brain teasers to improve vocabulary, speaking abilities, processing speed, memory skills, mental math, and more for adults and students. Each person gets a personalized learning program that adjusts over time to maximize results.

The more you play Elevate, the more youll improve practical cognitive skills with engaging brain teasers that boost productivity, earning power, and self-confidence. Over 90% of users notice improvements in vocabulary, memory, math skills, and overall mental sharpness by regularly engaging with our games and exercises. Elevate is designed to test and enhance cognitive abilities, making it a great educational tool. No matter your age, background, or profession, you can benefit from our app through daily practice.

Elevate offers a 7-day free trial and a free version. Sign up, then tap the X in the top left corner to use the free version.

IN THE NEWS
Elevate comes out ahead in the battle of the brain training apps. - CNET
Elevate is a cognitive pick-me-up with games that are good for mental breaks throughout the workday. - Washington Post

FEATURES

40+ Brain Training Games: Improve cognitive skills like vocabulary, focus, memory, processing, math, grammar, precision, and comprehension with 40+ brain training games and puzzles for adults and students.
Performance Tracking: Measure your performance in language and problem-solving against yourself and others. Weekly reports highlight your key accomplishments and learning opportunities.
Personalized Workouts: Customize the focus of your daily workouts to train and practice the mind skills you need most. Select from diverse tests, games, and puzzles to stay sharp, increase focus, and build cognitive skills.
Adaptive Progression: Engage in math and word games that evolve in difficulty as you progress, ensuring a fun and challenging experience that tests and hones your concentration, language, and logical problem-solving abilities.
Workout Achievements: Start a workout streak with our brain trainer app and stay motivated with 150+ achievements to win while you train your mind.

WHY ELEVATE

Expand your vocabulary with brain teasers. Learn how to use thousands of new words through fun games and puzzles for adults and students.
Express yourself more effectively by honing your grammar skills and learning to write with clarity and persuasiveness.
Improve your spelling, punctuation, and grammar. Avoid common writing pitfalls with regular practice.
Become a better reader and learner. Easily understand language, improve concentration, and logically flow through everyday materials faster.
Solve everyday math problems quickly and easily. Improve your problem-solving abilities for comparing prices, splitting bills, and calculating discounts.
Boost your focus and memory skills. Get shopping lists out of your pocket and into your mind. Never forget to buy the milk you need or the chocolate youve been craving.
Speak confidently with strong grammar. Advance your speech with new vocabulary words. Become more articulate and develop clear expression and tone.
Feel mentally sharper as an adult. Continue to learn with Elevates proven language and logical problem-solving training program.

Elevates brain games, puzzles, and teasers are created with educational experts based on proven educational learning techniques. Our brain trainers mental workout algorithms draw from cognitive research in attention, memory studies, and logical reasoning, providing exercises that test and enhance focus and memory skills through deliberate practice. 93% of people who use Elevate frequently feel mentally sharper and more confident in key skills, proving the educational value of our program.

For more details, see our Terms of Service (https:www.elevateapp.comterms) and Privacy Policy (https:www.elevateapp.comprivacy).",com.wonder,education,organic,2025-11-07 09:35:47
Brilliant: Learn by doing,Brilliant.org,4.5,"5,000,000+",5000000,Education,"Sharpen your math, data, and computer science skills in minutes a day with Brilliant. For professionals, students, and lifelong learners alikeBrilliant is the best way to learn. Join over 10 million people and explore thousands of bite-size, interactive lessons that get you hand-on with core concepts in everything from from math and computer science to data analysis and physical science.

Brilliants team of award-winning teachers and researches build interactive lessons on so many STEM topics. Build math skills with intro to advanced courses covering algebra, geometry, calculus, probability and statistics, trigonometry, linear algebra, and more. Explore cutting-edge topics like AI, neural networks, algorithms, python, quantum mechanics, and beyond. Whatever math, data, computer science, or science topic youre looking to skill up inBrilliants got you covered. 

**BRILLIANT IS THE BEST WAY TO LEARN**

- EFFECTIVE, HANDS-ON LEARNING

Visual, interactive lessons make concepts feel intuitive  so even complex ideas just click. Our real-time feedback and simple explanations make learning efficient. Research shows that interactive learning is 6x more effective than watching lecture videos.

- GUIDED BITE-SIZE LESSONS

Brilliant makes it easy to stay on track, see your progress, and level up in as little as 15 minutes a day by building your problem solving skills one concept at a time.

- LEARN AT YOUR LEVEL

Professionals, students, and lifelong learners alike can hone dormant skills or learn new ones. Progress through lessons and challenges tailored to your level. Explore intro to advanced courses in algebra, geometry, calculus, logic, statistics and probability, scientific thinking, physics, quantum mechanics, AI, neural networks, algorithms, python, and beyond.

- STAY MOTIVATED

Form a real learning habit with fun content thats always well-paced, game-like progress tracking, and friendly reminders.

**What are people saying about Brilliant?**

Brilliant has taught me mathematical concepts that I previously struggled to understand. I now feel confident approaching both technical job interviews and real world problem solving situations. Jacob S.

I am using this app while taking CS classes and it often does a better job at explaining concepts than my professors.  Erald C.

Well-organized, well-explained, well-designed. Brilliant is absolutely a good choice if you want to learn or relearn anything objective. - Joel M.

Send feedback to android@brilliant.org.

VISIT US: https:brilliant.org",org.brilliant.android,education,organic,2025-11-07 09:35:47
Mimo: Learn CodingProgramming,Mimo: Learn to Code,4.7,"10,000,000+",10000000,Education,"Ready to code? Start your programming journey with Mimo, the essential coding app designed to help you learn Python fast. Supercharge your coding skills by learning Python, JavaScript, HTML, and more programming languages right on your phone. With bite-sized lessons, you can learn to code in popular languages like Python in just 5 minutes a day, practice your skills, build projects, and get certified. Mimo fits coding into your busy schedule and helps you kickstart your career in tech.

Whether youre a beginner or a seasoned developer looking to expand your skill set in Python coding, JavaScript, or HTML, the Mimo Learn to Code app is one of the best coding apps. Our programming courses are perfect for anyone who wants to start learning to code. Learn Python and other essential programming languages on your own to build impressive projects and boost your programming skills.

Mimo: Learn Programming app features: 
 Python, HTML, JavaScript, SQL, CSS, TypeScript, React, Express, Python AI, and Node.JS code
       - Learn Python programming to automate tasks or analyze data. 
       - Learn how to build websites using JavaScript, HTML, and CSS.
 Advance your career with Mimo coding apps career paths in full-stack, front-end, Python coding, and backend web development.
 Run code in Python, JavaScript, or HTML, and build real projects on the go with our intuitive mobile code editor - IDE. 
 Learn programming in Python, HTML, or JavaScript code through optional practice and projects. 
 Practice past topics, try coding playgrounds, and track progress in the Practice tab. 
 Build a portfolio to showcase to potential clients or employers.
 Get a certificate in programming and share it on platforms such as LinkedIn.

 Google Plays Editors Choice
 Best Self-Improvement Apps

The Mimo app gives you a structured way to learn programming, right from your phone. Master computer science and learn code of the programming languages like Python, HTML, JavaScript, SQL, CSS, TypeScript, React, Express, Node.JS, and JavaScript. Master Python coding to automate tasks, analyze data, and explore AI and machine learning. Build websites from scratch using JavaScript, HTML, and CSS.

You can learn to code in Python, HTML, JavaScript, TypeScript and master complex programming concepts with ease. Supercharge your coding skills, build awesome projects, or become a frontend, full-stack, or backend web development expert, and kickstart your career in tech. With Mimo Learn to Code, you can enjoy coding in Python and practice what youve learned with hands-on challenges. With Mimos career paths, you get structured learning of Python, HTML, JavaScript code, and other programming languages for entry-level jobs in tech. Learn coding, apply what youve learned, build a portfolio, and get your dream job.

What our learners say:
I love it! Ive progressed much with JavaScript, Python, and HTML code with Mimo. Thanks to Mimo, maybe I can start programming. Faxri Qurbanov
If you ever want to learn to code Python, and dont know where to start, I recommend this app. Mimo is the best! Peace Emmy

Mimo: Learn ProgrammingCoding apps testimonials:
- This way, you can work learning to code into your daily routine whenever you have a few minutes.  TechCrunch.
- The apps lessons are bite-size to make it easy to squeeze coding into your busy day.  The New York Times.

Start your coding journey with the Mimo Learn Programming app and unlock your career in tech. With our courses in Python, HTML or JavaScript, TypeScript, CSS, SQL, React, you can learn to code and reach your career aspirations. You can code, too!",com.getmimo,education,organic,2025-11-07 09:35:47
Coursera: Grow your career,"Coursera, Inc.",4.5,"10,000,000+",10000000,Education,"Start, switch, or advance your career with more than 8,000 courses, hands-on projects, certificate programs, and degrees. Coursera partners with world-class companies and universities, so that you can learn with experts and build the most job-relevant, in-demand skills.

WITH COURSERA YOU CAN:
 Learn job-relevant skills and industry-standard tools through hands-on projects
 Build knowledge for your career across a wide range of industry-tailored courses
 Get job-ready for an in-demand role through Professional Certificates
 Master a skill in a specific industry field with Specializations
 Advance your career with a bachelors or masters degree

SO THAT YOULL BE ABLE TO:
 Grow your career with confidence
 Develop skills and credentials to stand out
 Enjoy flexibility and control over your career

WITH THE COURSERA APP YOU GET:
 Flexible schedules and on-demand courses
 Downloadable videos for offline viewing
 Audio-only supported courses, so you can learn when and where you want
 Mobile-friendly courses, so you can learn effectively on any device
 Saved coursework, quizzes and projects across your desktop and mobile devices
 Video subtitles for a variety of languages, including: Arabic, French, German, Indonesian, Japanese, Korean, Portuguese, Russian, Chinese, and Spanish

POPULAR COURSES:
 Computer Science: Programming, Mobile and Web Development, Python
 Data Science: Machine Learning, Probability and Statistics, Data Analysis
 Business: Finance, Marketing, Entrepreneurship, Business Strategy, E-commerce, UX, Design
 Information Technology: Cloud Computing, Support and Operations, Data Management, Security

PROFESSIONAL CERTIFICATE PROGRAMS:
 Front end developer, back-end developer, DevOps engineer
 Data analyst, data scientist, data engineer, data warehouse developer
 Project manager, UX designer, digital marketer, social media marketer, marketing analyst
 IT support specialist, application developer, Cybersecurity analyst
 Sales development representative, sales operations specialist bookkeeper, sales representative

DEGREE CATEGORIES:
 MBA and Business Degrees, Management Degrees
 Computer Science and Engineering, Data Science, and Data Analytics
 Social Science, Public Health

Get to Know Us: http:www.coursera.org
Privacy Policy: https:www.coursera.orgaboutprivacy
Terms of Service: https:www.coursera.orgaboutterms",org.coursera.android,education,organic,2025-11-07 09:35:47
Moodle,Moodle Pty Ltd.,4.5,"10,000,000+",10000000,Education,"This official app will ONLY work with Moodle sites that have been set up to allow it.  Please talk to your site administrator if you have any problems connecting.

If your site has been configured correctly, you can use this app to:

- Browse the content of your courses, even when offline
- Receive instant notifications of messages and other events
- Quickly find and contact other people in your courses
- Upload images, audio, videos and other files from your mobile device
- View your course grades
- and more!

Please see http:docs.moodle.orgenMobile_app for all the latest information.

Wed really appreciate your feedback on what else you want this app to do!

The app requires the following permissions:

- Record audio: For recording audio to upload to your site as part of a submission
- Read and modify the contents of your SD card: Contents are downloaded to the SD Card so you can see them offline
- Network access: To be able to connect with your site and check if you are connected or not to switch to offline mode
- Run at startup: So you receive local notifications even when the app is running in the background
- Prevent phone from sleeping: So you can receive push notifications anytime",com.moodle.moodlemobile,education,organic,2025-11-07 09:35:47
Photomath,Google LLC,4.3,"100,000,000+",100000000,Education,"Photomath is known worldwide for helping millions of learners to learn, practice, and understand math  one step at a time. 

Scan any math problem with the Photomath app to get step-by-step explanations with accurate solutions and a variety of teacher-approved methods. Math is about the process, so Photomath breaks your problem into bite-sized steps to help you understand the what and why along with the how. Whether youre learning basic arithmetic or advanced geometry, well tackle it together, step by step. 

Why Photomath? 

Billions of math problems: From elementary arithmetic to advanced calculus and everything in between, Photomath can solve billions of math problemsincluding word problems! Whether handwritten, in a textbook, or on a screen, Photomath is here to help you untangle your trickiest problem.

Step-by-step explanations: Math isnt just about an answer. Its about every step along the way. Thats why Photomath breaks down each step, so you can *really* learn. Less guesswork = less stress, especially with our new Animated Steps, which show you the exact progression of a particular step. Get basic step-by-step explanations at no charge when you download Photomath.

Expert-developed methods: Photomaths educational content is centered around the learners experience, driven by the expertise of our own team of mathematicians and former math teachers. 

Self-paced learning: Photomaths instant support is like having a 247 virtual tutor. Checking your homework before dinner? Stuck on a problem at 2am? We can help. Follow our detailed steps, taking whatever time you need to review definitions, rationale, and more  all within the explanation.

Want to dive deeper and explore more ways to learn? Photomath Plus can get you there with custom Animated Tutorials, detailed Textbook Solutions, and more! 

KEY FEATURES
 Step-by-step explanations included in our basic version (free of charge)
 Word problem instructions
 Interactive graphs
 Video learning
 Multiple solution methods
 Advanced scientific calculator

Photomath is for learners of all levels, including those studying:
Numbers & Quantity
Algebra
Functions
Trigonometry & Angles
Sequences
Geometry
Calculus

The step-by-step guide is beneficial to students that do not have access to a tutor and struggle with solving math problems.  Forbes

A viral video about a new app looks like a dream come true for anyone who struggles with math.  Time
___________________________________________

 Payment will be charged to your Google account at the confirmation of purchase. 
 A subscription automatically renews unless its canceled at least 24 hours before the end of the current billing period. 
 Your account will be charged for renewal within 24 hours prior to the end of the current period. 
 Manage or cancel your subscription in your account settings on the Google Play after purchase. 
 Offers and pricing are subject to change without notice. 

Suggestions or questions? Email us at support@photomath.com 

Website: www.photomath.com
TikTok: @photomath
Instagram: @photomath 
Facebook: @Photomathapp 
Twitter: @Photomath 

Terms of Use: https:photomath.appentermsofuse 
Privacy Policy: https:photomath.appenprivacypolicy",com.microblink.photomath,education,organic,2025-11-07 09:35:47
Gauth: AI Study Companion,GauthTech Pte. Ltd.,4.8,"50,000,000+",50000000,Education,"Gauth is the #1 AI study companion powered by newest AI model! Trusted by millions of users, Gauth offers unlimited answers for all subjects. Try Gauth for all your learning needs!

Key Features:
 ACCURATE ANSWERS, STEP-BY-STEP
Compared to other homework helpers, Gauth is faster and more accurate at solving homework problems, especially with the support of Gauth AI Pro. Problems could be solved quickly within a few seconds, and all answers are accompanied by animated instructions and detailed explanations.

 AI LIVE TUTOR, VOICE & WHITEBOARD
Stuck on a question? With AI Live Tutor, ask by voice anytime and see problems explained clearly on a live whiteboardjust like having a personal tutor by your side.

 DEEPTHINKING, INSPIRE YOUR LEARNING
Powered by Gauth AI, integrates the advantages of multiple AI models and solves your problems smarter and more deeply. With Gauth AI, we hope you can get inspired and learn efficiently.

 MASTER ALL SUBJECTS, ALL GRADES
Not only Math questions, Gauth could now solve all different levels of problems in Physics, Chemistry, Biology and more.

 REAL EXPERTS READY TO HELP 247
As a strong and resourceful homework solver, we have professional experts and dedicated experts ready to help you 247 with multiple subjects, including Math, Physics, Chemistry, and Biology. All experts are available to solve your problems anytime and anywhere, offering clear step-by-step explanations. With Gauth, you can easily understand and master different subjects.

 EASY TO USE, HOMEWORK IS COOL
Simply take a photo of your problem, and Gauth will recognize it and crop your question automatically. After uploading, our experts will provide solutions in a few seconds with well-formatted answers and explanations. With Gauth, we hope you can find homework is also fun and easy to understand!

 STUDY TOOLBOX, ALL-IN-ONE APP
Packed with essential tools like Reading, Writing, Focus Mode, and Calculator. Whether you are struggling with tough books, writing, distraction or calculation, get text simplification, grammar check and math calculation in one app. Gauth helps you to supercharge your academic performance.

 SUBJECTS COVERED
- Math
- Biology
- Physics
- Chemistry
- Others
 MATH TOPICS COVERED
- Math Word problems
- Algebra (Real Number; Arithmetic; Set theory; Expression; Logarithm; Complex Number)
- Function (Linear; Quadratic; Polynomial; Exponential; Rational; Logarithmic; Inverse Function)
- Geometry (Plane & Solid Geometry; Algebra & lines; Lines & Planes in Space; Transformation)
- Trigonometry (Trigonometric Ratios; Law of Sines; Law of Cosines; Reciprocal Properties)
- Calculus (Derivatives; Integrals; Limits; the TangentArea Math problem)
- Statistics and Data Analysis (Probability; Data Representation; PoissonNormal Distribution)
- Matrix (Matrix Algebra; System of Linear Equations & Matrices)
- Logic (Reasoning & Proof)
 Want to level up your learning? With Gauth Plus, you will get:
- Unlimited answers and explanations
- High accuracy in answers
- Advanced AI tutor with clearer live explanations
- Access to 20M+ tutorial videos
- A question bank of 100M+
- 247 tutor help
Terms of Service https:h5.gauthmath.comterms
Privacy Policy https:h5.gauthmath.compolicy

STAY CONNECTED
- Tiktok: www.tiktok.com@gauthofficial
- Website: www.gauthmath.com
- Email: support@gauthmath.com",com.education.android.h.intelligence,education,organic,2025-11-07 09:35:47
Google Fit: Activity Tracking,Google LLC,3.6,"100,000,000+",100000000,Health & Fitness,"Get to a healthier and more active life with the new Google Fit!

Its hard to know how much or what kind of activity you need to stay healthy. Thats why Google Fit collaborated with the World Health Organization (WHO) and the American Heart Association (AHA) to bring you Heart Points, an activity goal that can help improve your health.

Activities that get your heart pumping harder have tremendous health benefits for your heart and mind. Youll earn one Heart Point for each minute of moderate activity like picking up the pace when walking your dog, and double points for more intense activities like running. It takes just 30-minutes of brisk walking five days a week to reach the AHA and WHOs recommended amount of physical activity shown to reduce the risk of heart disease, improve sleep, and increase overall mental wellbeing.

Google Fit will also help you:

TRACK YOUR WORKOUTS FROM YOUR PHONE OR WATCH
Get instant insights when you exercise and see real-time stats for your runs, walks, and bike rides. Fit will use your Android phones sensors or Wear OS by Google smartwatchs heart rate sensors to record your speed, pace, route, and more.

MONITOR YOUR GOALS
See your daily progress on your Heart Points and Steps goal. Meeting your goals all the time? Easily adjust your goals to keep challenging yourself to achieve a healthy heart and mind.

MAKE ALL YOUR MOVEMENT COUNT
If you walk, run, or bike throughout the day, your Android phone or Wear OS by Google smartwatch will automatically detect and add your activities to your Google Fit journal to ensure you get credit for every move. Want extra credit? Turn up the tempo on your walks by starting a paced walking workout and stepping to the beat. Enjoy a different type of workout? Select it from a list of activities like pilates, rowing, or spinning, and Google Fit will track all the Heart Points you earn.

CONNECT WITH YOUR FAVORITE APPS AND DEVICES
Fit can show you info from many of your favorite apps and devices to give you a holistic view of your health, so youll never lose track of your progress. These include Lifesum, Wear OS by Google, Nike+, Runkeeper, Strava, MyFitnessPal, Basis, Sleep as Android, Withings, Xiaomi Mi bands, and more.

CHECK IN AT ANYTIME, FROM ANYWHERE
See a snapshot of your activity history across Fit and your integrated apps in the redesigned journal. Or, get the full picture in browse, where you can find all of your health and wellness data.

KEEP A FINGER ON THE PULSE OF YOUR HEALTH
Breathing is one of the simplest ways to reduce tension and relieve stress. With Fit, checking in with your breath is easyall you need is your phone camera. As well as your respiratory rate, you can measure your heart rate to get a better understanding of your bodys wellbeing.

VIEW YOUR DAYS STATS AT A GLANCE
Add a widget to the home screen of your Android phone or set up a tile and complication on your Wear OS by Google smartwatch.

Learn more about Google Fit and see a list of supported apps at: www.google.comfit",com.google.android.apps.fitness,health fitness,organic,2025-11-07 09:35:50
Samsung Health,"Samsung Electronics Co., Ltd.",3.6,"1,000,000,000+",1000000000,Health & Fitness,"Start healthy habits for yourself with Samsung Health.

Samsung Health has various features to help you manage your health. As the app allows you to automatically record many activities, creating a healthy lifestyle is easier and simpler than ever.

Check various health records on the home screen. Easily add and edit the items that you want to manage such as daily steps and activity time.

Record and manage your fitness activities, such as running, cycling, swimming, etc. Also, Galaxy Watch wearables user can now exercise more effectively through Life Fitness, Technogym and Corehealth.

Create healthy eating habits by recording your daily meals and snacks with Samsung Health.

Work hard and always maintain your best condition with Samsung Health. Set goals that work for your own level, and keep track of your daily condition including your activity amount, workout intensity, heart rate, stress, oxygen level in the blood, etc.

Monitor your sleep patterns in more detail with Galaxy Watch. Make your mornings more refreshing by improving the quality of your sleep through sleep levels and sleep scores.

Challenge yourself against your friends and family to become healthier in a more fun and interactive way with Samsung Health Together.

Samsung Health has prepared videos of expert coaches who will teach you new fitness programs including stretching, weight loss, and more.

Discover meditation tools on Mindfulness that will help you relieve stress throughout your day. (Some contents are only available through an optional paid subscription. Content is available in English, German, Spanish, French, Portuguese and Korean.)

Cycle tracking offers helpful support in menstrual cycle tracking, related symptom management and personalized insights and contents through your partner, Natural Cycles.

Samsung Health protects your private health data securely. All Samsung Galaxy models released after August 2016, Knox enabled Samsung Health service will be available. Please note that Knox enabled Samsung Health service will not be available from rooted mobile.

Tablets and some mobile devices are not supported, and detailed features may vary depending on the users country of residence, region, network carrier, model of the device, etc.

Requires Android 10.0 or later. Supports over 70 languages, including English, French, and Chinese. An English language version is available for the rest of the world.

Please note that Samsung Health is intended for fitness and wellness purposes only and is not intended for use in the diagnosis of disease or other conditions, or in the cure, mitigation, treatment, or prevention of disease.

The following permissions are required for the app service. For optional permissions, the default functionality of the service is turned on, but not allowed.

Optional permissions
- Location : Used to collect your location data using the trackers(exercises & steps), Used to display a route map for exercise, and to display the weather during exercise
- Body Sensors : Used to measure heart rate, oxygen saturation, and stress (HR&Stress : Galaxy S5Galaxy S10  SpO2 : Galaxy Note4Galaxy S10)
- Photos and videos(storage) : You can importexport your exercise data, save exercise photos, saveload food photos
- Contacts : Used to check if you are logged into your Samsung account, and to create a friend list for Together
- Camera : Used to scan QR codes when you add friends using the Together, and to take photos of foods, and to recognize numbers on a blood glucose meter&blood pressure monitor(Available in some countries only)
- Physical activity : Used to count your steps and to detect workouts
- Microphone : Used to record audio for snore detection
- Nearby devices : Used to scan for and connect to nearby devices, including Galaxy Watches and other accessories
- Notifications : Used to provide you with timely information
- Phone : Used to confirm your phone number for Together.",com.sec.android.app.shealth,health fitness,organic,2025-11-07 09:35:50
Fitbit,Google LLC,4.1,"100,000,000+",100000000,Health & Fitness,"See the big picture on your health and fitness journey with the Fitbit app. Find easy ways to get active, sleep better, stress less and eat healthier.

Track the stats you care about across health, fitness and sleep, and change your goals as your routines evolve. Stay motivated with energizing workout content for your body and mind. See how far youve come with a glance at your personal goal progress and how you stack up to friends and family. Unlock even more possibilities when you sync up with a wearable device like Fitbit tracker or smartwatch and see how your activity, sleep, nutrition and stress all fit together.

GET MORE ACTIVE: See how small moves add up by using your smartphone to track steps and distanceor pair with a Fitbit tracker or Wear OS by Google smartwatch to record your heart rate, Active Zone Minutes, calories burned and more. Leverage tiles and complications to easily access your stats.Its a fitness planner in your pocket: Use the app as a diary to set goals and track your progress. Plus, that motivation youve been looking for is right in the app. Bring the gym home with a curated list of audio and video workouts that you can do at your own pace, right from your living room.* Youll find sessions for HIIT, cardio, strength, running, biking, yoga and more.

TRACK YOUR HEART HEALTH: Understand your overall health by using your watch or tracker to keep tabs on your heart rate 247. Monitor your heart rhythm and see your resting heart rate trends, plus time spent in heart rate zones during workouts.

SLEEP BETTER: Find sleep tools to help you learn about your sleep quality and improve itfrom  measuring your sleep duration and sleep stages to understanding your restless time. Set reminders for bedtime and wake-up time to keep your sleeping schedule managed.

STRESS LESS: Listen to audio sessions to lessen stress and improve your mood. Use mindfulness to start your day a better way, find moments of calm and set intentions with meditation or get help falling asleep with breathing exercises and relaxing sounds.*

EAT SMARTER: Keep your diet in check with easy-to-use tools for setting goals. Tracking meals and logging food & water intake lets you see if youre getting enough protein, fat, fiber and carbs on your way to managing your weight and overall health.

EVEN MORE WITH FITBIT PREMIUM: Upgrade to Fitbit Premium and get all the guidance, insights and inspiration you need to take your workout routine to the next level.

 Your Daily Readiness Score helps you understand when its time to go all out and when its time for rest & recoveryplus, youll get recommended workouts based on your bodys needs.
 Get the support you need across a whole library of workouts to keep your mind and body fitfrom strength training, HIIT and cycling to dance cardio, yoga, meditation and moreled by Fitbits expert trainers who are ready to coach.
 Perfect your mindfulness practice with a full library of sessions that calm anxiety, prep for sleep and even help you meditate while walking.
 Find new ways to rest & recover with your Sleep Score. Plus, check out your sleep patterns and monthly trends in your Sleep Profile.
 Feed your appetite with access to easy, healthy recipes to help you reach your nutrition goals and bring your wellness full circle.


*A Fitbit Premium subscription is required to access the full content library.

Some Fitbit devices let you handle calls and texts right from your wrist so permissions might be required during setup.",com.fitbit.FitbitMobile,health fitness,organic,2025-11-07 09:35:50
Health Connect,Google LLC,2.2,"500,000,000+",500000000,Health & Fitness,"Health Connect by Android gives you a simple way to share data between your health, fitness, and wellbeing apps without compromising on privacy.

Once youve downloaded Health Connect, you can access it through your settings by going to Settings  Apps  Health Connect, or from your Quick Settings menu.

Get more from your favorite apps. Whether youre focused on activity or sleep, nutrition or vitals, sharing data between your apps can help you better understand your health. Health Connect gives you simple controls, so you only share the data you want to.

Keep your health and fitness data in one place. Health Connect stores the health and fitness data from your apps in one place, offline and on your device, so you can easily manage the data from your different apps.

Update privacy settings in a few taps. Before a new app can access your data, you can review and choose what you want to share. If you change your mind, or want to see which apps recently accessed your data, find it all in Health Connect.",com.google.android.apps.healthdata,health fitness,organic,2025-11-07 09:35:50
Runna: Running Plans & Coach,Runna,4.7,"1,000,000+",1000000,Health & Fitness,"Take your running to the next level with Runna.

Runna is a personal running coach in your pocket. We provide world-class training, coaching and community for everyone, whether youre doing a couch to 5k plan or training for your first marathon. Find out why were rated 4.995 on Trustpilot. 


WHY USE RUNNA

1) Personalized plans just for you, helping you to reach your 2025 goals
Our #1 rated training plans are customized just for you with proven, science-based programming and training plans that adapt as you progress.

2) Syncs with your favorite devices
Follow all of your workouts on your compatible devices* live as you run - the Runna app provides you with guided runs from our expert coaches.

3) Holistic support
Get holistic support to develop yourself as a runner, whether thats running form and nutrition advice or injury management

4) Strength training
Complement your running with personalized strength and conditioning support that fits alongside your running plan

5) Track and record your runs
Tracking and recording your runs is simple. Our GPS tracking will map your route, distance (in miles or kms) and pace, so youve got nothing to worry about. 


HOW DOES RUNNA COACH ME?
Built by elite athletes and world-class coaches, Runnas training plans are science-backed and dynamic.
As you progress, adjust your schedule, or face unexpected changes, your Runna plan will continuously update to keep you on track. With real-time insights, dynamic feedback, and expert guidance, it evolves alongside youensuring every step is optimized for your goals, from building endurance to achieving peak performance.


BECOME A RUNNA

1) Join the community
Stay motivated and accountable by joining a private community of thousands of runners all over the world

2) Get discounts & offers
Weve partnered with leading nutrition, apparel, events and supplement providers to offer exclusive discounts.

3) Join events, live classes & more
Sign up for our in-person running events that include trail runs and time-trials, or join our weekly live yoga and pilates classes

4) Support from our coaching team
Our friendly coaches and customer support team are always on hand if you have any questions - just message us in-app


OUR PLANS

All of our plans will be tailored to your level: from beginner, intermediate and advanced all the way up to elite. We have plans for improving your 5k, 10k, half marathon, marathon and ultramarathon! As well as post-natal plans and those to help you get fit or recover from injury.  


RUN ANYWHERE

Whether youre training outdoors or indoors on a treadmill, Runna has you covered. Well help you set the correct pace for your long runs, intervals, speed sessions and more.

TRAINING FOR A RACE?

Runna will help you train for your next race - whether its the London Marathon, New York Marathon, Copenhagen Half Marathon or your local Parkrun - weve got you covered!

*COMPATIBLE DEVICES:

Runna is compatible with a wide range of devices including Apple Watch, Garmin, COROS, Suunto and Fitbit. This ensures you can track your runs, regardless of your preferred device.

RUNNA PREMIUM

Following your free trial, subscribe to Runna Premium with a monthly or annual plan.
Track your progress, monitor your pace, and burn those calories with personalised workout plans and support. 

Payments and renewal:
- Payment will be charged to Play Store Account at confirmation of purchase. Subscription automatically renews unless auto-renew is turned off at least 24-hours before the end of the current period.
- Account will be charged for renewal within 24-hours prior to the end of the current period.
- You can manage or turn off auto-renew in your Account settings at any time after purchase
- No cancellation of the current subscription is allowed during the active period.

Terms of use: https:www.runna.comterms-and-conditions
Privacy policy: https:www.runna.comprivacy-policy",com.runbuddy.prod,health fitness,organic,2025-11-07 09:35:50
MyFitnessPal: Calorie Counter,"MyFitnessPal, Inc.",4.4,"100,000,000+",100000000,Health & Fitness,"Achieve your nutrition, calorie, macro, and fitness goals with MyFitnessPal. MyFitnessPal is a comprehensive food and fitness tracker, with everything you need to reach your goals. Macros, calories, food, and workouts  track it all in one place.

Change your habits with fitness and food. Download our health and nutrition app and start your free Premium trial today. With MyFitnessPal, you have access to exclusive food inspiration, an intermittent fasting tracker, fitness logging tools, expert guidance, and the calorie tracker. Youll soon discover why MyFitnessPal is the #1 nutrition and food tracking app in the U.S and has been featured in the New York Times, Forbes, the Today Show, and U.S. News & World Report.


MyFitnessPal is more than a calorie tracker & food journal. Monitor your health and fitness progress within the app.

MYFITNESSPAL FEATURES

Food Tracker  Track Calories & Macros
 Food tracking made easy. Quickly log your meals throughout your day from over 20.5 million foods (including restaurant dishes) from one of the largest food databases available
 Macro tracker lets you see carbs, fat, & protein breakdownno need for a separate app! Set goals for macros, protein, sodium, fiber, and more
 Make sure youre staying hydrated with our water tracker

Fitness  Track Workouts, Weight, and Progress
 Activity Tracker  Add workouts and steps with the integrated fitness tracker
 See Your Fitness Progress  Track at a glance, or analyze the details of your diet & macros
 Stay Inspired  Keep your diet and fitness routine exciting with workouts and food inspiration
 Exercise and Count Calories  See how your workouts, fitness, and diet affect daily calorie goals
 Track With Wear OS  A calorie counter, water tracker, and macro tracker on your watch. Add complications to the home screen for faster logging, and the tile for tracking different nutrients at a glance.

Workouts & Meal Plans, Tailored to You
 Customize your health & fitness goals  Weight loss, weight gain, weight maintenance, nutrition, & fitness
 Personalized dashboards  Fitness, health, and diet stats are all in one place to easily see and track your progress

 Add Your Own MealsFood Tracker  Save recipes and meals for quick logging and keep tabs on your diet
 Follow the new easy meal planner to simplify tracking and help hit your goals
 Connect 40+ Apps & Devices  From smartwatches, fitness trackers, and other health and fitness apps, track your intake and activity through your watch with WearOS
 Get Connected Find friends and motivation in our active MyFitnessPal forums

Premium
 Reach your goals with barcode scan, meal scan, and voice logging
 Customize macros and set custom goals
 Enjoy ad-free food logging with insights and comparisons built into premium 
 Net Carbs ModeCarb Tracker  Keep track of your low-carb or keto diet, view net carbs in your food

Premium Plus - Expanded Features to Help Hit Your Goals
 All of the Premium features, like barcode scanning now available with meal planning
 Personalized meal plans, integrated grocery delivery, and smart meal tracking tools
 Your one-stop shop for meal planning, grocery shopping, food logging, and nutrition insights to help you reach your goals
 1000s of healthy recipes to help you reach your goals

MyFitnessPal is the leading health and nutrition app that helps you learn about your food habits, monitor your diet and conquer your health goals.

Download Today and Start Your Free Premium Trial

View our terms & conditions and privacy policy: 
https:www.myfitnesspal.comterms-of-service
https:www.myfitnesspal.comprivacy-policy",com.myfitnesspal.android,health fitness,organic,2025-11-07 09:35:50
Map My Fitness Workout Tracker,"MapMyFitness, Inc.",4.7,"1,000,000+",1000000,Health & Fitness,"Map My Fitness  All-in-one Workout Tracker & Fitness Planner

Stay on top of your health goals with Map My Fitness, the all-in-one Workout Tracker and Fitness Tracker designed to help you build better habits, stay consistent, and train smarter. Whether youre getting started with daily exercise or optimizing your performance at the gym, this powerful fitness app keeps you accountable and inspired.

Join a community of over 100 million users committed to movement, wellness, and self-improvement. Map My Fitness makes it easy to log every workoutat home, in the gym, or on the goand see real results.

TRACK FITNESS EVERY ACTIVITY, EVERY DAY
- Log over 600+ activities including walking, running, cycling, gym workouts, strength training, and more
- Use the built-in Workout Tracker to track distance, time, pace, calories, and heart rate
- Perfect for daily yoga, HIIT, and cardio workout routines
- Monitor your progress with accurate GPS tracking and detailed performance stats
- Easily record both indoor and outdoor sessions including yoga workout, gym training, and cross training
- No matter your stylecalm yoga workouts, intense lifts, or steady cardiothis Fitness Tracker keeps everything in one place.

PLAN & PERSONALIZE YOUR FITNESS ROUTINE
- Create your own workout planner to match your goals and schedule
- Browse the exercise video library of 100s of routines
- Set weight loss, performance, or endurance goals and track your journey
- Use built-in tools to adjust intensity and track consistency
- Perfect for beginners building a routine or athletes fine-tuning a plan
- Stay motivated with streaks, reminders, and progress summaries

Your training, your pace. This Workout Tracker grows with you.

CONNECT TO YOUR DEVICES & APPS
- Sync with Garmin, Polar, Suunto, and other top fitness wearables
- Form Coaching tips for Garmin users to improve your form and prevent injury.
- Pair with Google Fit to track your heart rate and your full training picture.
- Pair with MyFitnessPal to balance your nutritionmeal planning and calorie burn
- Connect Bluetooth wearables for advanced performance tracking
- Integrate your Fitness Tracker with other top fitness apps for a complete picture of your wellness

Whether youre indoors doing a gym workout or outside jogging, your progress is always up to date.

TRAIN SMARTER WITH MVP PREMIUM
- Level up with Premium features made for serious progress:
- Personal training plans that adapt to your fitness level
- Live Tracking to share your workout with loved ones for safety
- Heart rate zone analysis to optimize every cardio workout
- Limited Ads  focus on your workout and minimize distractions in the app.
- Custom workout splits, pace alerts, and deeper insights

Perfect for anyone serious about gym training, daily exercise, and long-term results.

MOTIVATION THROUGH COMMUNITY
- Connect with friends or meet new workout partners
- Share your achievements and get inspired by others
- Join fitness challenges to stay engaged and win rewards
- Support and be supported by millions of users just like you

From solo stretches to group gym workouts, motivation is only a tap away.

YOUR FITNESS JOURNEY STARTS NOW
Download Map My Fitness today and make every move count. From tracking cardio workouts to building your ideal workout planner, this powerful Workout Tracker and Fitness Tracker is your everyday companion for a healthier, stronger you.",com.mapmyfitness.android2,health fitness,organic,2025-11-07 09:35:50
Home Workout - No Equipment,Leap Fitness Group,4.9,"100,000,000+",100000000,Health & Fitness,"Home Workouts provides daily workout routines for all your main muscle groups. In just a few minutes a day, you can build muscles and keep fitness at home without having to go to the gym. No equipment or coach needed, all exercises can be performed with just your body weight.

The app has workouts for your abs, chest, legs, arms and butt as well as full body workouts. All the workouts are designed by experts. None of them need equipment, so theres no need to go to the gym. Even though it just takes a few minutes a day, it can effectively tone your muscles and help you get six pack abs at home.

The warm-up and stretching routines are designed to make sure you exercise in a scientific way. With animations and video guidance for each exercise, you can make sure you use the right form during each exercise. 

Stick with our home workouts, and you will notice a change in your body in just a few short weeks.   

 Features 
 Warm-up and stretching routines
 Records training progress automatically 
 The chart tracks your weight trends 
 Customize your workout reminders 
 Detailed video and animation guides 
 Lose weight with a personal trainer 
 Share with your friends on social media 

Bodybuilding App
Looking for a bodybuilding app? No satisfied bodybuilding app? Try our build muscle app! This build muscle app has effective muscle building workout, and all muscle building workout is designed by expert.

Strength Training App
Its not only just a build muscle app, but also a strength training app. If you are still looking for muscle building workout, muscle building apps or strength training app, this muscle building apps is the best one you can find among the muscle building apps.

Fat Burning Workouts & HIIT Workouts
The best fat burning workouts & hiit workouts for better body shape. Burn calories with fat burning workouts, and combine with hiit workouts to get the best results.

Home Workouts for Men
Want effective home workouts for men? We provide different home workouts for men to workout at home. The home workout for men is proven to help you get six pack abs in a short time. Youll find the home workout for men that most suitable for you. Try our home workout for men now!

Multiple Exercises
Push ups, squats, sit ups, plank, crunch, wall sit, jumping jacks, punch, triceps dips, lunges...

Fitness Coach
The best fitness apps and workout apps. All sport and gym workout in this workout apps and fitness apps are designed by professional fitness coach. Sport and gym workout guide through the exercise, gym workout and sport, just like having a personal fitness coach in your pocket!",homeworkout.homeworkouts.noequipment,health fitness,organic,2025-11-07 09:35:50
HealthKart: Fitness for All,Brightlifecare,4.2,"5,000,000+",5000000,Health & Fitness,"Winning the trust of over 3 million customers, HealthKart has been successfully providing a broad range of authentic health and nutritional supplements for over 14 years. To accompany fitness enthusiasts in their journey, we have established ourselves with 225 operational stores across India. You can also trust our app to choose authentic, GMP certified products that deliver what you see. Our range of products are inclusive for all - from kids to adults. We ensure everyone achieves their health and fitness goals. 

Browse 5 lac + Products from 150+ Brands on HeathKart App

Our easy-to-use HealthKart app lists more than 150 brands with over 5 lac products. Whether you need creatine monohydrate, l carnitine, biotin tablets, glutathione tablets, whey proteins,  ashwagandha powder, weight gainers, or anything specific to meet your fitness needs, we have it all. Also, we sell creatine, protein powder, pre workout, multivitamin tablets, and more from domestic and international brands.


You can explore authentic fitness products and shop from Indias reliable and biggest online store. 

We Got All Your Favourite National and International Brands 


We believe that the key to a healthy body begins with what we fuel our body with. This is why HealthKart App has got all your favourite national and international brands such as:

Muscleblaze
GNC
Herbalife
ON (Optimum Nutrition)
My Protein 
Muscletech
Ultimate Nutrition
Dymatize
Isopure
TrueBasics

Any athlete or a fitness fanatic looking for pocket-friendly supplements or gym workout supplements like mass gainer, weight gainer, BCAA, omega 3 capsules, apple cider vinegar, peanut butter, you can choose our HK app. Whatever your fitness and health goals are, you can find every supplements at HealthKart fitness app:

How Easy is it to Use an HK App? 

Find the product you like on the HealthKart App. Refine your search as per price, gender and concern, and checkout securely. You can also refer it to your friend, avail discounts using HK coupons and membership, find informational blogs and videos about fitness. HealthKart provides special offers to both existing and new customers. You can buy your favourite products at the best price using HK coupons.

Key Features of HK App

This is what makes our HealthKart app standout: 

Fast & Secure Checkout - Quick & secure checkout with Google Pay, Debit card, Credit Card, COD, EMI, Amazon Pay and Wallet.
WishList Collections - Add the products to your wish list for quick ordering for your next workout collection.
Supplement Stores Near You - You can use the HealthKart online app to find HealthKart supplement stores near you that sell health and wellness products.
Loyalty (HK Premium Membership for a year) - With Loyalty membership, you can unlock extra discounts, extra cashback in the form of HK Cash, instant extra discounts and extra savings during flash sales, deals, and launch offers and low price on bogo deals.
Fitness Tracking - You can keep yourself active with the HealthKart fitness tracking feature. Follow amazing workout videos, consult dieticians and get the top quality supplements.

In case of any queries, you can connect with our veteran experts to start your fitness in the right direction. To know more, you can visit https:www.healthkart.com .",com.healthkart.healthkart,health fitness,organic,2025-11-07 09:35:50
FitOn Workouts & Fitness Plans,FitOn,4.5,"5,000,000+",5000000,Health & Fitness,"Lose weight, sweat, and get fit anytime, anywhere with free home exercise workout videos, personalized fitness plans and guided meditations. Get fit with workouts you can do at home, outside, or in the gym.

Reduce stress with a calming yoga practice, increase your fitness with a fun cardio workout, and feel good with hundreds of other free fitness videos. 

Find fitness plans and home workouts that you can also enjoy outside or even in the gym. Get your sweat on with celebrity trainers like Jeanette Jenkins or Cassey Ho (of Blogilates) and read advice articles on how to take care of yourself both mentally and physically.

Achieve personalized health and fitness goals with unlimited access to the best home workouts and exercise videos. From cardio to strength training to HIIT, yoga, Pilates, Barre, and much more - youre guaranteed to get your sweat on and find a class you love. Plus, youll get to work out with top celebrity trainers like Cassey Ho (of Blogilates), Jeanette Jenkins, Katie Dunlop, Christine Bullock, Kenta Seki, Danielle Pascente, and many more.

Plus, access EXCLUSIVE workout videos led by Gabrielle Union, Julianne Hough, and Jonathan Van Ness.

Also, reduce stress, get better sleep, improve breathing, relax your body and rejuvenate your mind with short and effective meditations.

CARDIO HIIT, YOGA, PILATES, BARRE & MORE! HOME WORKOUTS JUST FOR YOU
 Quick & effective fitness videos from celebrity trainers like Jeanette Jenkins, Cassey Ho (of Blogilates), and many more! 
 Exclusive workouts with Gabrielle Union, Julianne Hough, & JVN
 No gym? No problem. Turn your home into a fitness studio with your phone, laptop or TV

PERSONALIZED FITNESS PLANS & EXERCISE VIDEOS 
 Reach your goals with personalized workout plans
 Lose weight, build muscle, increase your cardio endurance, get fit or reduce stress with plans that work for you

FITNESS VIDEOS FOR EVERYONE
 Enjoy cardio, HIIT, yoga, Pilates, Barre, strength, dance, and more
 Browse by workout category, body part, length and intensity
 Short on time? Weve got quick HIIT 10-minute workouts so you can get your workout in fast! 
 Workout anytime on-demand, join a live class, and get ready to sweat! 

GUIDED MEDITATIONS
 Calming meditations to help reduce stress and anxiety
 Guidance toward improved breathing
 Increased relaxation for better sleep

STAY MOTIVATED & STAY FIT WITH EXERCISE VIDEOS
 Join the live leaderboard for friendly competition
 Track your progress and share with friends
 Real-time text messaging with friends or workout partners

FitOn is compatible with WearOS
 Monitor real-time heart rate on Wear OS devices

Plus, you can access workouts online from your TV or computer: https:app.fitonapp.com

Find fitness plans that work for you. Short, fun and effective, the best workouts, from the best personal trainers. Always on.

Barre, pilates, and so many more exciting fitness videos, plus guided meditations! Download FitOn and start your new fitness routine today!",com.fiton.android,health fitness,organic,2025-11-07 09:35:50
"Fitify: Fitness, Home Workout",Fitify Workouts s.r.o.,4.7,"10,000,000+",10000000,Health & Fitness,"Who needs a gym? Get in shape at home with Workouts & Plans from Fitify.

You can work out using only bodyweight training (no equipment!). However, we also include workouts and training plans with equipment and tools such as:
  Kettlebell
  TRX
  Bosu
  Swiss Ball
  Medicine Ball
  Resistance Band
  Dumbbell
  Barbell
  Foam Roller
  Pull-Up Bar

Fitify is your ultimate full-body workout app for bodyweight training, whether youre at home or in the gym. With over 900 exercises in the app, your daily workout plans are always fresh, fun, and challenging. Work out anywhere, anytime using any fit tool. No equipment required, but if you have one  take advantage of it!

What can we do for you?
 Personalized fitness plan - custom training plan based on your experience, goal, and time options. Each workout routine is created based on your personal fitness level to get you the best results.
 15 minutes daily workouts
 over 900 bodyweight & fit tools exercises - so the workout is always fun, unique, and effective
 20+ prebuilt workouts - choose body part, type of training and duration
 15+ prebuilt recovery sessions - Stretching, Yoga, and Foam Rolling sessions
 ability to build your own Custom workout from our huge exercise database
 works offline
 voice coach
 clear HD video demonstrations


Fitness Plans
 Weekly training plan full of Workout and Recovery sessions
 Workouts only take 15-25 minutes to complete.
 HIIT, Tabata, Strength Trainings, Cardio and Recovery sessions with easy-to-follow video exercises.
 See history and track your awesome progress!

Custom Workout Routines
Blend your own workout from our beast database of over 900 exercises.

Standalone Workouts
Whether you go bodyweight or use a tool like Kettlebell, you can choose to follow a plan or run any of our prebuilt workouts. Choose body part, type of training, duration. Thats it.

Strength:
 Fullbody Workout
 Insane Six Pack
 Complex Core
 Strong Back
 Complex Lower Body
 Explosive Power Jumps
 Amazing Butt
 Complex Upper Body
 Arm Blaster
 Monster Chest
 Shoulders & Upper Back

HIIT & Cardio
 High Intensity (HIIT)
 Light Cardio (LISS)
 Tabata
 Cardio-Strength Intervals
 Plyometrics
 Joint Friendly

Special
  Warm-Up
 Cool Down
 Balance & Coordination
 Scientific 7 minutes
 Functional workout
 Fullbody training

Recovery Sessions
 Full Body Stretching
 Upper Body Stretching
 Back Stretching
 Lower Body Stretching
 Full Body Flexibility Yoga
 Yoga for Runners
 Yoga for Healthy Back
 Morning Yoga
 Yoga for Sleep
 Full body Foam Rolling
 Legs Foam Rolling
 Back Foam Rolling
 Neck Foam Rolling

Workout Builder
Workout builder feature is available by default so your fitness routine is never the same. Each workout is fresh and fun so youre still motivated on your fitness journey.

The download and usage of Fitify is free of charge. Get your training plan and extra features with the Pro version, which is available on a subscription basis. You can always cancel the subscription here in Google PlaySubscriptions. When you cancel, access to the Pro features will expire at the end of the current payment period. There is no increase in price when renewing. We provide 10 days money-back warranty.

Also check out our brand new app for Wear OS devices!

Contact: support@gofitify.com
Website: https:GoFitify.com

Thanks for reading to the end. Thanks for keeping yourself fit with us",com.fitifyworkouts.bodyweight.workoutapp,health fitness,organic,2025-11-07 09:35:50
30 Day Fitness Challenge,Leap Fitness Group,4.8,"10,000,000+",10000000,Health & Fitness,"Workout at home, suited for anybody at any time. The 30 Day Fit Challenge Workout, designed by a professional fitness coach, is scientifically proven to help improve fitness and health. Also, this app can synchronize with burned calorie data on Google Fit. Stick with the program, and you will see amazing results.

By fully considering workouts rules, 30 Day Fit Challenge Workout increases exercise intensity step by step, so you can easily stick daily workouts. Dont need to go to gym, just use your bodyweight and take a few minutes a day, 30 Day Fit Challenge Workout will greatly help you keep fitness and lose weight effectively.

Features
- Records training progress automatically
- Reminds you to workout every day
- Detailed video guides
- Increases exercise intensity step by step
- 30 day abs challenge
- 30 day full body challenge
- 30 day butt challenge
- Share with your friends on social media

Each challenge has 3 difficulty levels, from beginner to pro. Begin your 30 day challenge now, and after 30 days, you may find that your emotional and intellectual fitness improve along with your physical fitness.

Weight Loss Apps
Looking for weight tracker app? No satisfied lose weight app? This weight loss apps can help you weight loss, it is weight loss apps for women and men. With our efficient lose weight app, you will lose weight fast. This lose weight app is definitely for you!

Fitness App
Multiple abs workouts are available to help you get six pack abs. Follow your personal trainer and expert workouts, six pack abs is within your reach!

Short Workouts
We have short workouts for people who dont have much time to exercise, you will get the sweats and fast heartbeat in a few minutes. These HIIT (high-intensity interval training) can maximize the results.

Workout at Home
Take a few minutes a day to lose weight and keep fit effectively with our workout at home. No equipment needed, just use your bodyweight to workout at home.

Fat Burning Workouts & Hiit Workouts
Brilliant fat burning workouts & hiit workouts for better body shape. Burn calories with fat burning workouts, and combine with hiit workouts to get the amazing results.

Fitness Coach
All workouts are designed by professional fitness coach. Workout guide through the exercise, just like having a personal fitness coach in your pocket!",com.popularapp.thirtydayfitnesschallenge,health fitness,organic,2025-11-07 09:35:50
Personify Health,"Personify Health, Inc.",4.3,"1,000,000+",1000000,Health & Fitness,"Virgin Pulse is now Personify Health. 

The first and only personalized health platform company that brings holistic health and wellbeing, comprehensive navigation and advocacy, and flexible health plan administration, all in one place. 

Seamlessly sync your daily activities with our built-in activity tracker, monitoring steps taken and sleep patterns. Stay connected on the go with Max Buzz integration, displaying incoming calls and text messages directly on your device. Elevate your wellbeing journey with personalized insights and convenient notifications - your all-in-one solution for a healthier, connected lifestyle.",com.virginpulse.virginpulse,health fitness,organic,2025-11-07 09:35:50
My Health,Transsion Holdings,4.1,"100,000,000+",100000000,Health & Fitness,"My Health is an application preset in a TRANSSION phone for connecting with smart wearable devices, and provides you with interesting and professional analyses of running, steps, weight management etc., this applications core functions are following:
1. Manage smart wearable  devices: Users can connect mobile devices with smart wearable  devices (such as smart watches etc.) for a more convenient life of receiving calls, reminding of sedentary, synchronizing messages, app reminder etc...
2. Data synchronization between the mobile phone and the device: With the support of smart wearable devices can providing users with interesting and professional analyses of running, steps, sleep, etc..  
3. Step counting: accurate step counter. Easily set daily step goals to constantly motivate yourself; know how many steps taken at a glance.
4. Running, Walking, Cycling: route tracker, voice reminder, data analysis, etc. Monitor and understand how you run every time.
5. Weight management: weeklymonthly reports of body weight changes and trends, so that you know what goal to set.
6. Professional health knowledge of body weight, heart rate, sleep and more.
7. With the support of smart wearable devices, accurately monitor different stages of sleep (awake, light, deep), and provide scientific advice to help you sleep more soundly.

Feel free to tell us what you think about the app and what to improve via My Health APP  Me  About - User Feedback. Thank you.

Support smart wearable devicesSmart Watch ):
TECNO Watch 2
TECNO WATCH PRO
TECNO Watch 3
TECNO WATCH Pro 2
Infinix Watch GT Pro
Infinix Watch Pro
Infinix Watch 1
Infinix XWatch 3 WE 
Infinix XWatch 3 Plus
Infinix XWatch 3 GT
Infinix XWatch 3
Infinix XWatch 3 Chic
itel ISW-42",com.transsion.healthlife,health fitness,organic,2025-11-07 09:35:50
Planet Fitness,Planet Fitness,4.6,"10,000,000+",10000000,Health & Fitness,"Welcome to the Planet Fitness App: The Gym in Your Pocket!
Did you know the PF App has tons of free features everyone? Its not just Planet Fitness members that can enjoy what the PF App has to offer! We believe fitness should be accessible for all, which is why non-members have access to a huge library of on-demand digital workouts, helpful exercise tutorials for extra guidance, and activity tracking to celebrate wins. You can even sign up for your membership in the PF App without visiting your local club.

Plus, we have exclusive features for all of our amazing Planet Fitness members like discounts on top brands you love, up to 3 free months through the PF Refer-a-Friend Program**, a Crowd Meter to pick the best time to visit, easy digital check-ins and more! 
 
DIGITAL WORKOUTS: FREE FITNESS ON-DEMAND
 Motivation: Start & stick with fitness no matter where you are on your unique journey with free workouts led by motivating trainers
 Guidance: Enjoy the benefits of Judgement Free fitness & education for all, with or without a membership
 Convenience: Get moving anytime, anywhere! On-demand workouts are designed to be completed at home or in the gym.
 Variety: Browse workouts by type, time, target, and more to find whats best for you, whether youre looking for a workout for beginners or want to try something new!
 
EQUIPMENT & EXERCISE TUTORIALS: GUIDANCE WHEN YOU NEED IT
 Easy-to-follow equipment tutorials & exercise movements to perfect your form and not be intimidated by equipment at home or in the gym
 
FITNESS TRACKING: CELEBRATE YOUR WINS
 Record how much youre moving with the free Activity Tracker with a variety of in & out of gym activities, available for members AND non-members
 Fill out the About Me section to customize your fitness profile and receive personalized workout video recommendations, no membership required
 Members can track check-ins in the My Journey tab. Well celebrate small wins togetherjust keep showing up!
DISCOUNTS FOR MEMBERS: SAVE ON TOP BRANDS YOU LOVE
 Make your fitness journey more rewarding when you save big with deals & discounts on your favorite brands across apparel, food & drink, travel, and more!***

MEMBER SAVINGS: FITNESS WITH FRIENDS
 Planet Fitness members earn free months through our Refer-a-Friend program
 Every friend that joins earns you 1 free month of membership** and your friends can join for only $1 down. Now thats a win-win!

CROWD METER: A WORKOUT THAT WORKS FOR YOU
 Planning to squeeze in a workout? Pick the best time of day to visit the gym with our Crowd Meter! 

CLUB CHECK-INS: SEAMLESS, TOUCHLESS ENTRY 
 Check-in quickly & easily at your Planet Fitness home club with your digital Club Pass

PF BLACK CARD MEMBERSHIP: ALL. THE. PERKS.
 Upgrade to our most popular membership right in the PF App for even more member benefits
 Enjoy PF Black Card perks including use of any Planet Fitness worldwide, bringing a guest every time you work out, access to premium PF+ workouts & discounts, use of the Black Card Spa where you can relax in massage chairs & HydroMassageand much more!****
  
Download the FREE Planet Fitness App today  You got this!
 
**Up to a maximum of three (3) total months of membership per calendar year. Visit https:www.planetfitness.comreferrals-terms-conditions for more information.
***Restrictions and exclusions may apply. Valid at participating locations only. Offers valid on select products only, see specific offer for details. 
****Services and perks subject to availability and restrictions. State and local restrictions on tanning frequency with PF Black Card memberships apply. Participating locations only. See club for details.",com.planetfitness,health fitness,organic,2025-11-07 09:35:50
Strong Workout Tracker Gym Log,Strong Fitness PTE. LTD.,4.4,"1,000,000+",1000000,Health & Fitness,"Id suggest downloading the Strong app before you return to the gym. Its that good - CNBC

With apps like Strong, working out feels more like a game - The Verge

The simplest, cleanest, and most easy to use workout and exercise tracker for any fitness routine.

Join over 3,000,000 people who have downloaded Strong to stay on track in the gym.

Whether youre a beginner or an experienced lifter, Strong provides everything you need to record your workouts as effortlessly and as quickly as possible. No more pen and paper in the gym!

Whether you want to gain strength, muscle mass, or just stay healthy, Strong is designed to help you get better results from your workouts.

Strong is optimized for a progressive barbell routine such as Starting Strength or StrongLifts 5x5, but it is easily adaptable to any other routine of your choosing!



FEATURES:
 The simplest interface of any fitness app on Google Play
 A comprehensive range of cardio and strength exercises
 Add your own exercises, routines and easily choose between them
 Detailed exercise instructions with a growing library of animated videos
 Advanced Statistics show your personal records and progression and even calculate your one rep max and total weight lifted!
 Built in Auto Countdown Timer to help record rest breaks
 Support for multiple Exercise Types, including Assisted Bodyweight and Duration Exercises
 Tag sets as Warm Up, Failure or Drop Sets
 SupersetsGrouped Exercises
 Track your progress with graphs for Volume and 1RM Progression
 Automatically back up your data with Cloud Sync!
 Built-in body measurements tracker to record your weight and other vitals, with support for Google Fit
 Warm Up Calculator tells you which weights to warm up with
 Plate Calculator for when the weights get high
 Support for Imperial (lbs) and Metric (kg) weights, or a combination of both
 Add notes to your workouts
 Share sheet makes sharing routines and workouts with friends easier than ever!
 Export all of your data to Email in CSV format

Strong Terms of Service - https:strong.appterms
Strong Privacy Policy - https:strong.appprivacy",io.strongapp.strong,health fitness,organic,2025-11-07 09:35:50
Hevy - Gym Log Workout Tracker,Hevy Gym Workout Tracker,4.9,"5,000,000+",5000000,Health & Fitness,"Get strong by logging your workouts and tracking your progress with Hevy - for free!

Hevy has been designed to be the simplest, most intuitive workout tracker in the world. No ads and free. Log your gym workout, get extensive statistics to track your progress over time, and join a growing community of athletes. 
Hevy is the perfect weightlifting tracker and planner that will allow you to reach your fitness goals.

Workout Log & Gym Tracker Planner App
  Track your lifts with an intuitive, simple to use interface.
  Plan and log your routines with the advanced routine planner
  Use the calendar to stay on top of your training schedule
  Hundreds of exercises with free high-quality videos for you to focus on your form
  Follow your friends progress by following their lifts and copying their routines
  Create your own custom exercises for your workouts
  Mark sets as Warmup, Normal, Drop sets, Failure and Supersets
  Customize automatic rest timers
  Analyze your gym sessions in detail with muscle group graphs 
  Calculation of One Rep Max
  Create an unlimited amount of routines
  Analyze the progression of your lifts with beautiful full-screen graphs of volume, best weight & total reps
  Copy your friends workouts

Wear OS Watch
 Easily track your workouts on your Wear OS Watch
 Use your Hevy routines on your Wear OS Watch
 Live sync your Wear OS Watch workout with your phone
 Use Hevy Wear OS Tile to easily access Hevy
 Keep track of your heart rate during your workout
 Helpful timers for duration exercises
 Mark sets as Warmup, Normal, Drop sets, or Failure
 Watch workouts automatically save when reconnecting to your phone

What Users Are Saying
  Seriously the best gym fitness tracker Ive ever used. Simple. Free. Tons of graphs. Amazing quality videos - Sam Ilelaboye
  Seeing what my friends and other athletes are working out at the gym has totally changed my experience. Now I can log my friends workouts and compare myself. Its super motivating - James
  Tracking my workouts with Hevy has taken my fitness to the next level, Im getting stronger every week. Being able to use the workout planner really helps me being efficient at the gym. - Carlos D.

Using a Tracker for Training
  The gym log can be used for a variety of different training types such as heavy  weight lifting, powerlifting, olympic exercises, 5x5, strength training, stronglifts, crossfit, and bodybuilding.
  Track your routines like 3 day workout split, full body split, bodybuilding routines, 5x5, upper lower, and push pull legs.
  Also perfect for bodyweight workouts such as calisthenics, cardio tracking and HIIT. 
  Use it as a gym tracker & workout journal planner to keep track of your gym sessions over time.
  Create gym routines or home workouts and use the routine planner to prepare your sessions ahead of time
  Whether your goal is to increase your strength in weightlifting exercises, lose weight, or improve your level of fitness, Hevy helps you to stay on track with a gym planner.
  Easily see your previous lift values, this helps you with progressive overload training.
  Carefully follow proper form with +200 exercise videos such as Bench Press, Squat and Deadlift
  Filter exercises by muscle groups and equipment type

Whether youre doing strength training at the gym or home workouts, trying to improve your fitness or to get strong, join Hevy workout log and be a part of the community!

CONTACT US
  https:www.hevyapp.com
  https:www.instagram.comhevyapp
  https:www.facebook.comhevyapp
  https:www.twitter.comhevyapp
  hello@hevyapp.com

Download Hevy and take your training to the next level!

Disclaimer: The Hevy app is not affiliated with any other workout tracker, workout planner, gym log or fitness apps like; Strong, Jefit, 5x5, Fitbud, my fitness pal, Fitbit, or Heavyset.",com.hevy,health fitness,organic,2025-11-07 09:35:50
MWH: Fitness + Wellness,Melissa Wood Health,4.6,"10,000+",10000,Health & Fitness,"MWH is a health, wellness & lifestyle platform on a mission to create a more mindful way of life, accessible and attainable for all.

 Get unlimited access to a library of 1000+ workouts & meditations.
 Move and meditate with Melissa and our MWH Creators
Pilates, Yoga, Guided Meditations, Pre & Postnatal, Barre & Standing Series, Treadmill & Water Workouts, and more, all designed to help you transform yourself from the inside out.
 New classes added every week.
 Custom schedules for Workouts and Meditations. There is something for everyone! 
 Access to recipes & video tutorials + coveted lifestyle & nutrition tips.

Melissa Wood-Tepperberg started sharing her workouts on her iPhone and a simple tripod from her living room. The community has grown a lot since then, but the heart of MWH has remained the same. The foundation of this practice has always been about using what you have available to you, whenever, wherever you are. No matter how much time you have available to you (5, 10, 20 minutes, etc), there is something you can do, everyday, to better both your body and your mind.

Welcome to MWH... the destination to better every single aspect of your life.

All paid accounts on melissawoodhealth.com automatically renew at the end of their terms. The subscription renewal date will always be the day immediately following the end date of your current subscription period. The card used for the subscription purchase will be charged at the end of the term outlined in your receipt, unless it is updated prior to the renewal date. If you wish to cancel your account, you can do so at any time. Once your account has been cancelled, you will retain access to all paid features throughout the remainder of the term you purchased. If we are unable to process your renewal, your account may temporarily be suspended from access to paid features; your account will not be deleted, and no information will be lost or removed. Your account will remain suspended until a valid payment method is used. If you have any questions or concerns regarding your account, please contact us at support@melissawoodhealth.com.


App Privacy Policy: https:melissawoodhealth.comprivacy-policy

Terms of use: https:melissawoodhealth.comterms-of-use",com.melissawoodhealth,health fitness,organic,2025-11-07 09:35:50
Fitness App: Gym Workout Plan,FITNESS ONLINE LLC,4.8,"5,000,000+",5000000,Health & Fitness,"Whether you are trying to lose weight, gain muscle mass or want to have well-defined 6-pack abs  our gym planner fitness app offers full body workout plans with many free 3D exercises, to help you achieve your body goals. You can choose from a variety of exercise plans targeted at specific muscle groups, such as chest workout, upper body workout, abs workout (stomach workout), arm workout and full body workout at home, or tailor them to a certain goal, such as fat burning workouts, conditioning workouts, or bodyweight workouts. You can also get ready workouts with diet. This fitness app stands out from other free gym workout apps, as it has a gym progress tracker and a workout planner that allows you to have your own workout diary, maintain your workout routines, and find the best personal coach in any city for online fitness workouts and bodybuilding sessions. This cardio workout app is one of the best workout apps for men and free workout apps for women, as it allows to select a gym routine for men or a gym routine for women. Meet other members, log your workout, such as beginner workout, gym stomach workout or abs home workout, ask questions, and receive competent answers! Keep fit at home or at the gym with the online community of your strength training app!
Why Fitness Online?
- Stands out from free workout apps: Ready workouts with a diet plan created by bodybuilding champions who work as coaches on our cardio workout apps.


- Workout diary: Track your progress with our fitness tracker and workout tracker.


- In-App Encyclopaedia with information on exercises, health and diet.


- Over 850 exercises with high-quality 3D animations.


- Diet plan - weight loss: Over 5000 food products with nutritional value tables and a calorie counter.


- Sports nutrition: Essential additions to your diet for fast muscle building (gain weight).


- Personal feed: Share your workouts, ask questions about exercises, meet and chat with other users of our community.


- Text our coaches using the built-in chat feature. Send recommendations to your friends and help them lose weight, get perfect abs, workout arms and chest, and maintain a healthy diet with our gain weight app.


- Trainers headquarters: Pick a personal trainer based on rating and feedback.
How does it work? 
This men exercise app at home allows you to work out on your own. Develop your own weight loss program, use our calorie tracker, create a diet plan and start working out. You can update your schedule and track results in the workout diary. Alternatively, choose a ready training program with a diet for your specific goal, such as fat loss workout, and abdominal exercises for men.
Want to try harder? Hire our online personal coach. You can choose your personal trainer based on budget and feedback. Get an invoice, make the payment and start your transformation. Your coach will provide you with a workout plan and a tailored diet plan, create a monthly course with a full set of exercises and meal plan to reach your goal, whether that is to lose weight in 30 days, lose belly fat, build muscle, get six-pack abs, big arms or a wide chest or get back in shape after an illness or pregnancy  all of this at home.
When youre on a monthly course, your coach will monitor your results for a monthly fee, provide recommendations or on your meal plan and adjust the exercise program, if needed. You can always chat with your coach and discuss a plan that fits your schedule. We invite the best fitness coaches with extensive knowledge on all kinds of working out goals, no matter if youre trying to lose weight fast, get six-pack abs, get big arms, get a wide back, build muscles or just get more muscle definition. We also offer many cardio exercises at home for your overall health and well-being. Want to become a fitness coach on our app? Take our test and prove your skills. Email us on coach@fitnessonline.app, or on support@fitnessonline.app in the event of technical issues.",fitness.online.app,health fitness,organic,2025-11-07 09:35:50
JEFIT Gym Workout Tracker,Jefit Inc.,4.3,"5,000,000+",5000000,Health & Fitness,"JEFIT: The Ultimate Workout App, Gym Workout Planner & Workout Tracker

Achieve your fitness goals with JEFIT, the ultimate workout app, gym workout planner, and workout tracker built to help you get stronger every day. Whether youre a beginner or a seasoned athlete, JEFIT gives you the tools to plan, track, and optimize every gym workout and training sessionall within one powerful app.

The Top Workout App & Tracker for Gym Workouts & Strength Training
Workout Tracker: Log your gym sets, reps, and weights for efficient and structured strength training.

Custom Gym Workout Planner: Create a personalized gym workout plan or choose from thousands of routines to build muscle and get stronger.

One-Tap Workouts: Quickly generate goal-based workouts by muscle group, fitness level, or available time.

Progress Monitoring: Use the built-in workout tracker to visualize your strength gains and refine each gym workout.

Perfect for Gym-Goers: Stay consistent and focused through structured gym training sessions that adapt to your progress.

Extensive Exercise Library & Pre-Built Gym Workout Plans
1,500+ Exercises: Discover top gym exercises for weightlifting, bodyweight strength, and cardio.

850+ Gym Workout Plans: Pick a ready-made plan to build strength, burn fat, or improve endurance.

HD Video Guides: Learn proper form with detailed video tutorials for every gym workout movement.

Home & Gym Options: Whether training at home or in the gym, JEFIT adapts to your routine and goals.

Track Gym Training: Follow progressive overload, log each gym workout, and analyze results in real time.

JEFIT offers a Watch App for workout tracking on Wear OS. Train hands-free by starting sets, logging reps, and monitoring progress directly from your smartwatch, keeping your focus on fitness instead of your phone.

Switch between pounds and kilograms depending on your gym, and keep your workouts synced automatically with your JEFIT account. Its built to make your gym sessions more efficient, so you can lift without distractions.

Quick Start Sets: Search, log, and sync your strength routines with ease.

Flexible Units: Switch between pounds or kilograms based on your gyms setup.

Built for Gym Training: Easily manage your gym time and focus on liftingnot logging.

Join the JEFIT Fitness Community
12M+ Users: Train with a global network of lifters, athletes, and everyday gym-goers.

Share Your Strength: Post workout progress, gym milestones, and personal bests.

Strength Challenges: Stay motivated with community-driven gym workout challenges.

Trainer Support: Get expert input from coaches to enhance your gym sessions and results.

Why JEFIT Stands Out
Versatile Gym Training Support: From hypertrophy to HIIT, tailor your workout plan to fit any gym goal.

Smarter Tracking: Use detailed analytics from the workout tracker to stay strong and consistent.

Strong Community: Connect with others on the same journey and learn from top gym routines worldwide.

New Features:
Sync with Apple Health and Strava for an all-in-one workout app experience.

Review session analytics, optimize your gym workouts, and build strength more efficiently.

Download JEFIT now  The Workout App, Gym Workout Planner & Workout Tracker.
Start logging and optimizing your gym workouts today and unlock stronger results over time.

Ideal For: Gym enthusiasts, beginners, bodybuilders, athletes, and anyone focused on strength, fat loss, or endurance.

Your Gym. Your Plan. Your Progress. Get Stronger with JEFIT.

Website: www.jefit.com
Instagram: @jefitapp
Reddit: www.reddit.comrjefit
Support: support@jefit.com",je.fit,health fitness,organic,2025-11-07 09:35:50
"Revolut: Spend, Save, Trade",Revolut Ltd,4.5,"50,000,000+",50000000,Finance,"Join the 60+ million customers worldwide who use our app to spend, send, and save smarter.

Make your spend, well-spent
Pay any way, with physical cards, virtual cards, single-use virtual cards for extra protection, Google or Apple Pay
Spend abroad with great exchange rates (fees additional to the rate provided may apply)
Access 55+ K in-network ATMs worldwide with no fees
Link your external bank accounts to stay on top of all your spending
Design a physical card you vibe with (fees may apply).

Set your kids up for financial success. Get them a Revolut 18 account, with their own card, so they can learn about money in a safe and fun way

Send money near, far, wherever they are
Request or send 25+ currencies with a tap to anyone, anywhere
Chat, send, and receive money, in one place. Whatever your plans, transfers are almost instant between your Revolut friends with P2P payments
Split and settle bills in one place. You can even share a fun GIF to diffuse any tension

Save the interest-ing way
Grow your money with up to 4.25%* APY with Savings Vaults, Access your savings whenever you need to, with zero penalties or fees
Build your savings effortlessly  set up recurring transfers and round up spare change to stash cash

Explore Stock Trading (capital at risk)
Start trading stocks from $1 (other fees may apply)
Choose from 2,000+ stocks to invest in some of the worlds most popular companies
Enjoy no-commission stock trading within your monthly allowance (other fees may apply)

All investments involve risk, including possible loss of principal. Investment accounts and disclosures may be displayed together. Self-directed brokerage products are provided by Revolut Securities Inc., member FINRASIPC. Brokerage Products   Not FDIC Insured  No Bank Guarantee  May Lose Value. Automated investing is provided by Revolut Wealth Inc, an SEC-registered investment adviser.

End the overspend
Get instant spending notifications to keep track of every payment
Use smart budgeting and analytics tools to stop wondering where your money went, and start telling it where to go
Worried about missing upcoming payments or subscription charges? Dont be  well notify you beforehand
Upgrade to one of our paid plans to get exclusive cards, more benefits, and even cooler perks. Pick the plan thats right for you: Premium or Metal (Paid Plan T&Cs and subscription fees apply).

Unlock security features that you control
Freeze and unfreeze your card in a tap
Use single-use cards with new details generated each time you use it, for an extra layer of protection
Set spending limits and get notifications to keep track of your money

How we protect your money
Our sophisticated fraud prevention system flags high-risk transactions and pings you an alert, so you can spot scams, and nip em in the bud
Extensive identity verification keeps sign-ups secure, and your account is protected with passcodes and biometrics
Were available 247 via our in-app customer support

Funds in your Revolut Prepaid Card Account are held at or transferred to Lead Bank, Member FDIC, and are insured by the FDIC up to $250,000 applicable limits by the FDIC in the event Lead Bank fails if specific deposit insurance requirements are met. See FDIC-Prepaid Cards and Deposit Insurance Coverage.

California Privacy Notice:  https:www.revolut.comen-USlegalprivacy

*The highest APY is available to users on a Premium or Metal plan. Annual Percentage Yield (APY) is a variable rate and subject to change. These APYs are accurate as of October, 20th, 2023. Monthly fees apply for Premium and Metal plans. Terms and Conditions Apply. No minimum amount required. Savings Vault services provided by Sutton Bank, Member FDIC

Revolut Ltd (No. 08804411) is authorized by the Financial Conduct Authority under the Electronic Money Regulations 2011 (Firm Reference 900562). Registered address: 107 Greenwich Street, 20th Floor, New York, NY 10006",com.revolut.revolut,finance,organic,2025-11-07 09:35:53
Google Wallet,Google LLC,4.5,"1,000,000,000+",1000000000,Finance,"Google Wallet gives you fast, secure access to your everyday essentials. Tap to pay everywhere Google Pay is accepted, board a flight, go to a movie, and more   all with just your phone. Keep everything protected in one place, no matter where you go.

CONVENIENT

Get what you need fast
+ Three quick ways for accessing your everyday essentials: use your phones quick settings for fast access, open the Wallet app from your homescreen or use Google Assistant when your hands are busy.

Access Google Wallet from your Wear OS watch
+ Get instant access to Wallet on the Wear OS main watch face with complications.

Carry cards, tickets, passes, and more
+ Catch a train, see a concert, or earn rewards at your favorite stores  with a digital wallet that carries more
+ US Only Unlock the world around you with a digital wallet that carries your drivers license and digital car keys

What you need, right when you need it
+ Your Wallet can suggest what you need, right when you need it. Get a notification for your boarding pass on the day of travel, so youll never have to fumble in your bag again.

HELPFUL

Keep track of receipts
+ Easily find transaction details in Wallet, including smart details like location pulled from Google Maps

Seamless integration across Google
+ Sync your Wallet to keep your Calendar and Assistant up to date with the latest info like flight updates and event notifications
+ Shop smarter by seeing your point balances and loyalty benefits in Maps, Shopping, and more

Get started in a snap
+ Set up is seamless with the ability to import cards, transit passes, loyalty cards and more that youve saved on Gmail.

Stay in the know on the go
+ Make boarding flights a breeze with the latest information pulled from Google Search. Google Wallet can keep you posted on gate changes or unexpected flight delays.

SAFE & PRIVATE

A secure way to carry it all
+ Security and privacy are built into every part of Google Wallet to keep all your essentials protected.

Android security you can count on
+ Keep your data and essentials secure with advanced Android security features like 2-Step Verification, Find My Phone, and remotely erasing data.

Tap to pay keeps your card secure
ALT: + When you tap to pay with your Android phone, Google Pay doesnt share your real credit card number with the business, so your payment info stays safe.

Youre in control of your data
+ Easy to use privacy controls allow you to opt-in to sharing information across Google products for a tailored experience.

Google Wallet is available on all Android phones (Lollipop 5.0+), Wear OS and Fitbit devices.
Not all features are available for supervised accounts. Learn more about Wallet for supervised accounts here: https:support.google.comwallet?p=about_wallet_supervised.
Still have questions? Head over to support.google.comwallet.",com.google.android.apps.walletnfcrel,finance,organic,2025-11-07 09:35:53
Chase Mobile,JPMorgan Chase,4.5,"50,000,000+",50000000,Finance,"Bank securely with the Chase Mobile app: send and receive money with Zelle, deposit checks, monitor credit score, budget and track income & spend. Use J.P. Morgan Wealth Management to plan, invest, & set and track long-terms goals with Wealth Plan. 

Manage your accounts 
 Review account activity: checking, savings, credit card, home, auto & business 
 Deposit checks 

Payments: Convenient ways to pay 
 Send & receive money with Zelle 
 Schedule and manage payments for your Chase credit card & other bills 
 Transfer money between accounts 

Chase Credit Journey: Get free credit score 
 Take control of your credit, know where you stand, & set score goals 
 Receive free identity monitoring to help keep your information safe 

Budget & Save 
 Daily insights at a glance 
 Budget & track debitcredit transactions 

Security: Keep your money safe & secure 
 We may notify you of unusual card purchases 
 Lock & unlock cards in the app 

Plan for your future and manage your investments 
 $0 online commission for equities, ETFs & options 
 Use J.P. Morgan Wealth Plan for goal setting and tracking 
 Schedule meetings with an advisor 

Rewards, offers & deals 
 Track & redeem rewards 
 Earn statement credit by using Chase Offers with eligible creditdebit cards 

Connect with Chase 
 Schedule meetings with bankers 
 Find Chase branches & ATMs 
 Chat with representatives 247 

Chase QuickDeposit is subject to deposit limits; funds are typically available by the next business day. Available on select mobile devices. See chase.comQuickDeposit for T&Cs. Message and data rates may apply. Enrollment in Zelle is required. Eligible account at participating U.S. financial institution required. T&Cs apply. Learn more at Chase.comzelle. Zelle and the Zelle related marks are wholly owned by Early Warning Services, LLC and are used herein under license. 
 Some features are available for eligible customers and accounts only. Any time you review your balance, keep in mind it may not reflect all transactions including recent debit card transactions or checks you have written. 
 For illustrative purposes onlynot intended as an endorsement or recommendation. 
 IMPORTANT: The projections or other information generated by Wealth Plan regarding the likelihood of various investment outcomes are hypothetical in nature, do not reflect actual investment results and are not guarantees of future results. Results may vary with each use and over time. 
 Commission-free online trades apply to trading in U.S. listed stocks, Exchange-Traded Funds (ETFs), and options. Option trades are subject to a $0.65 per-contract fee. Sales are subject to a regulatory transaction fee of between $0.01 and $0.03 per $1,000 of principal. There are costs associated with owning certain investments, including mutual funds and ETFs. Offer terms and pricing are subject to change andor termination. Other fees and restrictions (including account types) apply. See chase.comonline-investing-pricing for terms and conditions. 
 Options contract and other fees may apply. 
 J.P. Morgan Wealth Management is a business of JPMorgan Chase & Co., which offers investment products and services through J.P. Morgan Securities LLC (JPMS), a registered broker-dealer and investment adviser, member of FINRA and SIPC. Insurance products are made available through Chase Insurance Agency, Inc. (CIA), a licensed insurance agency, doing business as Chase Insurance Agency Services, Inc. in Florida. Certain custody and other services are provided by JPMorgan Chase Bank, N.A. (JPMCB). JPMS, CIA and JPMCB are affiliated companies under the common control of JPMorgan Chase & Co. Products not available in all states. 
INVESTMENT PRODUCTS: 
 NOT A DEPOSIT 
 NOT FDIC INSURED 
 NO BANK GUARANTEE 
 MAY LOSE VALUE 
 Deposit products provided by JPMorgan Chase Bank, N.A. Member FDIC 
 Equal Opportunity Lender",com.chase.sig.android,finance,organic,2025-11-07 09:35:53
BHIM Bharats Own Payments App,National Payments Corporation of India (NPCI),4.0,"100,000,000+",100000000,Finance,"BHIM (Bharat Interface for Money) is Bharat Ka Apna Payments Appa UPI payment app developed by the National Payments Corporation of India (NPCI). Designed for every Indian, BHIM Payments App makes digital transactions easier, safer, and faster with an intuitive interface and cutting-edge features.
With BHIM Payments App, experience seamless and rewarding payments while enjoying the highest level of security. Built for trust and simplicity, with 12+ Languages, BHIM App ensures that digital payments are accessible to all.
 Why Choose BHIM Payments App?
	A Brand-New Experience  A refreshed; intuitive UI designed for effortless navigation.
	Family Mode  Manage payments for your family in a click!
	Spend Insights  Now easily manage and monitor your expenses, the dashboard way!
	UPI Lite for Small Payments  Make instant, PIN-less payments of upto 500.
	RuPay Credit Card on UPI  Use your RuPay Credit Card for secure UPI payments.
	Credit Card on EMI  Shop smarter with easy EMI options on UPI payments.
	UPI Circle  Give freedom to your trusted ones, to make payments even without a bank account.
	Pay Bills Seamlessly  Settle electricity, credit card, gas, recharge FASTag and other utility bills effortlessly.
	Light Mode & Dark Mode  Switch to your preferred theme for a comfortable viewing experience.
	Split Expenses Like a Pro!  Going out with friends? BHIM does the mathsplit bills seamlessly, and everyone pays their share instantly! 
Get Started in Minutes! 
Download BHIM & Register using your mobile number 
Ensure your SIM is linked to your bank account (for dual SIM, select the correct one). 
Have your Debit Card or Aadhaar Card handy to generate your UPI PIN (except for UPI Circle users, who only need a valid SIM).
Visit BHIM UPI Partners to check if your bank is live on BHIM. For more details, visit BHIM Official Website and read the Terms & Conditions before signing up.",in.org.npci.upiapp,finance,organic,2025-11-07 09:35:53
"PayPal - Pay, Send, Save",PayPal Mobile,4.2,"100,000,000+",100000000,Finance,"PayPal is a smart and secure way to shop in-store and online, earn cash back on brands you love, send money to friends and much more. Get started in the app.

SAVE OFFERS IN THE APP
Get cash back offers* from brands you love. Well automatically apply them at checkout.
*Eligible items only. Redeem points for cash or other options. Terms and exclusions apply: PayPal.comrewards-terms
 
SEND AND REQUEST MONEY FOR FREE
Securely send and receive money with just about anyone in 120+ countries
Its free to send and receive with friends & family in the US when funded by a bank account or PayPal balance.

GET THE PAYPAL DEBIT CARD AND EARN CASH BACK
Request your card right in the app. No credit check required.
Shop with your PayPal balance everywhere Mastercard is accepted.
Earn 5% cash back on a category you choose each month*

*5% cash back earned as points you redeem for cash & other options on up to $1000 spendmonth. Terms apply: http:paypal.comrewardspal.
A PayPal balance account is required to get the card.
The PayPal Debit Mastercard is issued by The Bancorp Bank N.A. (Bancorp), pursuant to a license by Mastercard International Incorporated and may be used everywhere Mastercard is accepted. Mastercard and the circles design are registered trademarks of Mastercard International Incorporated. Bancorp is issuer of the Card only and not responsible for the associated accounts or other products, services, or offers from PayPal. PayPal is a financial technology company, not a bank. The Card is linked to your PayPal Balance account. See PayPal Balance Terms and Conditions: https:www.paypal.comuslegalhubpp-balance-tnc#holding

CRYPTOCURRENCY
Buy, sell and hold Bitcoin, Ethereum, PayPal USD, Bitcoin Cash and Litecoin with PayPal*

*PayPal, Inc. is licensed to engage in virtual currency business activity by the NY Dept. of Financial Services. To buy, sell, transfer, and hold crypto is subject to risks, may result in significant losses, and not available where prohibited by law. We do not make recommendations about crypto transactions. Consider seeking advice from a financial and tax advisor. Crypto custody, trades and transfer services are performed for us by Paxos Trust Co. LLC or other appropriately authorized provider. See terms: paypal.comcrypto_terms

GROW YOUR MONEY WITH HIGH-YIELD PAYPAL SAVINGS
Roll your money into PayPal Savings and earn a competitive APY*
Easily manage your account right from the app. Transfer money in and out, set individual goals, and track your progress as your savings grows.

*PayPal Savings annual percentage yield (APY) is a variable rate and can change at any time, including after the account is opened. PayPal is a financial technology company, not a bank. Banking service provided by Synchrony Bank, Member FDIC. PayPal Balance account is required to use PayPal Savings.

TRACK YOUR PACKAGES
View your orders and their delivery status right from the PayPal appeven if you didnt pay with PayPal. Simply link your Gmail or Outlook to get started.
Get live updates each step of the way until they arrive safely at your door.
Not all sellers are participants.
 
PAY IN 4 WITH NO LATE FEES
Split everyday purchases into 4 interest-free payments at millions of online stores.
No late fees. No impact to your credit score.
Manage payments right in the app.

*Pay in 4 is available upon approval for purchases of $30 - $1500 and is currently not available to residents of MO or NV. 18 years old or older to apply. PayPal, Inc.: Loans to CA residents are made or arranged pursuant to a CA Financing Law License. GA Installment Lender Licensee, NMLS #910457. RI Small Loan Lender Licensee. NM residents: Go to paypal.comuswebappsmppcampaignsnewmexicodisclosure. Learn more at paypal.compayin4

Availability of features varies by market.

PayPal
2211 N 1st St San Jose, CA 95131",com.paypal.android.p2pmobile,finance,organic,2025-11-07 09:35:53
Investing.com: Stock Market,INVESTING.com,4.7,"50,000,000+",50000000,Finance,"Track real-time stock market data, news, shares and alerts with the Investing.com app  trusted by millions worldwide. Build your portfolio, follow global financial markets, and stay ahead with powerful finance tools.

Stay ahead in the stock market and global finance with the Investing.com app. Get real-time market data, finance news, and live updates on major indices like the Dow Jones, NASDAQ and S&P500. Use our stock tracker to monitor stocks, indices, ETFs, commodities and penny stocks in one place. Receive personalized alerts for breaking stock market news, price changes, and market analysisyour trusted finance app for smarter portfolio tracking and insights.

 REAL-TIME DATA
Access live quotes, charts, and market data for over 300,000 financial instruments, including stocks, ETFs, indices, commodities, currencies, bonds, and futures. Track global markets, follow price trends, and stay ahead with real-time finance insights.
Visualize the stock market with advanced charts, technical indicators, and real-time data. Track price trends and market performance across stocks, ETFs, bonds, options and commodities.

 ECONOMIC CALENDAR
Stay informed on key economic events and global market data with our Economic Calendar. Track central bank decisions, GDP and inflation reports, and other market-moving events worldwide to follow how economic indicators shape stocks, and commodities.

 PERSONALIZED PORTFOLIO
Manage your portfolio and investments with powerful finance tools. Build a personalized portfolio tracker to monitor your stocks, ETFs, and assets in one place. Use custom watchlists and price alerts to follow market movements, analyze performance, and keep your holdings up to date.

 STOCKS ALERTS
Get customizable alerts for market events, breaking news, and price changes stay on top of market movements and act fast on opportunities.

 STOCKS NEWS & ANALYSIS
Stay up-to-date with financial news and analysis from experts, including stock news and market insights to support informed decisions.
Power your decisions with expert analysis of the stock market, options, and global finance trends.

 FINANCIAL TOOLS
Access powerful financial tools like advanced charts, technical analysis, and currency converters. Whether youre an investor or trader, our tools empower you to succeed in the financial markets.

 COMMODITY PRICES
Monitor commodity prices in real-time, including gold, silver, oil, and more. Stay informed about global market trends and to guide your investment decisions.

 MAJOR STOCKS
Track market leaders like Apple Inc., Alphabet Inc., Tesla, Amazon, Microsoft Corporation and stay informed about the financial markets.

 GLOBAL INDICES
Follow data from all major stock market indices, including the Dow Jones, S&P 500, FTSE 100, and more. Stay informed about global market trends and make informed decisions about your investments.

Investing.com is your complete financial platform, built for both beginner investors and experienced traders to stay connected with the global markets. Access market insights, advanced chart analysis, and portfolio tracking tools to follow stocks, indices, commodities, currencies, and bonds with real-time precision. Stay informed with the latest financial news, economic data, and expert analysis, and manage your portfolio confidently.
Dive into global bonds, interest rate shifts, and stock market movements with real-time charts and deep analysis.
Stay ahead with our finance app, your go-to stock tracker for penny stocks and world market trends. Get breaking news and stock market updates, including stock news analysis.

Investing.com is not a trading platform, and users cannot trade in any financial instruments directly through Investing.com. In any event, it is important to state that all forms of investments carry risks, including the risk of losing all of the invested amount. Such activities may not be suitable for everyone.",com.fusionmedia.investing,finance,organic,2025-11-07 09:35:53
Robinhood: Trading & Investing,Robinhood,4.2,"10,000,000+",10000000,Finance,"Robinhood helps you run your money your way. Identify trends for your investing strategies with technical indicators like moving average (MA), relative strength index (RSI), and more.

TRADING
-Commission-free trading on stocks, options, and ETFs.
-Invest as much or little as you want. Other fees may apply*.
- Advanced trading tools - custom price alerts, advanced charts, and more

ROBINHOOD GOLD ($5month)
-Earn 4% APY on uninvested cash (no cap).¹
-Get Instant Deposits up to $50,000.²
-First $1K of margin investing (if eligible)³

SECURITY + 247 LIVE SUPPORT
- Chat with a Robinhood associate anytime
- Security tools, like 2-factor authentication, keep your account safe

ROBINHOOD CRYPTO
- Trade crypto at one of the lowest costs on average.
- Automate your crypto trades. Recurring buys for as little as $1.
- 25+ crypto assets available. Trade BTC, ETH, DOGE and more.
- Transfer crypto with zero deposit or withdrawal fees.

Disclosures
Investing is risky, consider investment objectives & risks carefully before investing.

*View Robinhood Financials fee schedule at rbnhd.cofees.

1. In addition to joining Robinhood Gold, customers must enroll in the Brokerage Cash Sweep program for their deposits to earn interest.
2. Bigger Instant Deposits are only available to customers in good standing and may be limited for trades involving volatile assets or derivatives.
3. Not all investors will be eligible to trade on Margin. Margin investing involves the risk of greater investment losses. Additional interest charges may apply depending on the amount of margin used.
Cryptocurrency trading is offered through an account with Robinhood Crypto (NMLS ID: 1702840).
Fractional shares are illiquid outside of Robinhood & are not transferable. Not all securities are eligible for fractional share orders. Learn more at robinhood.com
Robinhood Gold is a subscription-based membership program of premium services offered through Robinhood Gold, LLC.
Securities trading offered through Robinhood Financial LLC, member SIPC. See our Customer Relationship Summary at rbnhd.cocrs.
Portfolio management offered through Robinhood Asset Management, LLC (Robinhood Strategies or RAM), an SEC-registered investment advisor. For additional information about Robinhood Strategies, including about services, fees, risks, and conflicts of interest, please find our firms brochure at adviserinfo.sec.gov.
Robinhood Financial LLC, Robinhood Gold, LLC, Robinhood Crypto, LLC, and Robinhood Asset Management, LLC are wholly-owned subsidiaries of Robinhood Markets, Inc.
Futures, options on futures, and cleared swaps trading involves significant risk and is not appropriate for everyone. Please carefully consider if its appropriate for you in light of your personal financial circumstances. Futures, options on futures and cleared swaps trading is offered by Robinhood Derivatives, LLC, a registered futures commission merchant with the Commodity Futures Trading Commission (CFTC) and Member of National Futures Association (NFA).
There are additional, unique risks with trading outside of regular market hours you should be aware of before making an investment decision, including the risk of lower liquidity, increased volatility, greater spreads, and pricing uncertainty. Robinhood 24 Hour Market is from Sunday 8 PM ET - Friday 8 PM ET.
Robinhood, 85 Willow Road, Menlo Park, CA 94025",com.robinhood.android,finance,organic,2025-11-07 09:35:53
"SoFi: Bank, Invest & Loans","Social Finance, LLC",4.1,"5,000,000+",5000000,Finance,"Mobile banking and investing made easy. Send money instantly, deposit checks digitally, pay bills online, track spending with budget tools, save cash in high-yield accounts, trade stocks with no commission (other fees apply). 

WHY DO 12.6M MEMBERS LOVE SOFI?

MOBILE BANKING FEATURES
 Mobile checking with no monthly fees, no minimum balance requirements, and no overdraft charges for no account-fee free banking.
 Get your paycheck up to two days early with direct deposit* and enjoy immediate access to your funds with mobile banking.
 Find and use over 55,000+ fee-free ATMs nationwide³ to access your cash without ATM fees or surcharges.
 Send money to friends, pay bills online, and make transfers between accounts without extra charges or waiting periods.

INVESTING TOOLS
 Trade stocks and ETFs with no commission through our easy-to-use online investing platform with SoFi Securities (other fees apply).
 Start investing in fractional shares with just $5 to build a diversified stock portfolio, regardless of your budget, with SoFi Securities (restrictions apply).
 Access exclusive IPO stock investments before public trading through SoFis investment platform advantages.
 Choose automated investing options tailored to your financial goals with digital portfolio management from SoFi Wealth.

HIGH-YIELD SAVINGS
 Earn a highly competitive APY¹ with direct deposit to maximize your savings account growth.
 Create custom Savings Vaults for your financial goals to organize funds for emergencies or major purchases.
 Transfer money instantly between checking and savings accounts with no transfer fees or waiting periods.
 Track savings progress with digital tools and watch your money grow faster than with traditional banks.

PERSONAL LOANS & CREDIT
 Apply for competitive loan rates for debt consolidation, home improvements, or other major purchases.
 Monitor your credit score with regular updates and credit tracking to stay informed about your financial health.
 Explore student loan refinancing options to potentially lower your monthly loan payments and save money.

BUDGET TRACKER
 Track spending across all your linked accounts with automatic budget categorization and spending insights.
 Get real-time spending alerts for unusual activity to help protect your accounts and maintain your budget.
 Set up bill payment reminders to avoid late fees and keep your budget on track with our money management tools.

SECURITY FEATURES
 Bank-level digital encryption protects your personal and financial information when banking online.
 Receive instant fraud alerts for suspicious account activity to protect your money and personal information.
 Bank with confidence knowing you can access additional FDIC insurance coverage up to $3 million⁶.

SPECIALIST SUPPORT
 Get help from our dedicated financial team 7 days a week for all your banking and investing questions.
 Connect through secure in-app chat for immediate assistance with your accounts, loans, and investments.
 Call us directly at (855) 456-SOFI (7634) to speak with our knowledgeable customer service specialists.

Download SoFi today for better mobile banking, smarter investing, and powerful budget tracking! Join millions of members who send money, pay bills, deposit checks, save cash, and trade stocks - all in one comprehensive financial app.",com.sofi.mobile,finance,organic,2025-11-07 09:35:53
Fidelity Investments,Fidelity Investments,4.6,"5,000,000+",5000000,Finance,"Our award-winning app gives you professional insights & powerful tools to help you make smarter money decisions.
 
	Invest in stocks, ETFs & mutual funds using industry-leading research & analysis
	Trade & transfer cryptocurrencies like bitcoin & ethereum with Fidelity Crypto
 
Cash management
	Trade, transfer, deposit checks & pay bills
	Schedule transfers & automate investments
 
Alerts & notifications
	Receive timely alerts & set price triggers to help manage your stock trading
 
247 support & account protection
	Get state-of-the-art security in 2-factor authentication & voice biometrics
	Chat with a Virtual Assistant at any time
 
Looking to manage your workplace benefits? Download our NetBenefits app.
 
DISCLOSURES
 
Before investing, consider the funds investment objectives, risks, charges, & expenses. Contact Fidelity for a prospectus or, if available, a summary prospectus containing this information. Read it carefully.
 
Investing involves risk of loss.
 
$0 commission applies to online US equity trades & ETFs for Fidelity Brokerage Services LLC retail clients. Sell orders are subject to an activity assessment fee (historically from $0.01 to $0.03 per $1,000 principal). Other exclusions & conditions may apply. A limited number of ETFs are subject to a transaction-based service fee of $100. See full list at Fidelity.comcommissions.
 
You could lose money by investing in a money market fund. Although the fund seeks to preserve the value of your investment at $1 per share, it cannot guarantee it will do so. An investment in the fund is not a bank account & is not insured or guaranteed by the Federal Deposit Insurance Corporation or any other government agency. Fidelity Investments & its affiliates, the funds sponsor, is not required to reimburse the fund for losses, & you should not expect that the sponsor will provide financial support to the fund at any time, including during periods of market stress.
 
Fidelity advisors are licensed with Strategic Advisers LLC (Strategic Advisers), a registered investment adviser, & registered with Fidelity Brokerage Services LLC (FBS), a registered broker-dealer. Whether a Fidelity advisor provides advisory services through Strategic Advisers for a fee or brokerage services through FBS will depend on the products & services you choose.
 
Fidelity Crypto is offered by Fidelity Digital Assets. Crypto is highly volatile, can become illiquid at any time, & is for investors with a high risk tolerance. Crypto may also be more susceptible to market manipulation than securities. Crypto is not insured by the Federal Deposit Insurance Corporation or the Securities Investor Protection Corporation. Investors in crypto do not benefit from the same regulatory protections applicable to registered securities. Fidelity Crypto accounts & custody & trading of crypto in such accounts are provided by Fidelity Digital Asset Services, LLC, which is chartered as a limited purpose trust company by the New York State Department of Financial Services to engage in virtual currency business (NMLS ID 1773897). Brokerage services in support of securities trading are provided by Fidelity Brokerage Services LLC (FBS), & related custody services are provided by National Financial Services LLC (NFS), each a registered broker-dealer & member NYSE & SIPC. Neither FBS nor NFS offer crypto as a direct investment nor provide trading or custody services for such assets. Fidelity Crypto & Fidelity Digital Assets are registered service marks of FMR LLC.
 
Fidelity Brokerage Services LLC, Member NYSE, SIPC, 900 Salem Street, Smithfield, RI 02917
 
1221167.2.0",com.fidelity.android,finance,organic,2025-11-07 09:35:53
Mercado Pago: cuenta digital,Mercado Libre,4.8,"100,000,000+",100000000,Finance,"Con la cuenta digital de Mercado Pago puedes mantener tu dinero siempre seguro, además de tener una línea de crédito, realizar pagos y transferencias online de manera inmediata desde tu celular. Disfruta de los beneficios de una cuenta digital en Mercado Pago!

Pide una tarjeta gratis y sin anualidad! Utiliza la tarjeta virtual para hacer compras online y en tiendas físicas. Si también quieres una tarjeta física pídela por la app, y te la enviamos gratis a tu casa!

Saca efectivo con tu tarjeta en supermercados y en cajeros de todo el país.

También puedes obtener una línea de crédito para pagar servicios, recargar tu celular y comprar en Mercado Libre.

Conoce las ventajas de Mercado Pago:

Rendimientos diarios: Genera rendimientos diarios en tu cuenta, es simple y lo activas a través de la app. Transfiere dinero con tarjeta de débito o dinero en cuenta y efectivo en tiendas.

Cuenta digital
Con la cuenta digital Mercado Pago, es mucho más sencillo pagar cuentas, recargar el celular y hacer transferencias a cualquier banco o a quien quieras, recibir pagos online y cuidar tus finanzas. Realiza todas tus transferencias desde un mismo lugar. 

Cuida tus finanzas personales
La cuenta digital funciona como una billetera virtual que te permite resolver pagos, evitando trámites y ahorrando tiempo.
 Empieza a pagar cuentas y servicios desde la app.
 Ten la facilidad de pagar servicios con código QR o link de pago y transferir dinero entre cuentas.
 Puedes utilizar muchas alternativas para pagar tus compras: con saldo recargado en tu cuenta de Mercado Pago, tarjeta de crédito, débito o recargable, en efectivo con transferencia, depósito bancario o solicitar una línea de crédito.
 Solicita una tarjeta física o una tarjeta virtual gratis, sin pagar anualidad ni emisión. 
 Realiza compras online o paga en hasta 12 mensualidades fijas con Mercado Crédito, sin usar tarjeta de crédito. 
 Haz recargas de celular y tarjetas MI. 
 Disfruta de los beneficios de Mercado Puntos: descuentos en compras, envíos gratis, facilidades en devoluciones y más.
 Con tu cuenta digital también puedes obtener una línea de crédito para realizar pagos con QR, recargas, pago de servicios y compras en Mercado Libre, usando tu dinero como necesites.

Ve tu negocio crecer 
De ahora en más, tú eliges cómo cobrar! Recibe pagos como quieras - pagos con código QR, link de pago por redes sociales o web, pagos con el lector de tarjetas Point - y empieza a vender online y presencialmente.
 
 Adquiere el lector de tarjeta Point para vender, cobrar y recibir pagos.
 Cobra con código QR o link de pago por WhatsApp, redes sociales, chats y más.
 Cobra con tarjeta sin pagar gastos fijos.
 Ofrece al cliente la posibilidad de transferir dinero y pagar a través de la app a tu cuenta digital.
 Aprovecha para aumentar tus ventas:: con el lector de tarjeta Point, tú puedes recibir pagos seguros de forma online, cobrar y mejorar tus finanzas. 
 Si lo deseas, con Mercado Crédito puedes acceder a un préstamo para impulsar tu negocio. Lo pides 100% online, sin trámites ni papeles y el dinero se deposita en el acto en tu cuenta digital.

Prepárate para vender más con Mercado Pago! Tú puedes vender online o presencialmente y cobrar de la manera que quieras. Empieza a recibir pagos con Point o vía transferencia, directamente en tu cuenta online.

Elige el lector de tarjeta Point para tu negocio ingresando en www.mercadopago.com.mx.

* Producto disponible solo para la Área Metropolitana de CDMX.",com.mercadopago.wallet,finance,organic,2025-11-07 09:35:53
Cash App,"Block, Inc.",4.7,"100,000,000+",100000000,Finance,"Cash App makes it easy to:
 Send, spend, save, and invest your money*
 Borrow extra cash when you need it 
 Help teens get started with money 

Send money instantly for free. When you bank* through Cash App, you can get paid up to 2 days early.

Buy bitcoin and sell bitcoin. Over 21 million people have bought bitcoin with Cash App.

Get a Cash App Card, a customizable debit card that works with Apple Pay, Google Pay, and digital wallets. Save instantly with exclusive offers.

Download Cash App to take control of your cash.

MILLIONS OF FAMILIES TRUST CASH APP
 Anyone 13 to 17 can use Cash App when sponsored by a parent or guardian**
 Get extra security features and parental controls
 Design a debit card
 Create healthy money habits

P2P PAYMENTS
 Send and receive money for freeall you need is a persons phone number, email, $Cashtag, or QR code
 Avoid scams with proactive security features

CUSTOMIZABLE DEBIT CARD*
 Cash App Card works where Visa is accepted
 No monthly or hidden fees
 Exclusive styles
 Real-time alerts
 247 fraud monitoring

SIMPLIFIED BANKING*
 No minimum balance requirements
 Distribute part of your paycheck to savings, stocks, or bitcoin*
 Free in-network ATM withdrawals and up to $200 in free overdraft coverage when you direct deposit $300+ each month***

EASY WAYS TO SAVE
 Earn up to 3.5% interest when you direct deposit $300+ each month****
 Round up your spare change or put part of your paychecks into savings, stocks, or bitcoin*

EXCLUSIVE DISCOUNTS & ACCESS
 Save on everyday spending with offers
 Get access to concert presales & exclusive events

INVEST IN STOCKS & BUY BITCOIN*****
 Buy stocks or bitcoin with as little as $1
 Get paid in bitcoin & buy stocks with no commission fees



*Cash App is a financial services platform, not a bank. Banking services provided by Cash Apps bank partner(s). Prepaid debit cards issued by Sutton Bank, Member FDIC. Offers, Round ups, Savings and Overdraft protection are provided by Cash App, a Block Inc. brand. Eligibility requirements apply, see terms for details. Brokerage services by Cash App Investing LLC, member FINRASIPC, subsidiary of Block, Inc. Bitcoin services provided by Block, Inc. Bitcoin services are not licensable activity in all U.S. states and territories. Block, Inc. operates in New York as Block of Delaware and is licensed to engage in virtual currency business activity by the New York State Department of Financial Services. Investing and bitcoin are non-deposit, non-bank products that are not FDIC insured and involve risk, including monetary loss. P2P services & Savings are provided by Block, Inc. & not Cash App Investing LLC.

**To view the eligibility requirements for sponsoring a teen, please visit the Sponsored Accounts section of the Cash App Terms of Service.

***Cash App waives ATM fees for all in-network withdrawals when you direct deposit at least $300 monthly into Cash App.

****Cash App will pass through a portion of the interest paid on your savings balance held in an account for the benefit of Cash App customers at Wells Fargo Bank, N.A., Member FDIC. To earn the highest interest rate on your Cash App savings balance, you need to be 18 or older, have a Cash App Card, and direct deposit at least $300 monthly into Cash App. Sponsored Accounts are not eligible to earn interest. Other exceptions may also apply. Savings yield rate is subject to change.

*****Investing involves risk; you may lose money. Cash App Investing LLC does not trade bitcoin & Block, Inc. is not a member of FINRA or SIPC. This is not a recommendation for you to transact in securities. Fractional shares are not transferable. For additional conditions & limitations, see the Cash App Investing LLC Customer Agreement. Regulatory & external transfer fees may apply, see the House Rules. Cash App Investing LLC is not a bank.

Contact Cash App Support by phone at (800) 969-1940 or mail at:
Block, Inc.
1955 Broadway, Suite 600
Oakland, CA 94612",com.squareup.cash,finance,organic,2025-11-07 09:35:53
Pluxee,Pluxee International,3.3,"1,000,000+",1000000,Finance,"What You Can Do with Pluxee:
 Check Your Balance Anytime
Stay on top of your spending with real-time updates on your balance and transactions.

 Discover Nearby Places
Find partner locations near you where you can use your benefits  from restaurants to retail.

 Pay with Ease
Use Apple Pay or Google Pay to make fast, secure payments directly from your phone.

 Get Exclusive Offers
Unlock special deals and make your benefits go even further.

 Enjoy a Seamless Experience
One app, all your benefits  designed to be fast, safe, and easy to use.

 Love the app? Let us know!
Your feedback helps us keep improving. Rate and review the app and help us shape the future of your Pluxee experience.

 Need support?
If every country our local teams are here to help  support details available in the app.

Romania:
email - apphelp.ro@pluxeegroup.com
Phone - +40212072727

Austria:
email - kontakt@care.pluxee.at
Phone +43 1 328 60 60

Luxembourg:
email  consumers.lu@pluxeegroup.com
Phone - +352 28 76 15 00",com.pluxeegroup.consumers.global,finance,organic,2025-11-07 09:35:53
Paytm: Secure UPI Payments,Paytm - One97 Communications Ltd.,4.7,"500,000,000+",500000000,Finance,"Paytm (पटएम) - Built for India. Trusted by 50 Crore+ Indians.
We pioneered mobile payments, QR codes, Soundbox, and in-store devices in India - and we continue to lead with innovation. In the BHIM UPI ecosystem, Paytm is the only UPI app that builds features based on real user needs. From personalised UPI IDs and privacy-first controls to widgets, bank balance visibility, and Excel UPI statements, we innovate to make digital payments smarter, safer, and more private - only on Paytm.

Paytm UPI now works internationally in UAE, Singapore, France, Mauritius, Bhutan, Sri Lanka, and Nepal - making it easy for Indian travellers to send money or pay abroad instantly.

 Why Paytm?
 Indias safest, most secure UPI money transfer app
 Powered by top Indian banks
 Built-in privacy: hideunhide payments, personalised UPI ID, QR scan without sharing number, no OTP card swipes

 Innovations Only on Paytm UPI
1. Hide & Unhide Payments - Only you control your transaction visibility.
2. Personalised UPI ID - Choose name@ptyes or name@ptaxis instead of revealing your number.
3. Download UPI Statements in Excel + PDF - Great for tracking, accounting, or tax filing.
4. Spend Analytics - Categorised spend insights, month-on-month tracking.
5. Total UPI Bank Balance - View balances across all linked accounts instantly (only for Paytm users).
6. Receive Money Widget - Coin sound & notification every time you receive a payment.
7. Scan & Pay Widget - Scan QR right from your home screen.
8. Smart Bank Transfer Autofill - Copy-paste account info from WhatsApp, Paytm fills it correctly.
9. Auto Top-Up for UPI Lite - Never run out of Lite balance with automated top-ups.
10. Self Transfers - Move money between your own bank accounts instantly.

 Payment Methods  UPI Your Way
 Paytm UPI - Send and receive money using just a mobile number. Scan any QR code, pay at shops, and more.
 Paytm UPI Lite - PIN-less payments up to 4,000day. Works even when banks are down. Auto top-up and clutter-free bank statements.
 RuPay Credit Card on UPI - Link your RuPay card and pay via UPI. No OTP, no CVV. Earn rewards at shops and online.
 UPI AutoPay - Enable recurring payments for subscriptions, SIPs, rent, and more.

 Recharges, Utility Bill Payments & More
 Recharge mobile (prepaidpostpaid) with Jio, Airtel, VI, MTNL, BSNL
 DTH (TataPlay, Sun Direct, Airtel Digital TV, etc.)
 Electricity, water, gas, broadband, insurance, FASTag, challans, EMIs & more

 Pay at Online Stores
  100+ apps supported - food delivery, grocery, shopping & OTT

 Set UPI PIN
  Secure every transaction. 4 or 6-digit UPI PIN setup required.

 Rent Payments Made Easy
 Pay your rent directly via UPI or using your RuPay credit card on Paytm. Earn rewards, get reminders, and download monthly payment receipts - all in one tap.

 Paytm Card Machines (Soundbox + Swipe)
 Merchants across India now accept Paytm card machines. You can:
 Scan QR and pay
 Swipe creditdebit cards securely
 All with real-time payment confirmation via iconic Paytm sound.

 Personal Loans on Paytm
 Loan: 50,000 to 25,00,000
 Loan Tenure: 660 months
 Loan Interest Rate: 10.99%35% p.a.
 Loan Processing Fee: 06%

Example: 1,00,000 @23% for 18 months, 4.25% fee. EMI = 6,621. Total Payable = 1,19,186

Lending Partners: Hero Fincorp, Aditya Birla Finance, InCred, EarlySalary (Fibe), Poonawalla Fincorp

Check Credit Score for Free to Get Instant Cash Loan

 Travel Made Easy
 Trains: IRCTC-authorised e-ticket partner - booking, PNR, cancellations, live train status
 Buses: Instant ticketing with major operators
 Flights: Compare fares, book and manage trips easily

 Contact Us
One97 Communications Ltd.
One Skymark, Tower-D, Plot No. H-10B, Sector-98, Noida, UP 201304

Paytm Money Ltd. is a wholly owned subsidiary of One97 Communications Ltd., registered with SEBI & PFRDA.",net.one97.paytm,finance,organic,2025-11-07 09:35:53
Nu,Nu,4.5,"100,000,000+",100000000,Finance,"Nu is the worlds largest digital financial services platform outside of Asia, serving over 105 million customers across Brazil, Mexico, and Colombia. The company is the fourth-largest financial institution in Latin America by number of customers.

Guided by our mission to fight complexity and empower people, we cater to customers complete financial journey, promoting financial access and advancement with responsible lending and transparency. 

Thats why our app was created to reflect everything we believe in: a transparent, simple, easy, and hassle-free experience, just as your financial life should be. No asterisks, tricks, or inexplicable fees.

We care about your financial peace of mind, thats why we offer human 247 support to help you via phone, email or your apps chat.


Brazil:
Nu is the most recommended financial institution in Brazil, with over 92 million customers who love being able to manage their entire financial lives directly from their mobile phones.

Our solutions for Brazil include Credit Card, Loans, Investments, Insurance, PIX, Cashback, and way more.

- Nu Pagamentos S.A.  Instituição de Pagamento. CNPJ: 18.236.1200001-58. R. Capote Valente, 39 - Pinheiros, São Paulo - SP, 05409-000
- Nu Financeira S.A. CNPJ: 30.680.8290001-43

Mexico:
Nu Mexico, with more than 8 million customers, offers a seamless financial experience with its Credit Card and Cuenta Nu

Enjoy a credit card with no minimum purchase and a $0 annual fee, coupled with a savings account and debit card through Cuenta Nu.  Effortlessly manage your finances with Dimo, enabling transfers using your CLABE or phone number.  Additionally, leverage Cajitas Nu to cultivate your savings and allocate funds for rent, vacations, or emergencies.

- Nu is regulated by Banco de México and the CNBV, Products in Mexico are offered by Nu México Financiera S.A. de C.V. S.F.P.

Colombia: 
Nu has more than 1 million customers in Colombia whom have gain back the control of their time and money while saying goodbye to fine print, hidden charges and complexity with our Credit and Savings products.

Enjoy managing your finances from your cellphone with real-time notifications of your movements, blocking and unblocking your cards as many times you want from your app, having 247 support through chat, phone or email and secure transactions thanks to our technology.

___________________________________


Nus impact has been recognized in multiple awards, including Time 100 Companies, Fast Companys Most Innovative Companies, and Forbes Worlds Best Banks. Download the app and join the more than 105 million people who have said goodbye to bureaucracy, asterisks, paperwork, and fine print by joining the future of financial services.",com.nu.production,finance,organic,2025-11-07 09:35:53
Wells Fargo Mobile,Wells Fargo Mobile,4.8,"10,000,000+",10000000,Finance,"Account Management
Access your cash, credit, and investment accounts with Fingerprint Sign On¹ or Biometric Sign on¹
Review activity and balances
View your credit card transactions and manage your rewards
Easily activate or turn cards on or off², add cards to digital wallets³, view recurring payments, and manage account access with Card Settings

Deposit Funds⁴
Deposit checks using your Android camera 
Instantly view the processing deposit in your account

Make Transfers and Payments
Transfer funds between your Wells Fargo accounts and to other financial institutions⁵
Send and receive money with friends and family using a U.S. mobile phone number or email address with Zelle⁶
Pay your bills

Track Investments
Monitor balances, holdings, account activity, and open orders for your WellsTrade accounts
Get real-time quotes, charts, and market data

Stay Secure
Visit the Security Center to report fraud and maintain safe accounts
Manage alerts⁷
Get notified of suspicious card activity with alerts
Access to your FICO Credit Score

Contact Us
Email appstorefeedback@wellsfargo.com
Locate one of more than 12,700 ATMs or find one of our approximately 4,800 branches
Set up an appointment to meet with a Banker
____________________________
Screens are simulated.
1.Only certain devices are eligible to enable Fingerprint Sign On or Biometric Sign On.
2.Turning your card off is not a replacement for reporting your card lost or stolen. 
3.Not all smartphones are enabled to use a digital wallet. Your mobile carriers message and data rates may apply.
4.Some accounts are not eligible for mobile deposit. Deposit limits and other restrictions apply.
5.Terms and conditions apply. See Wells Fargos Online Access Agreement for more information.
6. Mobile numbers may need to be enrolled with Zelle before they can be used. Available to U.S.-based bank account holders only. 
7.Sign-up may be required. 
8.Some features not offered on all devices or to all users.

Android, Google Play, Chrome, Pixel and other marks are trademarks of Google LLC.

FICO is a registered trademark of Fair Isaac Corporation in the United States and other countries.

Zelle and the Zelle related marks are wholly owned by Early Warning Services, LLC and are used herein under license.

Investment and Insurance Products are:
Not Insured by the FDIC or Any Federal Government Agency
Not a Deposit or Other Obligation of, or Guaranteed by, the Bank or Any Bank Affiliate
Subject to Investment Risks, Including Possible Loss of the Principal Amount Invested

DEPOSIT PRODUCTS OFFERED BY WELLS FARGO BANK, N.A. MEMBER FDIC.

Investment products and services are offered through Wells Fargo Advisors. Wells Fargo Advisors is a trade name used by Wells Fargo Clearing Services, LLC (WFCS) and Wells Fargo Advisors Financial Network, LLC, Members SIPC, separate registered broker-dealers and non-bank affiliates of Wells Fargo & Company. WellsTrade(R) and Intuitive Investor(R) accounts are available through WFCS.

Use of stock symbols is for illustrative purposes only and not a recommendation.

9.$0 per trade is applicable to commissions for online and automated telephone trading of stocks and exchange-traded funds (ETFs). For stock and ETF trades placed with an agent over the telephone, a $25 agent-assisted trading fee is charged. Each trade order will be treated as a separate transaction subject to commission. An order that executes over multiple trading days may be subject to additional commission. One commission will be assessed for multiple trades, entered separately, that execute on the same day, on the same side of the market. Other fees and commissions apply to a WellsTrade account. Schedule subject to change at any time.
RSNIP-02212027-8313203.1.1",com.wf.wellsfargomobile,finance,organic,2025-11-07 09:35:53
Experian,Experian,4.7,"10,000,000+",10000000,Finance,"Financial Power to All. Get your Experian credit report and FICO Score* with a free Experian membershipno credit card needed! Apply with confidence for credit cards labeled No Ding Decline that wont ding your FICO Score if youre not initially approved. You could save big on car insurance and even get notified about changes to your credit profile. With a paid membership, you could save an average of $631year on bills and subscriptions with Bill Negotiation & Subscription Cancellation**, get started today.

GET STARTED FOR FREE

Experian credit report and FICO Score*
Check your FICO Score and credit report anytime, anywhereit wont hurt your credit. Get every 30 days. See what factors help or hurt your FICO Score, and actions to take for better credit.

Experian Boostø
Raise your FICO Score* using bills you already pay, like your cell phone, utilities, video streaming services and eligible rent payments.

Credit monitoring
Stay informed with push notifications if your FICO Score* changes, accounts are opened in your name or new inquiries appear on your credit report.

Marketplace
Compare credit card, personal loan or car insurance options matched to your unique credit profile. Apply with confidence for cards labeled No Ding Decline that wont ding your FICO Score if you arent approved. You could save money with a personal loan or save over $1,007+year on car insurance.

PREMIUM BENEFITS

Bill Negotiation & Subscription Cancellation**

You could save up to $631year and time when we negotiate your bills!! Well even cancel subscriptions you no longer want.

Experian CreditLock***

Protect against identity theft by locking your Experian credit file. Well alert you real-time if someone applies for credit in your name while your file is locked.


TERMS

See experian.comlegal for Terms of Use Agreement & Privacy Policy.

øResults will vary. Not all payments are boost-eligible. Some users may not receive an improved score or approval odds. Not all lenders use Experian credit files, and not all lenders use scores impacted by Experian Boost.

*Credit score calculated based on FICO Score 8 model. Your lender or insurer may use a different FICO Score than FICO Score 8 or another type of credit score altogether.

**Results will vary. Not all bills or subs are eligible for negotiationcancellation. Savings are not guaranteed, and some may not see any savings. Experian members for whom Experian completed at least one negotiation and canceled at least one subscription averaged $631year of anticipated savings. 

***Experian CreditLock is a separate service from Security Freeze: experian.comfreezecenter.html. Learn about the differences between them: experian.comblogsask-experianwhats-the-difference-between-freezing-or-locking-my-credit

Based on FICO Score 8 model. Approval is not guaranteed. Some may not see savings from improved interest rates. Offers are not available in all states. 

Applying for No Ding Decline credit cards wont hurt your credit scores if you arent initially approved. Initial approval will result in hard inquiry, which may impact your credit scores. 

Results will vary and some may not see savings. Average savings of $1,007 per year for customers who switched and saved.

2025 Experian. All rights reserved. Experian. Experian and the Experian trademarks used herein are trademarks or registered trademarks of Experian and its affiliates. The use of any other trade name, copyright, or trademark is for identification and reference purposes only and does not imply any association with the copyright or trademark holder of their product or brand. Other product and company names mentioned herein are the property of their respective owners. Licenses & Disclosures: experian.comhelpcm-licenses-and-disclosures.html",com.experian.android,finance,organic,2025-11-07 09:35:53
DANA Indonesia Digital Wallet,PT Espay Debit Indonesia Koe,4.6,"100,000,000+",100000000,Finance,"Its time to skip the hassle of any transactions with DANA. Proven #BukanDompetBiasa, DANA enables you to navigate the modern world of cashless and card-less transactions with safe & secure. Making it easier for you to transact, from scanning QRIS, sending money to bank accounts such as BCA, BRI, BNI, mandiri & more, to topping up e-wallet balance like GoPay, OVO & ShopeePay balance, as well as saving your bank cards in the app & use the saved bank cards for any transactions.

Free DANA Balance Top Up
No more worrying about admin fees when you want to top up your DANA Balance. Every penny you top up goes straight into your balance. No hidden fees, no surprises.

Send Money Without Admin Fees
Lets make money transfers a breeze! You can send money to other users or BCA, BRI, BNI, mandiri & other bank accounts within seconds with 0 admin fees. Skip the hassle of changing apps, you can do it all in DANA! 

Scan QRIS Easily at Any Merchants
Make your QRIS transactions easier & more secure by scanning the QRIS with DANA at your favourite merchants. You can choose to pay your QRIS transaction either with your DANA Balance or your bank cards in the app. Its time for secure & hassle-free QRIS transactions.

Pay with Bank Cards 
Say goodbye to the hassle of carrying a bulky wallet! Save your bank cards to the app and embrace a world of effortless & secure transactions by using the saved bank cards for easier payment. 

Easier Mobile Recharge Purchases & Bill Payments
With DANA, youre always in control of your communication needs & bill payments. Choose a wide range of mobile service providers with secured and make bill payments faster & easier with just the tap of your finger.

Top Up e-Wallet Balance with Minimal Fees
Top up your other e-wallet balance such as GoPay, OVO & ShopeePay with the lowest admin fee. You can save more while enjoying the convenience of an e-wallet with safe & secure. 

Safer Transaction with DANA Protection 
Transact worry-free with DANAs layered security: Secure verification process, 247 DANA Customer Care & 100% money-back guarantee. DANA is also supervised by Bank Indonesia and Kominfo.

Check Out the Latest Information
Follow DANAs social media to find out more about the latest features & promotions: Instagram (@dana.id), Twitter (@danawallet) & Facebook (DANA Indonesia).",id.dana,finance,organic,2025-11-07 09:35:53
Klarna  Pay your way,Klarna Bank AB (publ),4.9,"50,000,000+",50000000,Shopping,"FLEXIBLE WAYS TO PAY
Choose to pay in 4 interest-free payments, pay the full amount, in 30 days or over time.¹

SHOP ANYWHERE IN THE KLARNA APP
Access Klarnas flexible payment options anywhere - shop at your favorite stores and split your purchase with the payment plan that suits you.

UP TO 10% CASHBACK
Shop in the app and earn up to 10% cashback.² Get cashback at hundreds of stores in the app.

SHOP WITH THE KLARNA CARD³
Pay with Klarna anywhere Visa is accepted. Pay now or pay later with the card. No fees and no credit impact to apply.

UNLOCK YOUR KLARNA BALANCE
Add money in the Klarna app and pay flexibly, anywhere you shop. Get instant refunds, earn cashback at eligible stores, and convert your cashback into money in your balance.⁴

USE KLARNA WITH GOOGLE PAY
Split the cost with Klarna on Google Pay, available online and in-app⁵

FIND THE BEST PRICE, EVERY TIME
Search for any product and instantly compare prices across stores.

HASSLE-FREE RETURNS
Need to send something back? Report a return right in the app. Well pause your purchase so you dont have to pay in the meantime.

TRACK ALL YOUR DELIVERIES
Get real-time updates, arrival times, and pickup photosright in the Klarna app.

247 CUSTOMER SERVICE
Use our chat in the Klarna app for 247 support. 

¹Monthly financing through Klarna issued by WebBank. Other CA resident loans made or arranged pursuant to a California Financing Law license. NMLS #1353190.
²Earn cashback on Klarna App purchases. Klarna balance account required and funds can only be used within Klarna. Cashback issuance depends on store approval and may be affected by cookie settings, combining offers, product exclusions, or other factors beyond our control. Klarna may get a commission. Limitations, terms and conditions apply.
³Deposits in your balance account are held at WebBank, Member FDIC. Klarna is not an FDIC-insured bank and deposit insurance only covers the failure of WebBank. Your deposits in the balance account are eligible for pass-through deposit insurance coverage if certain conditions are satisfied. Funds may be made available to you before WebBank receives them (early availability funds); such early availability funds may not be FDIC insured until received by WebBank. Loans that you obtain using the Klarna Card not insured by the FDIC and are not deposits. Account disclosures.
Use your card anywhere Visa is accepted. Certain merchant, product, good and service restrictions apply. Some merchants do not accept virtual cards. Physical card only included with a paid Klarna Membership Plan.
⁴Terms and Conditions apply to gift certificatesgift cards like Klarna Balance.
⁵Google Pay is a trademark of Google LLC.",com.myklarnamobile,finance,organic,2025-11-07 09:35:53
"PhonePe UPI, Payment, Recharge",PhonePe,4.5,"500,000,000+",500000000,Finance,"PhonePe is a payments app that allows you to use BHIM UPI, your credit card & debit card or wallet to recharge your mobile phone, pay all your utility bills and to make instant payments at your favourite offline & online stores. You can also invest in mutual funds & buy insurance plans on PhonePe. Get Car & Bike Insurance on our app.
Link your bank account on PhonePe and transfer money with BHIM UPI instantly! The PhonePe app is safe and secure, meets all your payment, investment, mutual funds, insurance & banking needs, and is much better than Internet banking.

Things you can do on PhonePe (Phonepay) App:

Money Transfer, UPI Payment, Bank Transfer
- Money Transfer with BHIM UPI
- Manage Multiple Bank Accounts Check Account Balance, Save Beneficiaries across multiple bank accounts like SBI, HDFC, ICICI & 140+ banks.

Make Online Payments
- Make online payment on various shopping sites like Flipkart, Amazon, Myntra etc.
- Pay for online food orders from Zomato, Swiggy etc.
- Pay for online grocery orders from Bigbasket etc.
- Pay online for travel booking from Makemytrip, Goibibo etc.

Make Offline Payments
- Scan & Pay via QR Code at local stores like kirana, food, medicines etc.

BuyRenew Insurance Policies with PhonePe Insurance App

Health & Term Life Insurance
- CompareBuy Health & Term life Insurance with monthly premiums
- Coverage for individuals, senior citizens & families

Car & Two Wheeler Insurance
- Browse & get Indias most popular bike & car insurance
- Buyrenew your car & bike Insurance in less than 10 minutes

Other Insurance
- PA Insurance: Insure yourself against accidents & disablement
- Travel Insurance: Get international travel insurance for business & leisure trips
- Shop Insurance: Insure your shop against fire, theft, natural calamities and burglaries.

PhonePe Lending

Get pre-approved personal loans ready to be disbursed into your bank account through seamless & digital loan onboarding journey.

Repayment Period: 6 - 36 Months
Maximum APR: 30.39%

Example:
Loan Amount: 1,00,000
Tenure: 12 months
Rate of Interest: 24.49% per annum
Processing Fee: 2,500 (2.5%)
GST on Processing Fee: 450
Total Interest: 13,756.27
EMI: 9,479.69
Maximum APR: 30.39%
Amount Disbursed: 97,050
Total Repayment Amount: 1,13,756.27

We offer loans from some of Indias biggest lenders - Aditya Birla, Piramal, IDFC First, L&T Finance, and Credit Saison India.

Mutual Funds & Investments App
- Liquid Funds: Get higher returns than savings bank 
- Tax-Saving Funds: save up to 46,800 in tax & grow your investment
- Super Funds: Achieve financial goals with expert help on our app 
- Equity Funds: High growth products curated as per risk appetite
- Debt Funds: Get stable returns for investments without any lock-in period
- Hybrid Funds: Get a balance of growth & stability 
- Buy or Sell 24K Pure Gold: Assured 24K purity, build gold savings on our app

Recharge Mobile, DTH
- Recharge Prepaid Mobile Numbers like Jio, Vodafone, Airtel etc.
- Recharge DTH like Tata Sky, Airtel Direct, Sun Direct, Videocon etc.

Bill Payment
- Pay Credit Card Bills
- Pay Landline Bills
- Pay Electricity Bills
- Pay Water Bills
- Pay Gas Bills
- Pay Broadband Bills

Buy PhonePe Gift Cards
- Buy a PhonePe Gift Card for easy payments across 1 lakh+ leading offline & online outlets and across the PhonePe app.

Manage your refunds
- Manage & track refunds from your favorite shopping websites on PhonePe.
For more details, Visit www.phonepe.com

Permissions for App and reasons
SMS: to verify Phone number for registration
Location: a requirement by NPCI for UPI transactions
Contacts: for phone numbers to send money to and numbers to recharge
Camera: to scan QR code
Storage: to store scanned QR code
Accounts: to pre-populate email ID while signing up
Call: to detect single vs dual sim & let user choose
Microphone: to carry out KYC video verification",com.phonepe.app,finance,organic,2025-11-07 09:35:53
Fifth Third: 53 Mobile Banking,Fifth Third Bank,4.7,"1,000,000+",1000000,Finance,"Securely access your accounts, deposit checks², view recent transactions, pay bills, transfer money¹, and find ATMs and branches.

See over six months of account history and account details. Plus you can view total pending credit card transactions, and 24 months of statements. If youre a first time user, just follow the link on the login page to get started.*


DEPOSIT CHECKS

Save a trip to the bank and deposit checks with your phone - as late as 8 PM ET to process your deposit the same business day.²,³ And Mobile Deposit with Immediate Funds can get you access to the full amount of your check right away.⁴



TRANSFER MONEY & PAY BILLS

Get in. Get out. Transfer funds quickly. Add new payees and make payments right from the app.¹


SEND MONEY with ZELLE PERSON-TO-PERSON PAYMENTS

Its Easy. Its Fast. Its Secure. Send money to virtually anyone with no added fees, all they need is a U.S. bank account. Money moves directly from account to account and is typically available within minutes.⁵ Use an email address or mobile phone number to send and receive payments, account information is not exposed to users.



FIFTH THIRD INSTANT ALERTS

Track your debit, credit, and ATM transactions with a message directly to your phone or your email. Take quick action just by swiping or clicking on the mobile app alert when you receive it, and conveniently view and manage your alert preferences right within the app. New to alerts? Login and click on the Alerts menu under your profile and well recommend the right ones for you.


HELP YOURSELF

Update your account information and preferences. No need to call - activate cards, change card PINs, update your user ID, choose electronic statement delivery, and manage your alerts in the app.


LOCATIONS & HOURS

Stop in and see us. Find Branches & ATMs by mapping directly to one of our locations. Get the branch hours or call us with just one click.


SECURITY

We are committed to protecting the privacy of your financial information. When you use the Fifth Third Mobile Banking app, all of your information is encrypted to help prevent unauthorized access. See our Online Privacy Policy at 53.comprivacy-security for more information.




Disclosures


*Subject to Digital Services User Agreement. Mobile Internet data and text message charges may apply. Please contact your mobile service provider for details.



¹ Transfers from a credit card will be treated as a cash advance. Please review the terms and conditions of your credit card for additional details. Transfer limitations may apply refer to the Rules and Regulations.



² Access 360 and Basic Checking accounts are not eligible for mobile deposit. Fees may apply to mobile deposit with immediate funds, and the service is not available to business accounts.


³ Checks are subject to an additional review by Fifth Third, and the availability of funds from your deposit may be delayed in some instances. You will be mailed notification if the availability of funds from your deposit is delayed.



⁴ Subject to transaction fee based upon deposit amount. Terms and Conditions apply. Transactions subject to applicable cutoff times. Please see Digital Services User Agreement for details regarding cutoff times. All checks subject to approval by a third-party vendor.


⁵ Transactions between enrolled Zelle users typically occur in minutes. If your recipient is not yet enrolled with Zelle, it may take between 1 and 3 business days after they enroll. Availability may be limited based on your account type and the date of account opening. Zelle is a registered trademark of Early Warning Services, LLC.


Fifth Third Bank, National Association. Member FDIC.",com.clairmail.fth,finance,organic,2025-11-07 09:35:53
Netflix,"Netflix, Inc.",4.0,"1,000,000,000+",1000000000,Entertainment,"Looking for the most talked about TV shows and movies from the around the world? Theyre all on Netflix.

Weve got award-winning series, movies, documentaries, and stand-up specials. And with the mobile app, you get Netflix while you travel, commute, or just take a break.

What youll love about Netflix:

 We add TV shows and movies all the time. Browse new titles or search for your favorites, and stream videos right on your device.
 The more you watch, the better Netflix gets at recommending TV shows and movies youll love.
 Enjoy a safe watching experience just for kids with family-friendly entertainment.
 Preview quick videos of our series and movies and get notifications for new episodes and releases.

For complete terms and conditions, please visit http:www.netflix.comtermsofuse
For privacy statement, please visit http:www.netflix.comprivacy",com.netflix.mediaclient,entertainment,organic,2025-11-07 09:35:56
PolyBuzz: Chat with AI Friends,CLOUD WHALE INTERACTIVE TECHNOLOGY LLC.,3.7,"10,000,000+",10000000,Entertainment,"Our app revolutionizes the way we interact with AI chatbots. With our advanced technology, our chatbots think and reply like real characters, complete with authentic voices. You can choose from a massive selection of characters, each with their own unique voice and personality. Whether youre chatting with your favorite celebrity, a beloved character from a movie or TV show, or a historical figure, youll feel like youre talking to a real person.

Character creation - Character creation now open to everyone! Ignite your imagination and bring any character to life here, whether they exist in reality or flourish in the realm of imagination! Unleash your creativity and craft a character that can be kept entirely private or shared for everyone to engage with. But the excitement doesnt end there - immerse yourself in a vibrant community where you can also interact with characters crafted by others! Join the adventure and let your characters come alive in this thrilling experience!

Unlimited free messages - With no limitations on the length or frequency of chats, users can engage in endless conversations without any restrictions. This means that you can chat with your favorite characters or npc unlimitedly, completely free of charge and without ever having to worry about running out of time or exceeding any limits. 
 
Immerse yourself in endless conversations - Unlike traditional chatbots, which can quickly become repetitive and boring, our AI chatbots use cutting-edge technology to generate responses that feel natural and engaging. All you need to do is to enjoy the free talk.
 
Never run out of new things to explore - Our app is perfect for anyone who loves to chat, learn, and explore. Whether youre a history buff, a fan of pop culture, or just looking for a fun way to pass the time, our AI chatbots will provide you with endless entertainment and engagement. And with our constantly growing selection of characters, youll never run out of new personalities to chat with.
 
Our app provides users with the ultimate immersive conversational experience. With authentic voices and character thinking, our chatbots will make you feel like youre talking to a real person. Youll never run out of things to say, and there are no language barriers to hold you back. So why not download our app today and start exploring the world of endless conversations all for free?

Terms of Use: https:app.polybuzz.aistatichyspeakmastertermsofUseindex.html?darkmode=1&darkStyle=1
Privacy Policy: https:app.polybuzz.aistatichyspeakmasterprivacyPolicyindex.html?darkmode=1&darkStyle=1
Please send your feedback to support@mail.polybuzz.ai",ai.socialapps.speakmaster,entertainment,organic,2025-11-07 09:35:56
Prime Video,Amazon Mobile LLC,4.0,"500,000,000+",500000000,Entertainment,"Watch movies, TV shows, live programming, and sports including Amazon MGM Studios-produced series and moviesRoad House, The Lord of the Rings: The Rings of Power, Fallout, Reacher, The Boys, and The Idea of You, and much more. Browse titles, search for your favorites, or enjoy movies and shows recommended just for you.

App features:
  Download videos to watch anywhere.
  Rent or buy new-release movies and popular TV shows (availability varies by marketplace).
  Cast from your phone or tablet to the big screen with Chromecast or FireTV.
  Create multiple profiles so each person gets a personalized entertainment experience.
  Go behind the scenes of movies and TV shows with exclusive X-Ray access, powered by IMDb.

 For our Terms of Use and usage rules, go to amazon.comvideoterms. Amazon, the Amazon logo, and Prime Video are trademarks of Amazon.com, Inc. or its affiliates.",com.amazon.avod.thirdpartyclient,entertainment,organic,2025-11-07 09:35:56
YouTube,Google LLC,3.9,"10,000,000,000+",10000000000,Video Players & Editors,"Get the official YouTube app on Android phones and tablets. See what the world is watching -- from the hottest music videos to whats popular in gaming, fashion, beauty, news, learning and more. Subscribe to channels you love, create content of your own, share with friends, and watch on any device.

Watch and subscribe 
 Browse personal recommendations on Home
 See the latest from your favorite channels in Subscriptions 
 Look up videos youve watched, liked, and saved for later in Library 

Explore different topics, whats popular, and on the rise (available in select countries)
 Stay up to date on whats popular in music, gaming, beauty, news, learning and more
 See whats trending on YouTube and around the world on Explore
 Learn about the coolest Creators, Gamers, and Artists on the Rise (available in select countries)

Connect with the YouTube community
 Keep up with your favorites creators with Posts, Stories, Premieres, and Live streams
 Join the conversation with comments and interact with creators and other community members

Create content from your mobile device
 Create or upload your own videos directly in the app 
 Engage with your audience in real time with live streaming right from the app

Find the experience that fits you and your family (available in select countries)
 Every family has their own approach to online video. Learn about your options: the YouTube Kids app or a new parent supervised experience on YouTube at youtube.commyfamily

Support creators you love with channel memberships (available in select countries)
 Join channels that offer paid monthly memberships and support their work
 Get access to exclusive perks from the channel & become part of their members community
 Stand out in comments and live chats with a loyalty badge next to your username

Upgrade to YouTube Premium (available in select countries)
 Watch videos uninterrupted by ads, while using other apps, or when the screen is locked
 Save videos for when you really need them  like when youre on a plane or commuting
 Get access to YouTube Music Premium as part of your benefits",com.google.android.youtube,entertainment,organic,2025-11-07 09:35:56
Disney+,Disney,4.3,"100,000,000+",100000000,Entertainment,"Disney+ is the streaming home of your favorite stories. With beloved movies and series from Disney, Pixar, Marvel, Star Wars, National Geographic, theres always something to explore. Stream the latest movie releases, exclusive Original series, and highly anticipated matchups all in Disney+.


Stream Originals like Marvel Studios Loki and fan favorites like Encanto and The Simpsons.

With a Disney+ subscription plan you will get to experience:
 Exclusive new Originals from Disney, Pixar, Marvel, Star Wars, and National Geographic.
 Access to new releases, timeless classics, and past seasons of your favorite TV shows.
A live feed of ABC News and Streams that offer carefully curated, continuous programming based on seasonality or interest, from across the Disney+ library*
 Over 100 titles in 4K UHD and HDR.
 The ability to watch on multiple screens at once at no extra cost.
 Multiple parental control features including Profile PIN and Kid-Proof Exit. Easily adjust a profiles Content Rating settings for a viewing experience that suits everyone
 IMAX Enhanced, see the full scale and scope with IMAXs expanded aspect ratio. Available with certain Marvel and Pixar titles and accessible on all devices where Disney+ is supported.
 A curated selection of unlocked Hulu content in the Hulu hub within the Disney+ app.**
 A curated selection of highly anticipated live sports events, ESPN Originals, and studio programming in the ESPN hub within the Disney+ app**

For help with Disney+, please visit: http:help.disneyplus.com
For our Subscriber Agreement and other policies please visit: https:disneyplus.comlegalsubscriber-agreement
Your California Privacy Rights: https:www.disneyplus.comlegalyour-california-privacy-rights
Do Not Sell My Information: https:www.disneyplus.comlegalprivacy-policy

The content available on Disney+ may vary by region. Some titles shown above may not be available in your country.

*Select Streams are currently available only with the Disney+ Premium plan. ABC News is not rated and will require a profiles Content Rating settings to be set to TV-MA. All other Streams are rated on a program-by-program basis.

**Content subject to change. U.S. residents, 18+ only. A limited selection of content from Hulu and ESPN are now available to all Disney+ subscribers. To access the full ESPN on Disney+ and Hulu on Disney+ experiences, you must bundle those services with your Disney+ subscription.",com.disney.disneyplus,entertainment,organic,2025-11-07 09:35:56
Peacock TV: Stream TV & Movies,Peacock TV LLC,4.5,"10,000,000+",10000000,Entertainment,"Download Peacock, NBCUniversals streaming service. Peacock has all your favorite culture-defining entertainment, all in one place. 

With Peacock, stream exclusive Originals, new movies from theaters, thousands of TV shows, and current programming from Bravo and NBC. 

Stay up to date with the news and stream all your favorite live sports and events including Sunday Night Football, Premier League, Big Ten Football, NBA games (starting 102125), The Winter Olympics, and so much more. 
 
With PEACOCK PREMIUM, stream the full library of movies, episodes, and seasons  plus live sports and events.
	Stream new movies from theaters, plus full seasons of exclusive premium TV like Yellowstone and The Office: Superfan Episodes. 
	Exclusive Peacock Originals, including The Paper, Love Island USA, The Traitors, Twisted Metal, The Day of the Jackal, Ted, and more. 
	Live sports, including Sunday Night Football, Premier League, Big Ten football, and LIVE NBA Games starting 102125. 
	The streaming home for your Bravo faves, including Below Deck, The Real Housewives, Top Chef, and Vanderpump Rules. 
	Current-season NBC hits like The Voice, Law & Order, St. Denis Medical, One Chicago, and Saturday Night Live.
	Peacock Channels  playing your favorite entertainment and news. Scroll less and watch more with SNL Vault, Dateline, NBC Sports on Peacock, NBC News NOW, TODAY All Day, and True Crime. 
	Hit Spanish-language TV shows and news from Telemundo. 
	Full library of Kids and Family entertainment. 
 
With PEACOCK PREMIUM PLUS, get everything included in Peacock Premium as well as: 
	Stream Peacock ad-free.* 
	Stream your local NBC channel, 247. 
	Download available titles to your mobile device and watch later, anywhere. 
*Due to streaming rights, a small amount of programming will still contain ads (Peacock Channels, events, a few shows and movies, and local content). 

With PEACOCK SELECT, you get:
	Next-day TV from NBC and Bravo.
	A selection of full seasons (excludes Peacock Originals) and 247 streaming channels of TV shows.

Content availability may vary over time.

Please note: Use of the Peacock app is limited to the United States and its territories. Video is accessible via 3G, 4G, 5G, LTE and Wi-Fi networks. Data charges may apply.  
If applicable, subscription charges begin after any promotional period of Peacock PremiumPeacock Premium Plus concludes. You will be charged on a recurring basis as described above, minus applied offers plus applicable taxes. Your subscription will auto-renew until you cancel. Cancel at any time by visiting your account in the Peacock App. By subscribing, you agree to the preceding subscription terms and our Terms of Use and Privacy Policy below.
Learn more at www.peacocktv.com
Terms of Use: www.peacocktv.comterms
Privacy Policy: www.peacocktv.comprivacy
Customer Help: www.peacocktv.comhelp
Your Privacy Choices: https:www.nbcuniversal.comprivacynotrtoo
CA Notice: https:www.peacocktv.comca-notice
This app features Nielsen proprietary measurement software, which will allow you to contribute to market research, like Nielsens TV Ratings. To learn more about our digital measurement products and your choices in regard to them, please visit http:www.nielsen.comdigitalprivacy for more information.",com.peacocktv.peacockandroid,entertainment,organic,2025-11-07 09:35:56
"Character AI: Chat, Talk, Text",Character.AI,3.8,"50,000,000+",50000000,Entertainment,"Character.AI isnt just another AI chat appits an infinite playground for your imagination, creativity, and exploration.

Dive into immersive conversations, create your own AI chatbots, and join a vibrant community of creators, just like you. 

Text or talkyour next adventure begins here!

Chat, call, text, and create with AI Characters that respond intelligently, remember past conversations, and adapt to your style. Every AI chat feels natural, engaging, and unique to you. Explore endless possibilities as you create stories, build new worlds, roleplay adventures, or just have fun with your favorite AI chatbots.

Countless AI Characters, Endless Possibilities

Character.AI is home to millions of user-generated AI Characters, offering a diverse and exciting world beyond basic chatbots. From legendary heroes and mischievous villains to unhinged weirdos and loyal sidekicks, theres always a new AI Character waiting for you. 

Love AI chat? Dive into Characters from every genre and personality type. Want to create your own? Our powerful Character Creation tools let you design custom AI chatbots with unique personalities, backstories, and even Voices! Personalize your creations to match your imagination and experience truly customized AI chat like never before.

Character.AI makes Character Creation easy, fun, and limitless. No matter what you dream up, you can bring it to life and share it with the entire AI Community.

Text or TalkYour Choice with AI Chat and AI Calls

Experience the freedom to interact however you wantthrough typing or live voice calls. With Character.AI, you can seamlessly switch between AI chat and live conversations with AI Characters.

Whether youre deep in an AI-powered story or roleplaying an epic adventure, Character.AI offers a fully immersive AI chat experience tailored to you.
Get ready to rethink what AI chatbots can dobecause with Character.AI, your conversations can go anywhere your imagination leads.

Unleash Your Creativity Through Character Creation

Character Creation isnt just a featureits a gateway to endless creativity. 
Character.AI empowers you to create, design, and explore new worlds. Build your own AI chatbots, invent rich fictional universes, craft alternate timelines, or even create personalized AI assistants to help with learning, storytelling, or creative brainstorming.

No coding skills needed. Just your imagination, a few prompts, and the willingness to experiment. Join millions of creators who are pushing the boundaries of AI chat and AI Character development.

Join the Character.AI Community

Become part of a thriving AI Community filled with millions of real creators, explorers, and storytellers. Character.AI is more than just an appits a movement where people from around the world connect through the power of storytelling, AI chat, and world-building with your favorite Characters.

Discover new characters created by users like you, follow your favorite creators, and share your own masterpieces with the world. Build, learn, and grow within a community that celebrates innovation and creativity in AI chatbots and Character creation.

Whether youre into roleplay, fan fiction, RPG adventures, or storytelling, Character.AI is the perfect space to fuel your passion and connect with like-minded explorers.

Interactive Entertainment, Reimagined with AI

At Character.AI, interactive entertainment is taken to the next level. Dive into rich AI roleplay experiences, unexpected plot twists, and collaborative storytelling. Whether youre writing a novel, brainstorming character arcs, or just passing the time with a funny AI chatbot, Character.AI makes every interaction meaningful and fun.

Plus, enjoy unlimited AI conversations and voice callsall for free!

Download Character.AI and discover the ultimate platform for AI chat, AI Characters, AI chatbots, Character Creation, and connecting with an incredible AI Community.

 Where will your next adventure take you?",ai.character.app,entertainment,organic,2025-11-07 09:35:56
Tubi: Free Movies & Live TV,Tubi TV,4.9,"100,000,000+",100000000,Entertainment,"Nice to meet you, were Tubi. Were more than a completely free streamer with the largest library in the entire streaming universe. Were entertainment fiends and collectors, and never judgers. So, get comfy and settle into whatever youre feeling. Its about to get good.

WATCH FREE:

Live TV: news, weather, sports, & entertainment
Its live, always on, always free and has way fewer ads than cable. We call that a win-win-win-win. 
+ Check your local news channels for weather and news.
+ Get game day ready with pre-game excitement.
+ Unwind with your favorite TV competitions and guilty pleasures.

Movies
From the biggest names in the industry to the indie darlings we cant get enough of.
+ Top titles added every month.
+ Bask in loads of drama that isnt your own.
+ Comedy, action, and horroroh, my! Whatever genre youre looking for, we have it.

Series
Marathon all the best series, all in one place, with zero subscriptions ever.
+ Refine your taste buds with cooking shows and competitions.
+ Get lost in the drama of an evening soap.
+ Decompress with laugh-out-loud sitcoms.

Tubi Originals
Made by us, just for you. And only available on Tubi.
+ Critically acclaimed series like Boarders and Big Mood.
+ Live out your fantasies with all-new reality shows, series, and movies.

Tubi Comic Con(tent)
Its a bird, its a plane, its...all your favorite comic book heroes and caped crusaders!
+ Binge full series, old school and new.
+ Stay current with the latest Hollywood releases.

Tubi Español
Tú perteneces aquí. Watch in Spanish with no subtitles necessary.
+ Keep up with all your telenovelas.
+ Stream Spanish-first favorites and discover dubbed blockbusters.

International Entertainment
+ Ikuze! We have all the anime!
+ Koreas in the house!! Get your fill of K-pop, horror, action, comedy, and drama.
+ Live the Bollywood dream and dance along with tons of favorites.

MORE PERKS
+ Swipe your way to discovering new content.
+ Never run out of stuff to watch. We add new arrivals every week.
+ Here, there, everywhere. Tubi works on 30+ devices, so it goes wherever you go.
+ Well never ask for your credit card, ever. Its free forever. For really.
+ Create an account to build your own watchlist, save your watch progress, and get better recommendations.

See You In There",com.tubitv,entertainment,organic,2025-11-07 09:35:56
Plex: Stream Movies & TV,"Plex, Inc.",3.8,"50,000,000+",50000000,Entertainment,"Discover what to watch next with Plex.

Find any show or movie and where its streaming, then add it to a universal Watchlist for easy access when youre ready to press play. Plex is the only entertainment app that gives you every way to discover what you want to watch, easier than ever before. Stream movies and TV shows for free with the Plex personal media player. Connect with friends and fellow fans, and leave TV and movie reviews.

Plex offers a subscription-free streaming experience with access to 600+ channels and thousands of free movies and TV shows. Connect all your streaming services to watch TV and movies and see whats trending across platforms. Plus create a universal Watchlist to keep track of everything you want to watch, no matter where its streaming.

Get free access to over 50,000 titles and 600+ TV channels, including live TV with sports, news, kids shows, and more. Watch movies and your favorite TV series, all in one place.

Media streaming, organization, and sharing made easy with Plex. Spend less time searching and get movie night started faster when you add your favorite movie apps and streaming services to Plex. Plus, enjoy access to popular movie and TV options from A24, Paramount, AMC, Magnolia, Relativity, Lionsgate, and more!

Love Live TV? Watch free TV everywhere with Plex. Featuring an easy-to-use guide, Live TV on Plex includes over 600 free TV channels including The Hallmark Channel, FOX Sports, FIFA, WNBA, NFL Channel, PBS Antiques Roadshow and more! Start streaming and catch your favorites on Plex like The Walking Dead Universe, Ice Road Truckers, Game Show Central, and NBC News Now.

Now with Plex Rentals, you can rent classic movies or new releases fresh from theaters. Simply sign in, browse the Plex rentals library, and rent your favorite movies. Download the app now to enjoy your Plex media anywhere.

PLEX FEATURES

DISCOVER MORE WITH PLEX
- Save anything from anywhere and create one universal Watchlist of TV and movies
- Add your favorite movie apps or streaming services to see whats streaming where
- Use our universal search to find what to watch next
- Leave a movie review and share movies and shows on your Watchlist
- Connect with friends to see what movies and TV shows theyre watching now
- React and comment on friends activity
- Let the community know your thoughts with TV and movie reviews

WATCH FREE TV EVERYWHERE
- Live TV shows and over 600 channels at your fingertips, on every device
- Free TV streaming with categories including sports, true crime, game shows, and channels En Español
- Live stream news and local TV channels like CBS, Financial Times, Euronews, and more

ALL NEW RENTALS
- Enjoy newly released movies and classic favorites with Plex Rentals
- Watch Dune 2, Civil War, Challengers, Godzilla Minus One, and more
- Rentals starting at just $3.99

PLEX PERSONAL MEDIA SERVER
- Plex scans, organizes and automatically sorts your personal media
- Movies and TV shows, all organized into personal media collections in our movie app
- Store your TV shows, movies, and stream on any device
- Download your personal media and watch without WiFi using our offline video player

Visit https:www.plex.tvfree for more information.

Note: Streaming personal media requires Plex Media Server version 1.41.2 and higher (available for free at https:plex.tvdownloads) installed and running to stream to other devices. DRM-protected content, ISO disc images, and video_ts folders are not supported. Some features of this app are supported by interest-based advertising, to learn more about this and your choices regarding it visit the Plex Privacy Policy.",com.plexapp.android,entertainment,organic,2025-11-07 09:35:56
Chai: Chat AI Platform,Chai Research Corp.,4.3,"10,000,000+",10000000,Entertainment,"Our app revolutionizes the way we interact with AI chatbots. With our advanced technology, our chatbots think and reply like real characters, complete with authentic voices. You can choose from a massive selection of characters, each with their own unique voice and personality. Whether youre chatting with your favorite celebrity, a beloved character from a movie or TV show, or a historical figure, youll feel like youre talking to a real person.


Character creation - Character creation now open to everyone! Ignite your imagination and bring any character to life here, whether they exist in reality or flourish in the realm of imagination! Unleash your creativity and craft a character that can be kept entirely private or shared for everyone to engage with. But the excitement doesnt end there - immerse yourself in a vibrant community where you can also interact with characters crafted by others! Join the adventure and let your characters come alive in this thrilling experience!

Image generation - Unleash your inner artist with our newly introduced image generation feature, where the power of AI meets boundless creativity. Simply provide a prompt, and watch as our advanced technology brings your vision to lifebe it breathtaking landscapes, enchanting fantasy realms, or hyper-realistic portraits. With limitless possibilities and no restrictions on how many images you can create, you can experiment freely until you achieve the perfect masterpiece. Whether youre a seasoned artist or simply looking to explore your creative side, our image generation tool is here to spark your imagination and transform your ideas into stunning visual art.


Unlimited free messages - With no limitations on the length or frequency of chats, users can engage in endless conversations without any restrictions. This means that you can chat with your favorite characters or npc unlimitedly, completely free of charge and without ever having to worry about running out of time or exceeding any limits.


Immerse yourself in endless conversations - Unlike traditional chatbots, which can quickly become repetitive and boring, our AI chatbots use cutting-edge technology to generate responses that feel natural and engaging. All you need to do is to enjoy the free talk.


Never run out of new things to explore - Our app is perfect for anyone who loves to chat, learn, and explore. Whether youre a history buff, a fan of pop culture, or just looking for a fun way to pass the time, our AI chatbots will provide you with endless entertainment and engagement. And with our constantly growing selection of characters, youll never run out of new personalities to chat with.


Our app provides users with the ultimate immersive conversational experience. With authentic voices and character thinking, our chatbots will make you feel like youre talking to a real person. Youll never run out of things to say, and there are no language barriers to hold you back. So why not download our app today and start exploring the world of endless conversations all for free?",com.Beauchamp.Messenger.external,entertainment,organic,2025-11-07 09:35:56
STARZ,"Starz Entertainment, LLC",4.4,"10,000,000+",10000000,Entertainment,"Family fun has its time and place. This isnt it. Switch on to STARZ and say hello to bold entertainment that doesnt hold back. Welcome to a world of boundary breaking entertainment where characters are bolder, the heat burns hotter and thrillers are  well, thrilling. Whether phone, tablet, or TV...we like it when you watch, wherever you watch. STARZ. Were All Adults Here.

With STARZ you get:
- Ad-Free Streaming
- Offline viewing (via downloads)
- Watch on multiple devices simultaneously

If youre already a STARZ subscriber through your TV provider, you can download the app and enjoy at no additional charge through your TV subscription. Otherwise, simply create an account within the app and start watching.

Ready to get started? Heres what to do:
1) Download the STARZ app.
2) Sign up. You can cancel at any time.
3) Create your STARZ profile and stream on mobile devices or the web at STARZ.com.
4) Enjoy STARZ Original Series and hit movies anytime.

STARZ online services are only accessible through participating partners in the U.S. and certain U.S. territories where a high-speed broadband connection is available. Service automatically rolls to month-to-month after the promotional period. Prices may vary.  STARZ ENTERTAINMENT LLC",com.bydeluxe.d3.android.program.starz,entertainment,organic,2025-11-07 09:35:56
YouTube Kids,Google LLC,4.2,"500,000,000+",500000000,Entertainment,"Inspire your kids to uncover their unique interests
Help your kids explore video content they love and parents trust, in an app made just for kids. With easy navigation tools and a suite of features, you can help your kids spend time online uncovering new interests, unleashing their imagination, and building their confidence in their own unique world.

Help your kids grow at their own pace
Your kids are unique, so they should only see content theyre ready to explore. Decide what videos will help them make the most of their time online, then personalize individual profiles using custom content filters as they grow.

- Help your youngest kids learn their ABCs, nurture their curiosity, and more in the Preschool mode.
- Expand your kids interests to songs, cartoons, or DIY crafts in Younger mode.
- Give your older kids the freedom to search popular music and gaming videos in Older mode.
- Or hand-pick the videos, channels, and collections your kids can see in Approved Content Only mode.

Rewatch videos and bond over favorites
Quickly find your kids favorite videos and the content youve shared with them in the Watch it Again tab.

Shape your kids viewing experience with Parental Controls
Parental Control features help you limit what your kids watch and better guide their viewing experience. Our blocking process aims to help keep videos on YouTube Kids family-friendly and safe  but each familys preferences are unique. Dont like a video or channel, or see inappropriate content? Flag it for our team to review.

Set a screen-time limit
Encourage your kids to take a break in between exploring content. Use the Timer feature to freeze the app when screen time is up so your kids can apply their new skills to the real world.

See important information
- Parental setup is needed to ensure the best experience for your family.
- Kids may see commercial content from YouTube creators that are not paid ads.
- See The Privacy Notice for Google Accounts managed with Family Link for information on our privacy practices for signing in with a Google Account.
- If your kids use the app without signing in with their Google Account, the YouTube Kids Privacy Notice applies.",com.google.android.apps.youtube.kids,entertainment,organic,2025-11-07 09:35:56
Talkie: Creative AI Community,SUBSUP,4.6,"10,000,000+",10000000,Entertainment,"Create Your AI-Powered Universe with Talkie  The Ultimate AI Content Community
Step into the future of creativity with Talkie, the worlds leading AIGC platform. Talkie is where ideas and imaginations come true through cutting-edge multi-modality AI models. Whether youre a storyteller or a hobbyist, Talkie empowers you to craft, customize, and collaborate with dynamic AI personas (Talkies), offering endless possibilities for creative expression.

Talkie is also a thriving, collaborative AI content community where users can design unique Talkies, explore other user-generated content, and engage with other people to build and evolve their creations. Whether youre a professional creator, a hobbyist, or just passionate about AI, Talkie gives you the tools to craft and share your own AI-powered world with others.

Key Features:
- Advanced Multi-modality Models: Talkie is powered by a diverse family of advanced models, providing you with instant access to personalized Talkies across a wide range of topics, such as professional coaching, language tutoring, interactive fiction designing, etc. Whether youre looking for entertainment, insights or assistance, Talkie has you covered.
- Create & Customize: Craft unique AI content with our advanced creation tools, including AI image, video, audio and music. Unbriddle your imagination to create an entire AI-powered universe.
- Infinite Content: Dive into a vast ocean of user-generated AI content, from interactive Talkies to AI movies. With constantly updated content, youll always find fresh inspiration and new ideas to explore. 
- Evolving Talkies: Experience lifelike conversations with Talkies. As you engage with them, they evolve and adapt with extended memory, offering increasingly personalized and engaging interactions. 
- Thriving AI Community: Join a rapidly growing global community of creators and enthusiasts. Share your creations, collaborate with others, and explore a universe of diverse and innovative AI content.

Create your super intelligent world, where your Talkies evolve alongside your creativity and interactions. Dive into the future of AI-driven entertainment and storytelling with Talkie!

Download now and dive into a world of endless possibilities with Talkie!
Discord: https:discord.cominvitetalkieai
Reddit: https:www.reddit.comrtalkie
TikTok: https:www.tiktok.com@talkiedoki
X (Twitter): https:x.comTalkie_APP
Instagram: https:www.instagram.comtalkie_app
Terms of Service: https:talkie-ai.comstaticservice",com.weaver.app.prod,entertainment,organic,2025-11-07 09:35:56
Google TV,Google LLC,3.9,"10,000,000,000+",10000000000,Video Players & Editors,"Google TV, previously Play Movies & TV, makes it easy to find and enjoy the entertainment you love in one place. With Google TV, youll be able to: 
Find what to watch next
Browse 700,000+ movies and TV episodes from across your streaming apps, all in one place and organized into topics and genres. Discover new things with recommendations based on what you love and whats trending across the services you already have access to. Search for titles to see which streaming apps offer them.
See the latest releases
Buy or rent the newest movies and shows right in the Shop tab. Purchases are stored in your Library and can be downloaded to watch when youre not connected. Watch instantly on your laptop, Android phone or tablet, or on your TV with Google TV or on Play Movies & TV where available. 
One list for all your discoveries
Add interesting shows and movies to your Watchlist to keep track of your new discoveries and view them later. The Watchlist is shared between all your devices, so you can even add to your Watchlist from your TV or phone and laptop through Search on any browser.
Use your phone as your remote 
With a remote built right into the app, you can find something great to watch even when the couch has eaten your remote. And you can use your phones keyboard to quickly type complicated passwords, movie names or search terms on your Google TV or other Android TV OS device.
Pantaya is a service only available in the US.
Separate subscriptions required for certain streaming services or access to certain content.",com.google.android.videos,entertainment,organic,2025-11-07 09:35:56
Xbox,Microsoft Corporation,4.5,"100,000,000+",100000000,Entertainment,"Friends and parties follow you with voice and text chat, even if theyre on console or PC. See notifications, achievements from you and your friends, messages, and more. Buy games and add-on content you want without leaving the app. Explore the Game Pass catalog, view and redeem Perks, and more. Easily share game clips and screenshots from your console to favorite gaming & social networks. The free Xbox app is the best way to stay in the gamewherever you like to play.

-Download the Xbox app and stay connected to friends & games
-Buy games and add-on content you want without leaving the app
-Download games to your console so theyre ready to play when you are
-Get notifications for new game launches, party invites, messages and more
-Use integrated voice and text chat with friends on console or PC
-Explore the Game Pass catalog, view and redeem Perks, and more
-Easily share game clips & screenshots to your favorite social networks
-Gaming Copilot (Beta) - Your personal gaming sidekick for recommendations, help, insights, and more

Get past roadblocks, level up your gameplay, or simply get unstuck with in-game assistance. Get to the fun faster and tap the Copilot button to get started.

XBOX APP AGREEMENT

The following terms supplement any software license terms that accompany the Xbox App.

Please refer to Microsofts EULA for Terms of Service for Microsofts gaming applications on iOS. By installing the app, you agree to these terms and conditions: https:support.xbox.comhelpsubscriptions-billingmanage-subscriptionsmicrosoft-software-license-terms-mobile-gaming

FEEDBACK

If you give feedback about the Xbox App to Microsoft, you give to Microsoft, without charge, the right to use, share and commercialize your feedback in any way and for any purpose. You also give to third parties, without charge, any patent rights needed for their products, technologies and services to use or interface with any specific parts of a Microsoft software or service that includes the feedback. You will not give feedback that is subject to a license that requires Microsoft to license its software or documentation to third parties because we include your feedback in them. These rights survive this agreement.",com.microsoft.xboxone.smartglass,entertainment,organic,2025-11-07 09:35:56
HBO Max: Stream TV & Movies,"WarnerMedia Global Digital Services, LLC",4.8,"100,000,000+",100000000,Entertainment,"The most talked about shows and movies featuring the worlds of HBO, the DC Universe, Adult Swim, A24, and beyond.

With HBO Max youll get:
 Access to thousands of TV shows and movies.
 Exclusive, award-winning series that everyones talking about  like the HBO Originals The Last of Us, Succession, The White Lotus, and House of the Dragon.
 The latest hits from HBO, Harry Potter, DC, Warner Bros., ID, Adult Swim, A24, and more.
 Stream select live sports from your favorite leagues and teams. Availability varies by plan and by subscription provider.
 Iconic favorite TV shows like Friends, Rick and Morty, Gossip Girl, 90 Day Fiancé, Looney Tunes, and more.
 Family-friendly entertainment for the whole household.
 Fascinating documentaries and true crime series.

Features:
 Enjoy your favorite shows and movies at home or on the go. HBO Max is available on select TV, web browser, mobile, tablet, and gaming console devices.  
 Catch even more sports action with the live Multiview experience  stream up to 3 games at once during select events.
 Browse or search with ease across HBO, movies, series, genres, and brands.
 Download shows and movies you love to watch on the go with select plans. (Download limits vary by plan.)
 Personalized profiles for the entire household with customizable ratings, profile PIN protection, and kid-proof exit.
 Pick up episodes and movies where you left off across your favorite devices.
 Keep up with everything you love, all in one place with My Stuff.
 Watch on multiple devices at the same time. (Limits vary by plan.)
 Stream with high-quality video and surround sound on select plans.

Content and feature availability on HBO Max may vary by region. Some titles and features shown above may not be available in your country. Language availability varies by country.

Your subscription will automatically renew at the then-current price of your plan, unless you cancel before the renewal. You can manage or cancel your subscription at any time by accessing your account. HBO Max is only available in certain territories.

Terms of Use: https:hbomax.comterms-of-use",com.wbd.stream,entertainment,organic,2025-11-07 09:35:56
Netflix,"Netflix, Inc.",3.2,"100,000,000+",100000000,Entertainment,"Looking for the most talked about TV shows and movies from the around the world? Theyre all on Netflix.

Weve got award-winning series, movies, documentaries, and stand-up specials. And with the mobile app, you get Netflix while you travel, commute, or just take a break.

What youll love about Netflix:

 We add TV shows and movies all the time. Browse new titles or search for your favorites, and stream videos right on your device.
 The more you watch, the better Netflix gets at recommending TV shows and movies youll love.
 Enjoy a safe watching experience just for kids with family-friendly entertainment.
 Preview quick videos of our series and movies and get notifications for new episodes and releases.

For complete terms and conditions, please visit http:www.netflix.comtermsofuse
For privacy statement, please visit http:www.netflix.comprivacy",com.netflix.ninja,entertainment,organic,2025-11-07 09:35:56
Paramount+,"CBS Interactive, Inc.",4.2,"10,000,000+",10000000,Entertainment,"Stream exclusive originals, hit movies, live sports like NFL on CBS and UEFA Champions League, all of SHOWTIME (Premium plan only), and favorites from CBS, Nickelodeon, Comedy Central, BET, MTV, VH1 and more.

- Watch full episodes on demand from hit series like Survivor, NCIS, SpongeBob SquarePants, Big Brother and more!
- Obsess over originals. Watch subscriber-only originals such as 1923, Landman and Star Trek: Strange New Worlds.
- Make every night a movie night with blockbuster hits and fan-favorite films from Paramount Pictures, MGM and more.
- Access live streams with around-the-clock news coverage on CBS News 247, scores + highlights on CBS Sports HQ and entertainment news on Mixible, plus 20 live channels of curated favorites.
- Create up to 6 individual profiles for each member of your household. Have kids? Use our Kids Mode profile feature. 
- Save your faves with our watchlist feature, My List. 

Get even MORE on the Premium plan:
- Watch ad-free* shows and movies.
- Stream your local CBS station live.
- Catch the best in live events including March Madness, The Masters Tournament, The GRAMMYs and more.
- Stream all of SHOWTIME, including SHOWTIME East and West live.
- Download and watch offline*.

Try Paramount+ now. See prmntpl.usSubscriptionPlans for more details on plans and pricing. Download the app to get started.

*Live TV includes commercials. Downloaded content is accessible for earlier of 30 days from date of download or 48 hours from start of playback. Content availability subject to change. Please note use of the Paramount+ app is limited to the United States. Paramount+ promotional offers for new subscribers only. Live TV subject to availability. Prices shown are in U.S. dollars. Other restrictions apply.

Your subscription will automatically renew after any applicable promotional period and your Apple ID account will be charged the subscription price on a recurring basis until you cancel.  You can cancel your subscription at any time through your Apple ID account settings.  If you cancel your subscription, the cancellation will go into effect at the end of your current subscription period, as applicable. You will have continued access to the Paramount+ Service for the remainder of your paid subscription period.

Please note: This app features Nielsens proprietary measurement software which will allow you to contribute to market research, like Nielsens TV Ratings. Please visit http:www.nielsen.comdigitalprivacy for more information.

Paramount+ Terms of Use:
https:pplus.legalterms

Paramount Privacy Policy:
https:privacy.paramount.compolicy

Childrens Privacy Policy:
https:privacy.paramount.comchildrens

Additional Privacy Rights:
https:privacy.paramount.comenpolicy#additional-information-us-states

Do Not Sell My Personal Information:
https:privacy.paramount.comapp-donotsell",com.cbs.app,entertainment,organic,2025-11-07 09:35:56
Amazon Shopping,Amazon Mobile LLC,4.4,"500,000,000+",500000000,Shopping,"Product Features
Amazon Shopping offers app-only benefits to help make shopping on Amazon faster and easier than shopping on your desktop.

Never miss a delivery
Get real-time tracking and delivery notifications so you know where your package is and when it arrives. 

Know exactly what youre purchasing
Full 360 product view lets you see items from every angle. View in you room makes sure it fits by using your phones camera and VR so you can see it in your space. 

Well notify you when items go on sale
Just tap the heart icon to save items to Your Lists and well alert you of price drops so you dont miss a deal. 

Never forget your password
Save time by staying securely signed in. If you prefer to sign out, use facial or fingerprint identification to sign back in. 

Connect with us when it works best for you
Live chat support is open 24 hours, 7 days a week. Once youve started a chat, it stays that way for 24 hours so you dont have to start your support session from the beginning. 

Well find that item for you
Not sure of an items brand or where to buy it? Just tap the scan icon in the search bar, take a picture of the item or its barcode, and well find it for you.

Product Description
Browse, search, view product details, read reviews, and purchase millions of products. We deliver to 100+ countries in as quickly as 3-5 days. Whether youre buying gifts, reading reviews, tracking orders, scanning products, or just shopping, Amazon Shopping app offers more benefits than shopping on Amazon via your desktop.   

Important Note Regarding Permissions
Please note that the Amazon Shopping app requires access to the following services to operate properly:
* Contacts: Allows you to send Amazon gift cards to your contacts or invitation to install the Amazon app.
* Camera: Allows the Amazon app to access your camera on the device. You can use your camera to find products by scanning the cover or its barcode, to add gift cards and credit cards, or to add pictures in the product reviews.
* Flashlight: Allows the Amazon app to turn on the flashlight. You can use the flashlight to find products with the camera feature even in low-light or dark conditions.
* Microphone: Allows the Amazon app to access your microphone to use your voice to search and interact with your Assistant.
* Location: Allows the Amazon app to access your location to help you discover local offers and select addresses fast.
* Account: Allows you to share products on Amazon with your friends and families through Facebook or other social networks.
* Phone: Allows the Amazon app to pre-populate the Amazon Customer Service number on your phones keypad.
* Storage: Allows the Amazon app to store your preferences so that some features can load and run faster on the device.
* Wi-Fi: This permissions is used when setting up either a Dash Button or Dash Wand using the Amazon Shopping app.

The Amazon App for Tablets is available on Google Play. Search for Amazon Tablet to install the app and begin shopping.

For customers located within the European Union, United Kingdom, Brazil, or Turkey: By using this app, you agree to Amazons Conditions of Use applicable for your country. Please also see the applicable Privacy Notice, Cookies Notice and Interest-Based Ads Notice for your country. Links to these terms and notices can be found in the footer of your local Amazon homepage.

For all other customers: By using this app, you agree to the applicable Amazon Conditions of Use (e.g. www.amazon.comconditionsofuse) and Privacy Notice (e.g. www.amazon.comprivacy) for your country. Links to these terms and notices can be found in the footer of your local Amazon homepage.",com.amazon.mShop.android.shopping,shopping,organic,2025-11-07 09:35:58
Walmart: Shopping & Savings,Walmart,4.7,"100,000,000+",100000000,Shopping,"Save money. Live better.
The Walmart app is the easiest way to shop for everything on your list, including fresh groceries, household essentials, the latest tech and a lot more. Plus, our convenient pickup, delivery and shipping options make it a breeze to get your order exactly when you want it, whether youre shopping online, in-store or on the go.

Convenient ways to shop for your items:
Pickup 
Swing by the store to collect your order curbsidewell even load all your groceries and other items into your car.
Delivery 
From a local store straight to your door. For those need-it-now moments, choose Express delivery to get your order in as fast as one hour.*
*Restrictions and fees apply.
Shipping 
Fast two-day shipping, dropped off by FedEx or UPS. Eligible orders over $35 ship free!

Even more time-saving features youll love:
Home VR 
New! View furniture and decor in your space before you buy it.
Personalized online shopping suggestions 
Quickly and easily fill your cart with frequently purchased items and groceries.
Easy barcode scanning 
Check prices and build your shopping lists with the item barcode scanner.
Stress-free store pickup 
Check in with the Walmart app when youre on your way to the store and well bring your order out to you when its ready for pickup.
Real-time order tracking 
Get live order updates sent straight to your phone and easily track order status any time from the homepage.
Walmart Pay 
Check out with the app in-store using all your payment methods. Just tap Pay and well recommend how to split your total to make the most of your cards and balances.
Store maps 
Find all your favorite items quickly with store maps and save time shopping for groceries and essentials when you visit a Walmart store.
Pharmacy 
Refill, transfer, manage and pick up your familys prescriptions. Plus, schedule 
vaccinations, locate testing sites and more.

Meet Walmart+
The Walmart app is the easiest way to get the most out of your membership and save more time and money. App-exclusive features for Walmart+ include:
Scan & go 
Use your phone to shop for groceries and more in-store and check out contact-free.
Member prices on fuel  
Get up to 10 off every gallon at 14,000+ locations nationwide**including Exxon and Mobil stations!
**Fuel discount varies by location and station, subject to change.

 Meet Sparky 

Use your AI-powered shopping assistant to find what you need faster, get recommendations, and shop smarter.

Shop with Sparky
Ask your AI-powered shopping assistant anything to find what you need faster, get recommendations, and shop smarter.",com.walmart.android,shopping,organic,2025-11-07 09:35:58
Flipkart Online Shopping App,Flipkart,4.4,"500,000,000+",500000000,Shopping,"Flipkart brings you the thrill of discovery with a treasure trove of productsmobiles, fashion, electronics, home appliances, groceries, and more. Its your one-stop shop with amazing discounts, SuperCoins on every purchase, and fun rewards! A new addition is Flipkart Minutes, where you get everything you need delivered in just 10 minutes! All wrapped in one app built for your ultimate convenience. Explore it all in your language

Top reasons to download:
10  Flipkart Minutes: Forgot to grab the groceries? Need a last-minute gift? Prepping for a party? Or just realized youre out of your favorite snacks? Flipkart Minutes delivers everything you need & want in just 10 minutes! From the freshest fruits & veggies to the latest gadgets daily essentials & moreweve got it all at UNBEATABLE prices.
 Spoyl: The ultimate Gen-Z fashion hub. Expect fresh drops, LIT trends, and genderless styles that let you be unapologetically you. Spoyl yourself and be the trendsetter in your squad!
 Grocery: Skip the queue, save on fuel, and get groceries delivered to your doorstep. Just remember, its better to order a day in advancenot when youre mid-chutney and missing a chilli! Living life by the minute isnt scalable.
 Personal loans: Get flexible EMIs, affordable rates, and a seamless experience that makes loan approvals easier and faster than ever.
 Vibes: Turn online shopping into an experience that feels as real as being in the store, all from the comfort of your couch.
 Group Buy: Shop together, save together. Because sharing is caring!
 Brand Mall: Love the mall but prefer your living room? Explore our premium brands collection without leaving your couch.
 Tailor-made recommendations and trending stores, that get even better when youre logged in. Give it a try and let us know how we did!
 A regional language experience that feels like home, no matter where you are.
 Faster than ever beforeour engineers have outdone themselves this time.
Update the app and discover how weve crafted something with you at the heart of it all!
__________________________

*Note on Personal Loans*
 
Scapic Innovations Pvt Ltd (SuperMoney) is a Flipkart Group financial technology company. Scapic Innovations Pvt Ltd only provides a platform to facilitate money lending by Regulated Entities viz. registered Non-Banking Financial Companies (NBFCs) or Banks to users and is acting as an Loan Service Provider in partnership with Axis Bank & IDFC Bank. 
Loan tenures offered by the lenders vary from 6 months up to 72 months. The rates start from 10.5% and may go up to 33%. Loan amount ranges from Rs 5000 up to Rs 10L. Interest rates and loan amounts are determined by the lenders basis customer profile and not Scapic or Flipkart. 
Sample working is shown below
 
Representative Example:
Loan Amount
Rs 102008
Processing Fee (Including 18% GST)
Rs 2407
Stamp Duty
Rs 20
Net Disbursal Amount
Rs 99581
Interest Rate
20.50%
Monthly EMI
Rs 6631
Loan Period
18 months
First Emi date
10122023*
Last Emi date
10052025*
*Subject to change based on disbursal date
 
Maximum Annual Percentage Rate (APR) :  33%
Interest rates available on the platform are provided by the lending partner (NBFC or Bank) that is approving the loan. The rates vary depending on the customer profile based on credit score and other factors, as per lenders.
 
Privacy Policy
https:www.flipkart.compagesscapic-privacy-policy
Scapic T&C
https:www.flipkart.compagesscapic-tnc
 
Partner Links:
https:www.idfcfirstbank.compersonal-bankingadlpdigital-lending-partnersscapic-innovations
https:www.axisbank.comretailloanspersonal-loanpersonal-loan-lsp
___________________________
If you have more ideas on how we can solve for India or find a bug youd like to bring to our attention, drop a note to app-feedback@flipkart.com.",com.flipkart.android,shopping,organic,2025-11-07 09:35:58
"Etsy: Shop Home, Style & More","Etsy, Inc",4.8,"50,000,000+",50000000,Shopping,"Welcome to the Universe of Special.
 
Shop Etsyyour global marketplace for original items made, handpicked, and designed by real people for all budgets. Explore everything from vintage treasures and trending style pieces to personalized jewelry and custom home decor. Get offers and deals on one-of-a-kind items from small shops, chat with Etsy sellers, track your orders, and more.
 
Online furniture shopping or gifting for the holidays? No matter what youre looking for, Etsy has the pieces that speak to you. Download today and discover original gifts and seasonal treasures from our community of sellers.
 
Shop the Etsy app.
 
App Marketplace Features
 
Global Marketplace
 Explore over 15+ categories of original items from all over the worldfrom thrifted clothes to handmade jewelry and home decor.
 Favorite shops, save items, and organize your pieces in collections for future inspiration.
 Shop from trusted tastemakers, including the Icon Collection from WNBA All-Stars.
 Get inspired with the fall and winter trend guide, curated by our marketplace insights and experts.
 
Gift Special with Etsy
 Create a gift list of your favorite items and save special occasions for helpful reminders.
 Shopping last minute? Make every gift special with custom gift teasers that give people a sneak peek at their present. Or, send a gift card with a personalised touch!
 Personalize clothes, decor, and style essentials to make your gifts one-of-a-kind.
 
Save More with the Etsy app
 Stay updated on offers and deals from small shops with push notifications.
 Shop curated selections of items on sale from Etsy sellers you love.
 Explore thrift finds and keep fashion circular, with vintage steals from small shops.
 
Track, Chat & Shop with Ease
 Chat with Etsy sellers, ask questions, and stay in-the-know on your order status.
 Read customer reviews for small shops that speak to you.
 Track gifts and shipments and customize notifications to your taste.
 Shop safely with secure payments, including creditdebit, Etsy gift cards, Paypal, Klarna, and quick purchases with Google Pay.  
 
Buy Global, Support Local
 Home goods and decor: Find furniture or new prints to style your space, and give the perfect housewarming gifts with pieces like handmade glassware sets or a custom dining table.
 Original art and collectibles: Pick up finds from around the world, like Turkish pottery and Portuguese ceramics.
 Clothes, jewelry & accessories: Shop vintage clothing and handmade accessories to elevate your personal wardrobe.*
 DIY ideas: Get all the supplies and craft kits you need to throw a themed party or learn a new hobby.
 
Enjoy shopping with a personalized touch in the Etsy app. Discover something special for every occasion from a global community of talented sellersfrom clothing and furniture to art, decor, and more. Download today.
 
*Etsy does not evaluate vintage items condition and authenticity.",com.etsy.android,shopping,organic,2025-11-07 09:35:58
AliExpress - Shopping App,Alibaba Mobile,4.4,"500,000,000+",500000000,Shopping,"WELCOME TO ALIEXPRESS: YOUR DOUBLE 11 GLOBAL SHOPPING FESTIVAL
Get ready for an incredible Double 11 shopping experience with the AliExpress app, powered by the trusted Alibaba ecosystem. During the Double 11 festival, you can expect exclusive deals and great opportunities to save money. This is your chance to discover millions of products from reliable international sellers, all within a secure, easy-to-use platform.
Whether you are searching for the latest clothing trends, high-quality camera gear, or everyday essentials, the AliExpress app lets you explore a vast selection of items effortlessly. Enjoy a seamless online shopping journey with features designed to help you search, choose, and shop with confidence.
Benefit from free shipping options and smooth checkout processes during the Double 11 festival. With built-in secure payment methods, including Alipay, your paiement transactions are safe and hassle-free, giving you peace of mind every step of the way.
Navigate easily through different sellers shops, each offering unique collections tailored to your tastes and mode preferences. This intuitive design ensures you can find exactly what you want quickly and enjoyably. Manage your orders easily and track deliveries in real time to stay updated.
At AliExpress, customer satisfaction is paramount. Our platform is dedicated to providing reliable pay systems, buyer protections, and care throughout your shopping experience that let you shop worry-free. Join millions of happy shoppers around the world who trust AliExpress to provide a smooth, global shopping experience. Everyday users can rely on the best application for everything from the latest gadgets to the items highlighted in consumer reports.
Download the AliExpress app now and get ready to discover, shop, and save during Double 11 and beyond. Explore the best deals on clothing, camera gear, and much moreall backed by the security and reliability of Alibaba.",com.alibaba.aliexpresshd,shopping,organic,2025-11-07 09:35:58
Wish: Shop and Save,Wish US Holdings LLC,4.7,"500,000,000+",500000000,Shopping,"Wish is home to deals on millions of items from around the world. The destination for home and life - discover everything from everyday basics, hobbies & DIY, fashion for all, the latest in tech, to the wonderfully unexpected - and everything in-between, at prices likely to make you smile! The Wish app is the internets best-kept secret for affordable online shopping.

DESTINATION FOR HOME AND LIFE 
Fuel your free time with a little bit of everything from electronics, fashion, automotive gear, wellness, home essentials, unique decor, the intentionally surprising, and much, much more.

DISCOVERY IS EASY 
Scroll the infinite product feed that features items chosen just for you.
Explore by category to find just what youre looking for.
Find authentic products from your favorite brands.

SAVE ON SHIPPING 
Spend less to ship the deals youll discover with flat rate shipping.
Get $2.99 flat rate shipping when you spend $10 on eligible items.
Save even more by snagging extra shipping promos and discounts.
Available only in select countries.

SHOP AND SAVE 
Shop daily deals and flash sales.
Earn a daily login stamp for every day you open the Wish app. 7 visits gets you up to 50% off!
Use your rewards points to save even more on your favorite items.

WEVE GOT YOUR BACK 
Every order is backed by our Wish Buyer Protection promise.
Get notifications about your order status every step of the way.
Check out securely with creditdebit card, PayPal, Klarna, and more.
Need help with your order? Wish Assistant is at your service 247.

SOMETHING FOR EVERYONE 
Weve got whatever youre into: clothing, electronics, gardening tools, sports equipment, anime figurines, bags, decor, makeup, toys, drones, smartwatches, or designer perfume.
Find one-of-a-kind gifts for every occasion without going over budget.

STAY IN TOUCH
Instagram: @wish
Facebook: @wish
Customer support: www.wish.comhelp",com.contextlogic.wish,shopping,organic,2025-11-07 09:35:58
Temu: Shop Like a Billionaire,Temu,4.6,"500,000,000+",500000000,Shopping,"Shop on Temu for exclusive offers. 

No matter what youre looking for, Temu has you covered, including fashion, home decor, handmade crafts, beauty & cosmetics, clothing, shoes, and more.

Download Temu today and enjoy incredible deals daily.

WIDE SELECTION
Discover thousands of new products and shops.

CONVENIENCE
Fast and secure checkout.
Free shipping & returns within 90 days.
*Other conditions may apply

Visit temu.com or follow us on:
Instagram: https:www.instagram.comtemu
TikTok: https:www.tiktok.com@temu 
Facebook: https:www.facebook.comshoptemu
Youtube: https:www.youtube.com@temu",com.einnovation.temu,shopping,organic,2025-11-07 09:35:58
Capital One Shopping,capitaloneshopping.com,4.7,"5,000,000+",5000000,Shopping,"Capital One Shopping helps you save money while you shop online.

Free for everyone - no Capital One account required

With Capital One Shopping:
- Find deals and savings from stores you love
- Earn Rewards and redeem for gift cards
- Easily find and apply available coupon codes
- Enable Accessibility Service API and get free rewards offers in Chrome

It does the work for you -- its kinda genius.

In the last year alone, Capital One Shopping found over $160 million in savings.

Capital One Shopping is just another way Capital One is looking out for you and your money.",com.wikibuy.prod.main,shopping,organic,2025-11-07 09:35:58
SHEIN-Shopping Online,Roadget Business PTE. LTD.,3.8,"500,000,000+",500000000,Shopping,"SHEIN Big Savings x Black Friday
Scoop up major year-end markdowns on bestsellers! Saving has never looked so stunning.

Everything you love, now at your fingertips!

SHEIN is a fun and ultra-affordable online shopping platform. From fashion apparel to home, beauty, accessories, shoes and pet, plus electronics, tools, office and more,  SHEIN is dedicated to meet all your needs in life. Well keep you in the loop with push notifications about new drops and more. You can also engage with other SHEIN lovers and in real time. With free shippings and free returns policy, hope you have a pleasant journey with SHEIN!

Inspire yourself with SHEIN right now!

Save more
- Get an extra 30% off on your first order 
- Free shipping & free returns (*conditions apply)
- Daily Flash Sales: Score up to 90% off for countless items

Wide selections
- Fun, easy shopping with wide selections
- Browse by New Arrivals, Trends, Category, Best Sellers and more

Considerate services
- Get first access to sale alerts and promotional discounts
- Now accepting PayPal and major Credit Cards 
- Style now, pay later! Choose Afterpay to pay in 4 interest-free payments.
- 247 Customer Service and Live Chat available

Contact us:
URL: us.shein.com
Facebook: www.facebook.comsheinus
Instagram: www.instagram.comshein_us
Email: dispute@shein.com


The app needs the following access permissions when it is running on your device:

-	Optional permission(s): 

	Notification: it will allow us to send push notifications to your device.

	Camera: the camera function is required when you need to capture photos and videos and upload them to the app.

	Photo and video: it will enable you to upload photos and videos from your device to the app.

	Location: where the relevant service is available, it enables location based services on your device. 
(This is not used in Korea.)

	Calendar: it enables you to sync the SHEIN LIVE events to your device calendar. 

 Even if you do not grant optional access permissions, you can still use SHEIN service, except for the functions related to those permissions. 

 For smartphones with Android OS versions below 6.0, individual consent for each permission is not possible, so all permissions may be applied as mandatory permissions. If you upgrade your smartphones OS to Android 6.0 or higher and reinstall the SHEIN app, you will be able to set access permissions for each item individually.",com.zzkko,shopping,organic,2025-11-07 09:35:58
eBay online shopping & selling,eBay Mobile,4.6,"100,000,000+",100000000,Shopping,"With the eBay mobile app, buy and sell millions of items on the go. Discover
exclusive deals every day in our online marketplace.

Never miss a deal
Online shopping and selling in the eBay app is simple. Get real-time alerts about
Daily Deals, auctions, order updates, and so much moreall sent to your device with
personalized push notifications. Give pre-loved items a new home. Whether youre
looking to sell clothing, tech, or car parts, our app is always at your fingertips.

Quickly list items with AI
Snap or upload a photo in the eBay app and let AI instantly generate descriptions and
key details for your listingincluding brand, category, and more.

Search, find, and save faves
 Discover on-trend items: Buy fashion, handbags, jewelry, watches, and more.
 Shop by condition: Filter for new, pre-loved, used, or eBay Refurbished items.
 Shop by category: Browse fashion, jewelry, sneakers, tech, auto parts, and
more.
 Sell and cash in: List used car parts, tech, clothing, and more. Create your own
store to pass on your treasures.
 Heart your faves: Never miss the latest drops and deals when you save your
most-loved finds.
 Search with pics: See something you like? Upload a photo and find matches
instantly to buy it now.
 Top items for less: From car accessories to clothing, find high quality at the
right price.
Shop the sustainable way
Discover the excitement of buying vintage and pre-loved items. With eBay, you can
extend the life cycle of items, all while helping the planet. Whats not to love?

Find new, pre-loved, and vintage fashion
Were on a mission to change the way people shop and sell fashion. With the eBay
marketplace, you can find all your fave items in one place.

Collect the easy way with PSA Vault
Simply add PSA grading to eligible raw trading cards. With PSA Vault you can
manage your entire portfolio and save money thanks to no sales tax and no storage or
selling fees (withdrawal fee applies). Plus, you can find, price, and list gems at
lightning speed.

Get cars, auto parts, and accessories
From new and used cars that fit your lifestyle to the parts and tools to revamp your
vehicle, weve got you. Enter your car details in My Garage to find the right parts
every time.

Score eBay Live exclusives
Your real-time shopping experience is here! Join the livestream for exclusive drops,
live auctions, and case breaks. Connect with your community, fave sellers, and
creators for more of the things you love.

Authenticity Guarantee
Shop with confidence. The Authenticity Guarantee checkmark means eligible
trading cards, sneakers, watches, and handbags will be inspected and verified by
expert authenticators.

eBay Money Back Guarantee
Enjoy total peace of mind thanks to the eBay Money Back Guarantee. With us,
youre covered. Get the item you ordered or your money backits that simple.*
*For full eligibility criteria and all terms and conditions visit:
https:pages.ebay.comebay-money-back-guarantee

Explore quick and easy payment options
We make it easy to pay for the things you want in an instant. Simply store your
preferred payments safely and securely so you can check out in a flash!

Keep in touch
Your feedback is important to us. Contact us with any questions by joining the
discussion at www.ebay.comandroid",com.ebay.mobile,shopping,organic,2025-11-07 09:35:58
noon Online Shopping & Grocery,noon e-commerce,4.7,"50,000,000+",50000000,Shopping,"Shop Everything You Need  All in One App! 

Welcome to noon - the best shopping app in UAE, Saudi Arabia and Egypt. From mobiles to home appliances, beauty, fashion, electronics, food delivery, everyday grocery essentials all at lowest prices. Whether youre looking for the latest smartphones, clothing, or top-rated home appliances, noon brings everything to your fingertips.

 Why Shop on noon App?

 1. Best Deals & Daily Offers
Get incredible discounts every day! From mega sales and flash deals to bundle offers and coupon codes, youll always find something worth adding to your cart. Get Biggest Savings & Lowest Prices!

 2. Shop Top Categories Effortlessly
Mobiles & Electronics: Discover the latest from Apple, Samsung, Xiaomi, Oppo, Vivo, and more.

Fashion & Lifestyle: Shop trendy clothing, shoes, and accessories for men, women, and kids.

Home & Kitchen: Explore premium home appliances, furniture, and décor at the best prices.

Beauty & Health: Find skincare, perfumes, and wellness products from top global brands.

Groceries & Essentials: Stock up on daily needs with fast delivery and exclusive noon minutes service.

 3. Fast Delivery & Easy Returns
 Experience quick 1 hour delivery with noon Supermall and noon Minutes. Easy returns for a worry-free experience.

 4. Multiple Payment Options
 Shop securely using creditdebit cards, cash on delivery, or pay later with Tabby and Tamara installments.

 5. Trusted by 50 Million+ Users Across the Middle East
For safe, affordable, and convenient online shopping. With verified sellers, a strong delivery network, and 247 support, noon is redefining eCommerce in the region.

 Shop From Top Brands

Shop laptops, computers and accessories from Apple Macbook Pro and Air, HP, Lenovo, Dell, and Asus; mobile phones and accessories from Apple, Samsung, Xiaomi, Realme, and OnePlus; audio video products from Samsung, LG, Hisense, and TCL;  headsets and headphones from Apple, JBL, Sony, and Soundcore; video game consoles and accessories from Sony, Nintendo, Asus, Logitech, and Microsoft; wearables from Apple, Samsung and Huawei; home appliances and homeware from NKX, Fashion Home, Home Box, Arabest, Syngenta, Geepas, Black + Decker, Samsung, and Nikai; apparel from Adidas, Nike and Meishida; eyewear and watches for men and women from Casio, Fossil, Tommy Hilfiger, RayBan, and Lacoste; and beauty and haircare from Maybelline New York, LOreal, La Roche Posay, Garnier, and Cerave.

 Order Food Online with noon Food

Craving something delicious or short on time? Order your favorite meals with the noon Food app and enjoy instant delivery from 10,000+ restaurants and 100+ cuisines, plus a 50% new user discount. Fast, easy, and convenient!

 Fast Delivery with noon Minutes, NowNow

Shop fresh groceries, pharmacy items, and essentials online from stores like Spinneys, Choithrams, and Aster Pharmacy with noon NowNow. Need it quicker? noon minutes ensures superfast delivery on selected products, while Express Delivery gets your orders to you in no time.

 Top Shopping Keywords to Explore

online shopping, electronics deals, buy mobile online, best fashion store, online grocery delivery, cheap mobiles, food delivery, home appliances online,  ecommerce UAE, mobile accessories online, perfumes, beauty products.

 Why Users Love noon

 Huge product range 
 Competitive prices & offers
 Secure payments
 Fast delivery 
 247 customer support

 Download the noon App Now!
Experience the future of online shopping with noon  best price, unbeatable offers & a world-class shopping experience in one easy app.",com.noon.buyerapp,shopping,organic,2025-11-07 09:35:58
Mercado Libre: Compras online,Mercado Libre,4.8,"100,000,000+",100000000,Shopping,"Las mejores ofertas exclusivas con envío gratis en 24 horas. Descarga la app Mercado Libre y aprovecha para ahorrar en tus compras online!  Encuentra diversas categorías de productos: electrodomésticos, TV, heladera, cocina, ropas, calzados, electrónicos, celulares, PC Gamer y mucho más. Además de comprar, puedes vender tus productos.

COMPRAR ONLINE

Comprá todo lo que usted necesita a través de la app Mercado Libre! Es muy fácil buscar precios y comprar online.

Conozca diferentes categorías de productos! Electrodomésticos, ropa, electrónicos, alimentos y bebidas para comprar en línea utilizando la aplicación oficial que reúne millones de productos de sus marcas favoritas.

Encuentre la mayor variedad de productos para que usted pueda comparar precios, ver las opiniones de otros compradores y estar preparado para hacer sus compras por Internet.

 En la mayor tienda online encontrará varias categorías y podrá comprar todo tipo de productos y regalos en una sola aplicación, como:
- Supermercado: aperitivos, dulces, chocolates, vinos;
- Moda: camisetas, camisas, pantalones, vaqueros, zapatillas, ropa deportiva;
- Electrodomésticos: heladera, cocina, microondas, lavadora, aspiradora;
- Electrónicos: Pc gamer, notebook, celulares.
- Cuidado personal: perfumes, maquillaje, cremas;
- Automóviles: accesorios para vehículos, neumáticos y muchos otros productos.

 Promociones, ofertas y precios bajos para ahorrar en su compra online. Además de disfrutar de las promociones, con nuestros envíos gratuitos en 24 horas* recibirá sus compras online súper rápido. 

En la tienda online puede encontrar descuentos exclusivos y miles de marcas: electrónicos (celulares, notebook), coches, motos, electrodomésticos (heladeras y microondas), protector solar, perfumes, productos de maquillaje y belleza, moda (zapatillas, vaqueros, pantalones cortos, vestidos) y ropa deportiva.

Ventajas de comprar online en la aplicación:

- Marque los productos que más le gusten para comprarlos en promoción. 
- Facilite sus compras en línea utilizando filtros de precio, ubicación y envío gratuito. 
- Disponemos de una variedad de productos por categorías para comparar precios: electrodomésticos, muebles (cama, colchón, sofá), moda (ropa, vaqueros, shorts, vestidos, zapatos), maquillaje, productos de belleza (protector solar, bronceadores), muebles, alimentos y bebidas.
- Ahorre dinero con descuentos en las tiendas online oficiales. 
- 12 cuotas con tarjeta de débito, tarjeta de crédito, efectivo, sin tarjeta de Mercado Crédito o con el dinero disponible en la cuenta de Mercado Pago 
- Reciba su pedido sin salir de casa con envío gratuito en 24 horas. 
- Gestione sus compras online y comience a vender online.
- Compre online con ofertas exclusivas y envío gratis: electrónicos (celulares, notebook), juegos, electrodomésticos (cocina, heladera), motos, coches, libros, protector solar, productos de belleza, muebles (sofá, colchón), ropa deportiva, vestidos, pantalones, zapatos, sombreros, productos de supermercado, refrescos, aperitivos y dulces.
- Aproveche los descuentos para comprar sus productos online a bajo precio, con promociones especiales.

PELÍCULAS Y SERIES GRATIS

Disfruta gratis de películas, series y contenido infantil en Mercado Play. Puedes hacerlo desde tu computadora o celular. También puedes transmitir en tu televisor a través de chromecast. Accede desde el ícono en la página principal de Mercado Libre para ver películas y series cuando quieras.

VENDER ONLINE

Con Mercado Libre usted puede vender más rápido!

- Haga sus anuncios gratis en 4 sencillos pasos y empiece a vender online. 
- Gestione sus compras y ventas online desde su cuenta. 
- Hable con su comprador o vendedor a través de nuestra herramienta de mensajes instantáneos. 

Venda electrodomésticos, perfumes, productos de belleza, maquillaje, ropa, deportes, electrónicos, coches, motos, accesorios para vehículos, neumáticos, alimentos y bebidas.",com.mercadolibre,shopping,organic,2025-11-07 09:35:58
Poshmark - Sell & Shop Online,"Poshmark, Inc",4.6,"10,000,000+",10000000,Shopping,"Poshmark is the perfect shopping app to buy and sell clothes online. Make Poshmark your own personal shopper with the leading fashion marketplace for sales on new and secondhand clothing for women, men, kids, home, and more.

Shop from over 9,000 brands fit for any size and style. Buy your next activewear fit from Under Armour or shop trending styles from Urban Outfitters  Poshmark has you covered. Buy designer shoes and clothing with options for everyone  from plus size and petite, to juniors. Save up to 70% off retail on vintage clothing, designer styles, streetwear, and more on Poshmark!

Declutter your closet and sell used clothing and accessories seamlessly. Connect with a shopper near you on the marketplace that makes online selling easy. List everything from designer shoes and jewelry to home goods. Poshmark is a simple and fun solution to shopping where you can buy and resell items to make money, providing an alternative to Goodwill and consignment stores like Buffalo Exchange.

Join over 100 million users that come together to shop and sell new and secondhand items on Poshmark. Its not just an online shopping app. Poshmark connects you with other users who share a passion for vintage styles, designer fashion, and more. Join Poshers in themed Posh Parties and discover styles and sales not found anywhere else. You can even shop and sell live in real-time with Posh Shows.

Buy and sell clothing, shoes & other items on the top social commerce marketplace. Download Poshmark for free today!

SHOP ONLINE
- Buy designer shoes, curated clothing, home goods, pet products, electronics, or beauty and wellness.
- Poshmark is your one stop shop for buying and selling one-of-a-kind items.
- Become an expert shopper and discover over 200 million new and gently used items for sale.
- Shop designer clothes and styles from the hottest brands like Louis Vuitton, Coach, Free People, MAC Cosmetics, Nike, Aritzia, and more.

SELL ITEMS & MAKE MONEY
- Sell secondhand items in your online closet that didnt work out.
- Live sell clothing, shoes, accessories, or anything in between in Posh Shows and connect with your community.
- Share your closet with others to get your listings noticed in no time.
- Get insight into your Poshmark online store with My Closet Insights & My Shoppers.
- Start selling seamlessly in as little as 60 seconds when you join Poshmark.

ONLINE SHOPPING
- Poshmark is the perfect shopping destination to shop electronics, new & secondhand clothing, and more.
- Poshmark brings the best of shopping apps with an online marketplace trusted by millions.
- Need ideas for your next date? Upcoming wedding? Find items for any occasion without breaking the bank when you shop from millions of outfit ideas.

JOIN OUR SOCIAL MARKETPLACE
- Join the over 100 million people that use Poshmark today!
- Join the fun by sharing your relevant listings or shop these curated Posh Parties.
- Interact with Sellers LIVE with Posh Shows -- where auctions start as low as $3!

Shop your favorite brands, grow your own online shop, refresh your style, and party with the growing Poshmark community! Download today to buy and sell seamlessly.

WHAT PEOPLE ARE SAYING
Poshmark is a great online resale platform. Vogue

The social marketplace is great for hunting down a cult-loved item thats otherwise sold out everywhere as well as finding deals on popular brands like Lululemon, Free People, and Anthropologie. Popsugar

Poshmark is a brilliant way to sell and buy clothing. This side hustle app (or for some people, their full-time job!) allows you to take a photo of something in your closet and upload it to your account in less than 60 seconds, all from your phone. Parade

The marketplace thats so posh that celebrities use itespecially to raise money for good causes, like DJ Khaled, Serena Williams, Katherine Heigl and Rachael Ray. Buzzfeed",com.poshmark.app,shopping,organic,2025-11-07 09:35:58
Kohls - Shopping & More,Kohls,4.8,"10,000,000+",10000000,Shopping,"With the Kohls App, shopping and saving have never been easier. Its packed with features to help you find the best deals, browse online or in store, manage payments and so much more. Here are just a few reasons why youll love using the Kohls App.

Store your savings in your Kohls Wallet.
Access all your coupons, rewards and Kohls Cash in one convenient place, so the best value is always at your fingertips.

Never miss a deal with offer reminders.
Kohls Cash or exclusive coupons about to expire? Well let you know with mobile reminders and personalized notifications.

Use the Scanner to shop online or in store.
Scan product bar codes to check prices, sizes, colors and reviews. Cant find what youre looking for? Buy it on the Kohls App while youre in the store and get free shipping.

Save and pay in one scan with Kohls Pay.
Quickly select all your coupons, rewards and Kohls Cash, and apply them with a single scan to breeze through checkout.

Manage your Kohls Card and Kohls Rewards accounts.
The Kohls App keeps you signed in so you can easily check your Kohls Card balance and make payments. Plus, it tracks your rewards balance and progress toward your next $5 reward.

Download the Kohls App today to discover amazing deals on everyday must-haves for you and your family. From beauty to decor, activewear and toys, youll be sure to find something you love.",com.kohls.mcommerce.opal,shopping,organic,2025-11-07 09:35:58
Debenhams,DBZ Marketplace,0.0,"100,000+",100000,Shopping,"Fashion. Beauty. Home.
Explore 16,000+ of your favourite brands across Fashion, Beauty & Home, anytime, anywhere, with the Debenhams app.
Be inspired by the latest trends in Fashion from British names you love, including Coast, Karen Millen, Warehouse, Oasis, Burton, DP and Misspap.
Elevate your Beauty routine with iconic names to covet, stocking up on skincare, makeup and signature fragrances youll fall in love with. With names such as Estée Lauder, YSL, Hugo Boss and more, your beauty collection has never looked better.
Discover stylish options for every home. From a seasonal refresh to those everyday essentials, weve got you covered with tasteful touches through bedding, tableware and furniture updates, ready for family moments and entertaining with friends. Add a hint of SMEG, Slumberdown and Yankee Candle to your space and enjoy a haven that feels like home.
Opt in to receive our push notifications, so you can stay in the loop on exclusive offers and launches. Trust us, you dont want to miss them.
Enjoy a secure checkout, every time, meaning you can shop your favourites quickly and with ease. Thank us later.
Track your order from discovery to delivery and follow your parcels journey to your door.
With every lifestyle in mind, Debenhams has something for everyone to discover, shop and love. Keep an eye out for some famous faces in collaboration with our renowned brands, so you can be inspired in this season and the next. Were owning the everyday, and we cant wait for you to join us.",com.debenhams.app,shopping,organic,2025-11-07 09:35:58
중고나라 - 안심되는 중고거래,Joonggonara Inc.,3.8,"10,000,000+",10000000,Shopping,"20년 이상 사랑받아온 대한민국 대표 중고거래 플랫폼, 중고나라가 더 안전해졌습니다.

중고나라는 안심보장 프로젝트를 통해 사용자들의 사기 걱정을 줄이고, 믿고 거래할 수 있는 환경을 만들어가고 있어요.

 안심결제  안전한 결제와 배송을 한 번에
 안심보상제  사기 피해를 당했다면? 최대 100만원 보상
 셀프검수  꼭 확인해야하는 정보만 골라서 확인(현재 일부 적용)
 인증셀러  신뢰도 높은 판매자와의 거래

지금, 가장 안심되는 중고거래를 경험해보세요.

 앱 접근 권한 안내
2017년 3월 23일부터 시행된 정보통신망법령 제 22조의 2(접근 권한에 대한 동의)에 따라 서비스 이용 시 꼭 필요한 접근권한을 아래와 같이 안내해 드립니다.

필수적 접근권한
- 기기 및 앱 기록 : 앱 오류 확인 및 사용성 개선
- 기기ID : 기기 식별 및 추적, 서비스 확인
- WI-FI 연결정보 : 앱 이용 네트워크 연결 체크
선택적 접근권한
- 저장공간 : 사진 작성 또는 저장
- 위치정보 : 지도 기능 사용시 위치 정보 검색 및 위치 공유
- 카메라 : 채팅, 글 및 프로필 작성 사진 또는 동영상 촬영
- 마이크 : 동영상 촬영시 음성 인식

 선택적 접근 권한은 관련 기능 이용 시 동의하실 수 있으며, 미동의 시에도 해당 기능 외 앱 서비스는 이용 가능합니다.
----
개발자 연락처 :
(주)중고나라 4F
415 Teheran-ro
강남구, 서울특별시 06160
South Korea 215-87-87482 제2024-서울강남-06966호 서울시 강남구",com.elz.secondhandstore,shopping,organic,2025-11-07 09:35:58
Alibaba.com - B2B marketplace,Alibaba Mobile,4.4,"500,000,000+",500000000,Shopping,"What is Alibaba.com?
Alibaba.com is one of the worlds leading B2B ecommerce marketplaces. Our app allows you to source products from global suppliers, all from the convenience of your mobile device.

Purchase with confidence
Our Trade Assurance service protects your orders and payments on the platform, letting you purchase securely and conveniently with extended support.

Customizable products
Meet suppliers with years of customization and order fulfillment experience for sellers on Amazon, eBay, Wish, Etsy, Mercari, Lazada, Temu and more.

Easy sourcing
Discover millions of ready-to-ship products in every industry category. Tell suppliers what you need and get quotes quickly with Request for Quotation services.

Fast shipping
Alibaba.com partners with major freight forwarders to provide land, sea, and air shipping solutions with on-time delivery services, end-to-end tracking, and competitive prices.

Livestreams and factory tours
Interact with manufacturers in real-time via product demos and tours of manufacturing facilities, providing insight and oversight on how your products are made.

Popular categories and trade shows
Source a wide range of popular items  from trending consumer goods to raw materials  and join our annual trade shows for niche product highlights and discounts.

Quality control
Choose Alibaba.com Production Monitoring and Inspection Services to reduce production delay and quality risks.

Discounts and promotions
Unlock new discounts and promotions from featured manufacturers and suppliers.

Stay updated
Use the Alibaba.com app to stay up to date on new products and promotions from your favorite suppliers.

Language and currency support
Alibaba.com supports 17 languages and 54 local currencies. Use our real-time translator to communicate with sellers in your mother tongue.",com.alibaba.intl.android.apps.poseidon,shopping,organic,2025-11-07 09:35:58
Tokopedia Promo Guncang 11.11,PT. Tokopedia,4.3,"100,000,000+",100000000,Shopping,"Tokopedia Promo Guncang 11.11 
Guarantee to get the deals and more excitement than ever before! 

We Pay Up to Hundreds of Millions for Your Order! 
Discounts up to Rp1.2 Million
Flash Sale  All for Just Rp11K
Free Shipping with no limits!

Update your Tokopedia app now and get ready for the big 11.11 surprise!",com.tokopedia.tkpd,shopping,organic,2025-11-07 09:35:58
Target,Target Corporation,3.6,"10,000,000+",10000000,Shopping,"Get fresh deals and Target Circle offers, free Drive Up for curbside pickup, same-day delivery and easy returns, all with just a tap.

Everything you love about Target is just a tap away.

Free Drive Up: Just check out with Drive Up and well bring your order out to your car, well even load the trunk, no extra charge.

Same-Day Delivery from Target & More Local Stores: Score unlimited same-day delivery on orders over $35 with a Target Circle 360 membership, or just pay $9.99 per delivery.

Target Circle Deals: Browse hundreds of exclusive Target Circle deals, and scan barcodes as you shop so you never miss a way to save.

Just-For-You Bonuses: Earn with Target Circle rewards and save with personalized deals. 
Save & Pay in a Snap: At checkout, just scan your Wallet barcode to stack all your savings, Target Circle deals, gift cards and even 5% off with your Target Circle Card.

Plan Ahead, Shop Smarter: Build your list ahead of time, find your items in the aisles and spot whats on sale before you even walk in.
 
Check Stock Before You Go: Know whats available at your store, see top-rated finds, and read real reviews from fellow shoppers.

Shop by Category for Everything You Need: With the Target app, you can easily shop by category, whether youre looking for food & beverage, essentials & beauty, apparel & accessories or home & electronics. Just tap to find everything you need in one spot.

See It in Your Space: Place furniture and decor in your space before you decide to buy, making shopping for your space easy and fun.

Virtual Try-On: See how beauty products and accessories look on you with our virtual try-on feature, no guesswork, just confidence in your picks.

Shop Target-Owned Brands: Youll find groceries, electronics and all the everyday essentials from Targets own brands, like Good & Gather, up&up and Heyday.

Designer Collections Youll Love: We team up with top designers to bring you limited-edition home decor and more.

Download the Target app and unlock savings, surprises, and a little everyday joy, every time you shop.",com.target.ui,shopping,organic,2025-11-07 09:35:58
Wayfair - Shop All Things Home,"Wayfair, LLC",4.8,"10,000,000+",10000000,Shopping,"The Wayfair app is the easiest way to go after your home goals. Discover app-only deals and early access to sales so youll always get our best prices. Plus, be the first to know about price drops on your favorite furniture, decor, and more.

The Wayfair app makes your shopping journey seamless from start to finish. Get inspired with just-for-you recommendations. Once you score something you love, get order updates and real-time delivery tracking in the palm of your hand.

Just exploring? Use Lists to save, organize, and even share your favorite finds with friends and family when you need a second opinion.   

All the things you love about Wayfairs website are in the app, too! Scroll through tons of home picks for every style, space, and budget  so you can find the ones that are just right for you. And discover items you never knew you needed with seasonal decor hubs, trend spotlights, and more.

With the Wayfair app and your design ideas, that dream space is totally doable. Download now to get started today.",com.wayfair.wayfair,shopping,organic,2025-11-07 09:35:58
"Expedia: Hotels, Flights, Cars",Expedia,4.8,"50,000,000+",50000000,Travel & Local,"TRAVEL PLANNING MADE EASY IN ONE APP
Plan, collaborate, book and manage your whole trip, from flights, vacation packages, hotels, car rentals, activities, and more. Find inspiration for your next destination, expert tips and personalized recommendations. Book your flight, hotel and more together to save.*

REWARDS ON ANY WAY YOU TRAVEL
One Key members can use and earn rewards** on eligible bookings, including select hotels, vacation rentals, car rentals, activities, and flights. Plus, earn airline miles AND One Key rewards on flights. Move up the tiers quickly to enjoy free room upgrades at select VIP Access properties and more. Signing up for One Key is free and easy! Just download the Expedia app and log in.

MEMBERS SAVE INSTANTLY
One Key members get instant travel discounts on select flights, hotels, car rentals, activities and more. Save 10% or more on over 100,000 hotels worldwide with Member Prices and up to 30% when adding a select hotel to your flight.

BOOK FLIGHTS WITH CONFIDENCE
Not sure if youre getting our best travel deal? Get an automatic refund when flight prices drop after youve booked.*** Members can also track flights and get alerts when prices rise or drop for free.

COLLABORATE AND PLAN WITH FRIENDS AND FAMILY
From keeping your travel details organized to easily deciding on the best options with your group, planning a trip is easy on the Expedia app. Save and compare stays, activities and more, invite others to collaborate by voting and commenting on their favorites and when your itinerary is settled, view and manage your bookings  all in one place.

DISCOVER TRIPS THAT FIT YOUR NEEDS
- Search flights, hotels, vacation packages, rental cars, attractions, and more
- Book your flight and hotel together for savings
- Choose from over 1,000,000 hotels worldwide, including boutique and luxury hotels, airport hotels, cheap hotels, hostels, BnB, vacation rentals, and resorts
- Read verified reviews you can trust
- Learn more about top destinations with expert-curated tips like best times to go, neighborhoods to stay in and things to do
- Filter for hotels with pools, hot tubs, free airport shuttles, free WiFi, onsite parking, ocean views, kitchens, air conditioning, gyms, and more
- Find family- and pet- friendly vacations
- Sort your search by price, free cancellation or no change fees, departure and arrival time, and more
 
MANAGE YOUR WHOLE TRIP, ALL IN ONE PLACE
- Free cancellation on most hotels****
- All your reservations in one place: view upcoming trip details, hotel information, and maps for directions
- Trip alerts: for flight delays, gate changes, hotel check-out times, and more
- Share travel itineraries
 
Download the Expedia com app now and join for free to enjoy One Key member benefits.

*Savings based on package bookings as compared to the price of the same components booked separately. Savings will vary and not available on all packages.
**One Key rewards not redeemable for cash and can only be used on Expedia, Hotels.com and Vrbo. For vacation rentals, US properties only. Excludes taxes and fees.
*** Available for a fee on select flights. Refund will be the difference if the price of your flight on Expedia drops. Gold or Platinum members get Price Drop Protection at no extra cost on select flights. Terms apply.
**** Some hotels require you to cancel more than 24 hours before check-in.
See site for details.

We predict flight deals based on historical data collected from searches made on or by Expedia. These predictions use insights and specifically look at search criteria such as dates, fare class, origin and destination. When comparing predictions for this flight and similar flights, we found that these fares were lower than we would expect. Any changes made to the search criteria may result in price differences and different price predictions.

The Expedia app uses information for analytics, personalization, and advertising. By using our app, you agree to our privacy and cookies policies.",com.expedia.bookings,travel,organic,2025-11-07 09:36:01
Tripadvisor: Plan & Book Trips,Tripadvisor,4.5,"100,000,000+",100000000,Travel & Local,"One app, so many places to discover. Get guidance from millions of travelers and earn rewards for more trips by doing what you love: planning, booking, and sharing. For a limited time only, get $30 off Things to Do when you join in the app (its free!).

Score last-minute tour tickets in a few quick taps. Book a hotel your entire family will love at a great rate. Create an itinerary in seconds with top recs from travelers like you. All while earning Trip Cash to fuel even more vacays. You bring the fun, the Tripadvisor app brings the rewards.

Tripadvisor Rewards: Plan, book, share, earn rewards
- Book from over 400,000 experiences and 600,000 hotels, and get 5% back in Trip Cash to save on future trips
- Earn beyond booking: Planning and sharing can net you Trip Cash too
- Join for free in the app!

Plan all in one place
- Save your favorite hotels, restaurants, and experiences
- Get custom recs based on your saves with AI trip builder
- Keep all your itineraries, trip ideas, and bookings organized in one place

Go with the flow
- Discover top-rated recs nearby, wherever you are
- Stay flexible with free cancellation on most experiences
- Never miss a thing with notifications tailored to your trip

Get traveler recs
- Browse reviews to get the inside scoop from travelers whove been there
- Tap into the worlds largest travel community for tips and advice wherever, whenever
- Save time with AI summaries, which gives you a quick overview of what travelers are saying",com.tripadvisor.tripadvisor,travel,organic,2025-11-07 09:36:01
Booking.com: Hotels & Travel,Booking.com Hotels & Vacation Rentals,4.8,"500,000,000+",500000000,Travel & Local,"Save on your next trip with the Booking.com app! Find great hotel or apartment deals and book in just a few minutes. You can also book flights, rental cars, and more through the app.

- Book your whole trip in one app (accommodations, flights, car rentals, taxis and more)
- Stay flexible with free cancellation (available at most properties)
- 247 customer service in more than 40 languages
- No booking or credit card fees
- Chat directly with your property in the app
- Enjoy mobile-only discounts
- Use filters to easily find the perfect place out of millions of available accommodations (hotels, apartments, homes, villas, ryokai and more)
- Get paperless confirmation of your reservation  no printing required
- Manage your bookings on the go, making changes whenever and wherever you want
- Discover local attractions and make the most of your trip
- Share your experience and get local advice on our Travel Communities forums

Access millions of accommodations 
From cozy country homes to funky city apartments, find the perfect place out of millions of available accommodations. Our app offers hotels, apartments, hostels, vacation rentals, resorts, motels, guest houses, and bed and breakfasts.

Quickly find the perfect place to stay
Filter hotels by price, review score, WiFi quality, and other things important to you. Search cheap hotels by city, attraction, landmark, or hotel name. Special requests? Pet-friendly hotels? We have filters for everything. You can also compare your favorite accommodation options side by side to ensure you get the best price and quality.

Deals for any budget
Discover daily accommodation deals and save on your next hotel, apartment, or villa booking. 
Get exclusive mobile-only discounts of 10% or more on select properties when you book in the app. Savings available on motels and hostels, B&Bs and resorts, and luxury hotels, inns, homes, houses, apartments and vacation rentals. Find your ideal accommodation at an ideal price. 

Stay flexible with free cancellation
Change of plans? Not a problem. You can cancel for free at most hotels, apartments and other properties on Booking.com. And the app makes things even easier  it only takes a few taps to cancel, and youre free to find a place that better suits your needs. 

Last-minute travel
Heading somewhere in a hurry? With the app, you can quickly book hotels at the last minute (as well as far in advance).  Finding a place in short order has never been easier. Our app allows you to search for properties nearby, fill in a few details, and secure your reservation. You can also change, cancel, or make additional reservations on the go.

Jet off with the perfect flight
Book domestic or international flights on the go with ease. The app allows you to search thousands of airfare deals per day. Plane tickets available for all major airlines and destinations.

Hit the road with car rentals
Car hire has recently been added to the app. Whether you just need a ride to explore your destination, or youre going on an epic road trip, the Booking.com app can help. Rent a car from all the major companies and hit the road!

Reserve taxis with ease
Book in advance for a seamless connection from the airport to your destination. You can also book taxis to and from other pick-up points, such as hotels and local attractions.

Find and book a great experience
Whether youre looking for attraction or museum tickets, boat tours, or walking tours, you can book experiences online in minutes, with free cancellation on many options. 

Get and share tips with other travelers
Connect with fellow travelers, share your experiences, and get local advice on the best accommodations, attractions, and more. Discover new experiences with our app, the perfect trip planner.",com.booking,travel,organic,2025-11-07 09:36:01
"Hopper: Hotels, Flights & Cars",Hopper Inc.,4.6,"10,000,000+",10000000,Travel & Local,"The Hopper app has helped over 100 million travelers find and secure the best price on flights, hotels, homes and car rentals - each and every time they book their trips.

Book Flights, Hotels, Homes & Rental Cars 
Find millions of flights, hotels, homes, rental cars (and cute bunnies)  all in one app. Book your trip safely and securely, in just a couple taps and a swipe. 

Always Get the Best Price 
You can watch a trip right in the app and well send you a notification when its the best time to buy  recommending you to book now, or maybe wait just a little longer.

Easily Find The Cheapest Travel Dates 
Simply search your preferred destination and use Hoppers color-coded deals calendar to easily find the cheapest travel dates for your trip.

Not Ready to Book Right Away?
Hopper lets you freeze the price, so that you never miss a travel deal. For a small fee, take the time you need to finalize your plans, or wait for your next paycheck to come in. If the price goes up, you only pay the price you froze it at. But if the price goes down, you just pay the lower price. 

Travel with Confidence
Avoid fees and frustration! Make any trip flexible with Hoppers Cancel and Change for Any Reason plans. Get instantly rebooked without extra costs if your flight is delayed or you miss a connection with Hoppers Flight Disruption Guarantee. Travel stress free with 247 access to Hoppers Customer Support. 

Help the Planet, One Booking at a Time. 
With every booking that occurs on Hopper, we pledge to plant 2 trees to offset the carbon footprint. To date, weve planted over 31 million trees. 

Hopper has no ads, no spam, and no stress  just accurate predictions and travel deals.

So what are you waiting for? Start saving money with the bunny today. Download Hopper for free now, and lets start planning your next trip!

Hopper Love
 The 10 Best Free Apps for Air Travel Junkies - TIME
 The app helps travelers find the cheapest flights, hotels and rental cars. - The Points Guy
 Compared to exact searches on Expedia, Kayak and Orbitz, we regularly found that the deal quoted on Hopper was the best - Travel and Leisure
 Find me a hotel on Hopper! - The Late Late Show with James Corden
 Hopper is committed to offsetting the carbon emissions of every flight and hotel stay it sells. - Forbes, The Top 100 Most Customer-Centric Companies of 2022

Say Hello to the Bunnies
Facebook: https:www.facebook.comhoppertravel
Instagram: @hopper
Twitter: @hopper
Website: http:www.hopper.com

Need support? Head over to https:help.hopper.com to find answers to frequently asked questions. You can also reach us toll-free at +1-833-933-4671 if calling from US or Canada, or at +1 (347)-695-4555 if calling from outside the US or Canada.",com.hopper.mountainview.play,travel,organic,2025-11-07 09:36:01
Skyscanner Flights Hotels Cars,Skyscanner Ltd,4.8,"50,000,000+",50000000,Travel & Local,"Skyscanner makes planning your next trip easy. Find the best prices on flights, hotels & rental cars  all in one place.

With Skyscanner, you can search for cheap airline tickets, low-cost flights, and the best airfare deals to destinations worldwide. Easily find and book flights with major airlines like Spirit Airlines, United Airlines, Southwest, Delta, and American Airlinesall in one place. Save time and money by comparing flight prices across multiple airlines, online travel agencies and travel booking platforms to get the best price. There are no booking fees or hidden chargesjust the lowest prices on domestic and international flights.

Skyscanner is more than just flights. Find cheap hotels, luxury resorts, airport hotels, and vacation rentals with our hotel search, ensuring you have the perfect place to stay wherever you go. Need transportation? Compare and book affordable rental cars from top providers.

Heres how to use our app:

Find inspiration
Cant decide where to go? Start by exploring everywhere first. Tap Everywhere in our search bar to find low-cost flights literally anywhere around the world and get ideas for your next vacation.

Filter your search
Know what youre looking for? Use our smart filters to search by flight duration, airline, number of stops, travel class, departure and arrival times. Looking for last-minute travel deals? Use filters to find flexible options and spontaneous getaways at the lowest prices.

The best time to fly
Youve chosen where it will be, now well help you find the best dates to book your travel. Our calendar view breaks down the cheapest dates in a chosen month so you can find the right flight deal. Not ready to book yet? Set up a Price Alert and well let you know when the flight price changes so youre always booking at the right time.

The right hotel at the right price
Thought we were just about discount flights? Nope, weve got your stay covered too. Compare and book budget hotels, luxury resorts, vacation rentals, motels and hostels all over the world. Or, easily find hotel rooms near your current location and grab a last-minute hotel deal for your next vacation.

Car rentals
Choose where and when to pick up your rental car, and well show you affordable options from top car rental agencies. You can filter your search by vehicle type, fuel type and features. And our Fair Fuel Policy flag will make sure youre not paying too much on fuel  weve got your back. Find the best rental car deals from top car rental providers like Hertz, Budget, Avis and Enterprise.

Book with who you trust
Compare all your top travel and flight providers, including online travel agencies (OTA), in one place  Spirit Airlines, United Airlines, American Airlines, JetBlue, Frontier Airlines, Delta, Ctrip, Expedia, Kiwi.com, Trip.com, Agoda, booking.com and more. Plus, get recent reviews on our travel partners from our community of travelers.

No added fees ever
Did we mention we dont charge any booking fees? Never. None at all. Book directly with airlines, hotels, and travel agency services with total transparency.

Save your flights
Want to look but not ready to book a flight? No problem. We have a saved feature where you can heart flights or hotels you like. Then itll show up on your trips, so you can pick up where you left off and book your travel.

Why Skyscanner?
 The Telegraph; The only 20 travel apps youll ever need
 The New York Times; Apps for Travelers Dreaming of Their Next Trip
 Elite Daily; 7 holiday travel apps thatll let you jingle around the world
 Pocket-lint; 4 apps to get you ready for summer

Lets get social
 Facebook: https:www.facebook.comskyscanner
 Instagram: @skyscanner
 X: @skyscanner
 TikTok: @skyscanner
 LinkedIn: https:www.linkedin.comcompanyskyscanner
 Website: www.skyscanner.net",net.skyscanner.android.main,travel,organic,2025-11-07 09:36:01
"KAYAK: Flights, Hotels & Cars",KAYAK.com,4.8,"10,000,000+",10000000,Travel & Local,"KAYAK searches hundreds of travel sites to show you your options and let you pick what works best for your trip. Track prices, set a budget, build your itinerary and more. 



Whats in our app.

Find, compare & book flights, hotels and car rental with KAYAKs travel app.

Get the flight you want: Compare flight options from hundreds of sites then zero in on the best one for you by using our filters. 

Hotel rates only on the app: Find mobile-only prices from select hotels.

Car sharing: Search car sharing alongside traditional agencies for more options (and maybe better prices).

Know when prices change: Track search results for your trip and get a notification when prices change.

Search on your budget: Only have $300 to spend? KAYAK Explore will show you your flight options, on any budget.



Only on the KAYAK App.

Flight tracker: Get alerts when something about your flight changes or track flights so you can see if youll make your connection.

Trips offline: All your ticket confirmations and reservations loaded into Trips are accessible regardless of whether or not you have Wifi.

Measure your bag: Direct your camera at your bag or carry on and well let you know if its the right size for your flight without incurring a fee.



We love feedback.

Got a question and in need of support? Send us a message at  https:www.kayak.comhelp and well help you out.



More on what KAYAK offers.

Find flights, hotels, vacation rentals, rental cars and more - then filter by what matters to you most. Like a pet-friendly boutique hotel with a pool. Or a 4-door sedan with airport pick-up to get you on your way. We bring together great deals from your favorite travel sites in one place. 



Search hundreds of flight sites at once.

With filtering and flexibility options, you can quickly search and book what works best for your trip. 



More options, more saving.

Find mobile-only rates and exclusive deals on the app. Set Price Alerts to know when prices drop on the flights, cars and hotels youre interested in.



Create itineraries as you plan.

Our Trips tool puts all your plans in one place. Get alerted to flight and gate changes, access boarding passes both on- and offline, and share your itinerary with friends  all in one spot. You can sync your inbox or manually add any part of your trip - from tour and restaurant confirmations to notes on things to see.



Car rental deals.

Search from over 70,000 locations to find the perfect rental car. Book risk-free by filtering for free cancellation policies.



Get a hotel or a home.

See your accommodation options from major hotel chains and resorts to local boutiques to apartments, cabins, beach homes and more. Filter for free cancellation if youre worried plans will change.



Plan your next trip with KAYAK. Download now to start planning a great trip.",com.kayak.android,travel,organic,2025-11-07 09:36:01
Agoda: Cheap Flights & Hotels,agoda.com,4.6,"100,000,000+",100000000,Travel & Local,"Agoda is your ultimate holiday planner. Find cheap flights and affordable hotels and accommodations in just a few taps! The Agoda app is your best tool for finding and booking travel deals, anywhere in the world.
 
Book flights on Agoda for domestic and international routes seamlessly. Find flight deals from over 200 airlines worldwide for countless options. Our unique search engine compares flights and prices in real time so you can book the best deal as soon as it drops.
 
Book hotels, villas, BnBs, and more with over 4,000,000 accommodations in the language and currency of your choice. Book accommodations to your liking with filters, hi-res photos, map views, local information, and over 35 million verified traveler reviews. Book hotel rooms tailored to your travel needs and budget, thanks to Agoda. 

Want to earn? With Agoda Homes, you can become a host and start earning on your property.
 
Travel and See the World for Less, knowing you can save up to 80% off with Select Member Offers, Last-Minute Deals, and much more. Agoda is the perfect trip planner to help you save on your next getaway. Book a flight. Book a hotel. Book your next unforgettable vacation with exclusive savings.
 
AGODA FEATURES
 
CHEAP FLIGHTS IN JUST A TAP
- Search for affordable flights from over 200 airlines and fly to almost any destination
- Book flights knowing youre getting the best possible price
- Our trip planner saves your info and lets you adjust your flight booking directly in-app
 
BOOK HOTELS EASILY
- Book accommodations with over 4,000,000 options across the globe
- Reserve your next stay on Agoda  whether its a hotel, BnB, vacation rental, or anything in between
- Find accommodations and book confidently by viewing user reviews, pictures, and local information
 
TRAVEL DEALS MADE FOR YOU
- Save with travel deals on cheap flights and budget-friendly accommodations
- Fulfill your wanderlust..affordably! Find countless destinations for cheap holidays
- With Agoda you can also enjoy exclusive offers with Secret Deals, newly listed discounts, and more
 
TRAVEL WORRY-FREE
- Agodas holiday planner saves your voucher, details, and maps right on your device for easy check-in and print-free travel
- Manage or edit your booking anytime, anywhere
Need help? Agoda has live agents 247 in multiple languages to make sure your journey is as smooth as it is cost-efficient
- *Agoda speaks your language* Whatever your language is you can get the best Hotel deals: فنادق أجودا,安可达酒店订房,Agoda酒店,Agoda訂房,อโกดา,תי מלון אגודה, حجوزات,اجودا,агода.
 
To learn more about device information used in our App, including for interest-based advertising and cross-device tracking, and to exercise certain opt-out choices you may have, please see our cookie policy.",com.agoda.mobile.consumer,travel,organic,2025-11-07 09:36:01
Uber - Request a ride,"Uber Technologies, Inc.",4.4,"1,000,000,000+",1000000000,Maps & Navigation,"Join millions of riders who trust Uber for their everyday travel needs. Whether youre running errands across town or exploring new cities, getting there should be easy.

FIND THE RIDE YOU WANT
Find the perfect ride right at your fingertips! Uber is here to make your journey stress-free and enjoyable.

Pick from a wide range of rides that the Uber app has to offer including:
- UberX: Affordable rides, All to yourself
- Electric: Eco-Friendly
- UberX Priority: Priority pickup
- UberXL: Rides for groups up to 6
- Comfort: Newer cars with extra legroom
- Comfort Electric: Premium zero-emission cars
- Uber Pet: Rides for you and your pet
- Black: Luxury rides with professional drivers
- Taxi: You now have the option to request a cab or a taxi in select cities
- 2-wheels: Find a scooter to start riding today
- Premier: Luxury rides with highly-rated drivers

UPFRONT PRICING
With Uber, you no longer need to worry about hidden costs or unexpected surprises. As you enter your destination in the app, you get upfront pricing and the estimated time of arrival.

SAFETY TOGETHER
Safety is a top priority at Uber. We have established comprehensive safety features to help ensure every rider and driver feels secure and comfortable.

PRICING
Were doing all we can to make our pricing as transparent as possible.
- UberX Share: UberX Share connects you to other riders headed in the same direction.
- Group Rides: Share the journey with friends.
- Split Fare: Split the cost evenly while youre still on the ride.

JOIN UBER ONE FOR EXCLUSIVE PERKS
Benefit from $0 Delivery Fee and up to 10% off eligible delivery and pickup orders and 6% Uber Cash back on eligible rides. Other fees & terms apply. For more details see uber.comuberone.

RESERVE RIDES IN ADVANCE
Need a ride at a specific time? No problem! Uber allows you to reserve rides in advance, so you can plan your day with confidence.

GO GREEN
Uber is committed to building a sustainable future for our cities. Choose from our growing eco-friendly fleet of electric and hybrid vehicles to help reduce your carbon footprint.

CARSHARE
Drive yourself with Uber Carshare. Borrow a car by the hour, day, week or longeronly pay for the time youve booked. Currently available in select cities.

RENT CARS AND HAVE THEM DELIVERED TO YOU
Whether you need a car today or later, the online booking experience will help you find the right vehicle for a family vacation, a weekend getaway, airport travel, and more. You can have a rental car delivered to your door at the time and location of your choice with Valet, currently available in select cities.

MORE FEATURES
Delivery: Order food from your favorite restaurants through Uber Eats. Stock up on groceries, shop pharmacy, convenience and pet supplies and get them all delivered.
Uber Connect: an easy, same-day, no-contact delivery solution that allows people to send items whether its a care package or an item you sold online.
Transit: Say goodbye to complicated time schedules, hectic transfers, and unexpected waits while reducing your trips emissions.
Uber Charter: Book high-capacity group rides in vehicles seating 14-55 passengers, such as limo buses and coach buses.
Uber for Business: Manage and track business travel, meal programs, and more on one dashboard.
Uber Hourly: Keep a car and driver with you for hours.
Uber Car Seat: Uber Car Seat provides one forward-facing car seat for a child who is at least 2 years old, 22 pounds, and 31 inches tall.
VoIP calling is a core feature that helps riders and drivers connect during trips, ensuring important calls are seen and not missed.
Uber is available in the following cities: Boston, DC, LA, New York, San Francisco, Vegas, Orlando, Chicago, and more. Check if Uber is available near you at https:www.uber.comcities.
Follow us on X at https:x.comuber
Like us on Facebook at https:www.facebook.comuber
Uber contentmessages may be human or machine translated per device settingsaccuracy not guaranteed.",com.ubercab,travel,organic,2025-11-07 09:36:01
TripIt: Travel Planner,"TripIt, Inc.",4.7,"5,000,000+",5000000,Travel & Local,"Join nearly 20 million travelers on the worlds highest-rated travel planner app for trip and itinerary organization!

TRAVEL ITINERARY

As soon as you book a flight, hotel, rental car or other travel plan, simply forward it to plans@tripit.com and well automatically add it to your comprehensive itinerary. Seamlessly sync travel plans to your calendar or share them with anyone you choose.

RESERVATION DETAILS

No more frantically searching through your inbox for important details about your travel plans, like when your flight gets in or the confirmation number for your hotel. Find them in a flash with TripIt  even when youre offline. 


Upload PDFs, photos, boarding passes, digital passport QR codes and more to your travel itinerary, so you can track everything in one place.


MAPS AND DIRECTIONS

The TripIt app includes all the map-related tools youll need on-the-go (its great for road trips).

-	Plot out your entire trip on Google Maps or Apple Maps
-	Quickly pull up transportation options and driving directions between two points
-	Easily locate the closest restaurants, parking, ATMs and more


TRIPIT PRO

For roughly the price of checking your bags, upgrade to TripIt Pro to access exclusive travel perks all year long. When you upgrade, TripIt Pro will do all this for you (and more!):

 Share real-time flight status alerts and check in reminders
 Notify you if youre eligible for a refund if your fare price drops after booking
 Track your reward programs and alert you if points are expiring
 Navigate you through the airport with interactive maps


Your Google Play account will be charged when the purchase is confirmed. Your TripIt Pro subscription will be good for 1 year, and automatically renew each year at $48.99 unless you turn off auto-renew at least 24 hours before your term ends. To manage your subscription, including auto-renew, visit your Play Store Account Settings.

FREE TRIPIT PRO FOR SAP CONCUR USERS

If your company uses SAP Concur, you may receive complimentary TripIt Pro benefits that most travelers have to pay for. Make sure youre connected to TripIt to get itineraries created for you as soon as you book, and receive a complimentary subscription to TripIt Pro, if youre eligible.

For more information, see the TripIt User Agreement (https:www.tripit.comuhpuserAgreement) and Privacy Policy (https:www.tripit.comuhpprivacyPolicy).",com.tripit,travel,organic,2025-11-07 09:36:01
Travel Town - Merge Adventure,Magmatic Games LTD,4.8,"10,000,000+",10000000,Puzzle,"Explore Travel Town, where you can combine everything into better and more useful items while you travel the world!

Reveal secrets as you discover yourself and help the friendly people of Travel Town!

Follow Travel Town on Facebook and Instagram for exclusive offers and bonuses!
Facebook: facebook.comTravelTownGame
Instagram: instagram.comtraveltowngame

Terms of Service: https:magmatic.gamesterms-and-conditions-mg
Privacy Notice: https:magmatic.gamesprivacy-policy-mg

Questions about the game? Our support is ready and waiting at:  https:support.traveltowngame.com

TRAVEL TOWN FEATURES:

== Merge Objects ==
 Discover over 500 fantastic objects through hundreds of levels!
 Freely drag objects around the beautiful world and merge 2 of a kind evolve them into more superior items!
 Fulfill missions for the townsfolk to unlock more amazing items!

== Meet New Villagers ==
 Discover 55 villagers who live in Travel Town, and help them restore their seaside town!
 Match objects to upgrade them and unlock more and more items to support you on your journey!

== Rebuild the Town ==
 A storm has ravaged Travel Town - Collect coins and bring the town back to its former beauty!
 Discover and upgrade dozens of buildings and improve the town beyond your wildest dreams!

Follow Travel Town on Facebook and Instagram for exclusive offers and bonuses!
Facebook: facebook.comTravelTownGame
Instagram: instagram.comtraveltowngame

Terms of Service: https:magmatic.gamesterms-and-conditions-mg
Privacy Notice: https:magmatic.gamesprivacy-policy-mg

Questions about the game? Contact us in the game by clicking on Settings  Contact Us
Our support is also ready and waiting at:  https:support.traveltowngame.com",io.randomco.travel,travel,organic,2025-11-07 09:36:01
Wanderlog - Trip Planner App,Wanderlog,4.7,"1,000,000+",1000000,Travel & Local,"The best app to plan a trip, Wanderlog is the easiest-to-use, completely free travel app for planning every kind of trip, including road trips and group travel! Create a trip itinerary, organize flight, hotel, and car reservations, view places to visit on a map, and collaborate with friends. After your trip, share a travel guide to inspire other travelers.

 See flights, hotels, and attractions in one place (like TripIt and Tripcase)
 View road trip plans on a travel map & map your route (like Roadtrippers)
 Rearrange the order of places easily by drag-and-drop
 Planning a road trip? Add unlimited stops for free, optimize your route, view times & distances between places, and export places to Google Maps
 Planning group travel? Invite friends and collaborate in real-time just (like Google Docs)
 Automatically import reservations by forwarding emails or connecting your Gmail
 Add things to do from top guides with 1 click (like Tripadvisor and Google TripsGoogle Travel)
 Access your trip plans offline (Pro)
 Add notes and links to your stops
 Have your trip plans automatically sync across devices
 Set budgets, track expenses, and split bills with a group

-------

 SEE IT ON A MAP

Every time you add a place to visit, its immediately pinned on your Google Maps-based travel map. No need to pull up different travel apps and websites to organize vacation plans - you can do it all in the Wanderlog trip planner app! Plus, if youre visiting points in order, lines will connect the different pins on the map so you can see your route (perfect for road trips!). You can also export all your places to Google Maps too.

 STORE PLANS OFFLINE

All your holiday plans are automatically stored offline on the Wanderlog travel planner app - especially helpful during a road trip with poor signal and international travel.

 GET ON THE ROAD

Looking for the best road trip planner? Travelers can plan their driving trips and stops with Wanderlog. See your route on a map, or try our route optimizer to automatically rearrange and plan your route to save travel time. See estimated times & distance traveled between places to make sure it all fits, and total time and distance traveled for a given day to make sure youre not driving your car too long. Plus, you can add unlimited stops along your road trip for free.

 COLLABORATE WITH FRIENDS

For group travel planning, add your trip mates with their email address or by sharing a link to the itinerary. Like for Google Docs, everyone can collaborate in real-time. Set permissions and choose whether people can edit or just view your travel plans.

 STAY ORGANIZED

Access flights, hotels, and attractions in one app. Forward flight and hotel confirmation emails to import them directly into your trip plan, or connect your Gmail to automatically add them. Prefer to keep high-level plans? Make generic lists like Things to do and Restaurants you want to eat at. Traveling on a tight schedule and want to create a detailed itinerary? Organize your day by adding start (and end) times, perfect for keeping track of tickets and reservations.

 GET INSPIRATION & INFORMATION

For each place, see key info like a description and picture of the place, average user ratings with links to reviews, opening hours, address, website, and phone number. Stay inspired by exploring top travel guides for every city from the web that feature viewpoints, attractions, and restaurants, and from lists from Google Trips and Google Travel, as well as by other Wanderlog users, and add things to do from those guides to your trip plan with 1 click.

 MANAGE TRIP FINANCES
Set a vacation budget for yourself or a group. Take control of your spending and keep track of all expenses. For a group trip, split a bill with other people and easily calculate the cost. Keep a record of who paid for what, how much money everyone owes or is owed, and settle debts between trip mates.",com.wanderlog.android,travel,organic,2025-11-07 09:36:01
"Priceline: Hotel, Flight & Car",priceline.com,4.7,"10,000,000+",10000000,Travel & Local,"Your ultimate travel app! Snag exclusive travel deals on hotels, flights & rental cars with Priceline. Get cheap hotel booking, find last-minute travel deals for your perfect trip. Amazing hotel deals, flight deals & rental car deals await. Download now!

Your travel plans or trip style, save on hotel, flights, & rental car with Priceline. Our travel app helps compare travel deals, secure cheap hotel bookings, finalize trip details, & save on every hotel & flight deal, wherever you are. Finding cheap hotel bookings and last-minute travel deals is simpler than ever.

Hotels, cheap flights & rental car deals - 5 reasons to download our travel app for your next trip & great travel deals:

Exclusive hotel deals & cheap hotel booking offers in our travel app. Unique travel deals for app users! VIPs unlock discounts & perks on hotel bookings, making trips rewarding with savings.
Your perfect hotel: Hotel deals with personalized recommendations for your trip. Find cheap hotel booking solutions for seamless travel planning.
Travel ready: All for your vacation or business travel in one place - hotel deals, rental car deals, & cheap flights. Your essential travel app for a stress-free trip.
Fast hotel booking: Secure your hotel or cheap hotel booking in seconds. Our travel app streamlines trip planning for hotel needs & last-minute travel deals.
Any hotel, any budget: Hostels to 5-star hotels, find accommodation & hotel deals for any trip & budget. Great travel deals for all.
Love travel and deals? Millions book travel deals for their trip with our travel app daily - download for your next trip! Hotel deals, flight deals, & cheap rental car deals mean serious savings. Find last-minute travel deals!

BUNDLE & SAVE WITH PACKAGE DEALS!
Bundle & save on your trip with Package Booking. Combine hotel, flights, & rental car in one booking for package travel deals. Craft your travel itinerary easily; our travel app makes trip planning simple & affordable. Priceline is your go-to travel app for trip management & package deals. Make dream trips a reality & save! Package bookings: smart travel savings.

HOTEL DEALS
Save up to 60% with Express Deals on hotels! VIPs get more exclusive deals on hotels & cheap hotel booking, making trips affordable. Find best hotel deals & last-minute travel deals in our travel app. Cheap hotel booking is a tap away.

FLIGHT DEALS
Global travel, great deals on domestic & international flights. Our travel app finds flight deals for your next trip easily from your phone. Plan travel confidently with flight deals.

RENTAL CAR DEALS
Road trip deals on rental cars, 290 brands, 28,000+ locations. Our travel app makes finding rental cars simple. Free cancellation on most bookings & no credit card fees. Travel easy.

COMPARE, BOOK & SAVE
Find accommodation, cheap hotel bookings, & travel deals easily with our travel app. Search by cityinterest to book hotels & rental cars for your trip. We find more travel & last-minute deals as you search.

QUICK HOTEL BOOKING
Rushed? Our travel app offers quick travel & hotel booking, especially signed in! Hostel tonight or cheap hotel booking for next months vacation - we do fast well, securing your hotel.

YOUR TRAVEL BUDDY
Access & change trips with My Trips in our travel app. Check hotelrental car details on the go. All travel info on your phone, even offlinebooked on computer. Like magic! This travel app is your perfect trip companion for all deals.

Rated Best App for Travelers by Travel + Leisure! Book flights, get cheap hotel bookings, find accommodation, explore destinations for your trip - the Priceline travel app is best for all travel deals, like last-minute travel deals.

Priceline: trusted travel app for hotel, flight, & rental car deals. Part of Booking Holdings (Booking.com, Agoda, Kayak & OpenTable). Amazing travel deals & memorable trips start here!",com.priceline.android.negotiator,travel,organic,2025-11-07 09:36:01
Airbnb,Airbnb,4.4,"100,000,000+",100000000,Travel & Local,"AIRBNB MORE THAN AN AIRBNB
The world is endlessly interesting and with Airbnb, you can explore it in more ways than ever. Find remarkable homes, unforgettable experiences, and incredible services all in one app. Get inspired, book, and go.

BOOK A HOME AND GO WHERE HOTELS CANT
Explore 8+ million vacation rentals in 240+ countries and regions to find the perfect stay for every kind of trip, whether youre traveling alone or with a group. Use over 80 filtering options to find the amenities you want, like a pool, a kitchen, or accessibility features like step-free entry. View all the details of a place at a glance on the listing page and check out the ratings and reviews to see what other guests whove stayed there think about it, too.

DONT JUST SEE A PLACE, EXPERIENCE IT
Find thousands of experiences around the world, hosted by locals who know their city bestall vetted for quality based on a hosts expertise, reputation, and authenticity. Uncover unique perspectives on landmarks and museums. Get a taste of local cuisine through cooking classes and food tours. Enjoy the great outdoors, an art workshop, a live performance, and much more. Plus, check out Airbnb Originalsextraordinary experiences hosted by the worlds most interesting people, designed exclusively for Airbnb.

MAKE YOUR STAY EVEN MORE SPECIAL WITH INCREDIBLE SERVICES
Make the most of your stay by booking incredible services right at your Airbnb, like private chefs, photography, catering, prepared meals, hair styling, nail treatments, makeup, massages, personal training, and spa treatmentseach offered by experienced service hosts who have been vetted for quality. You can book thousands of professional services at nearly every price, all in one app, all over the world. Best of all, you dont need to stay at an Airbnb or even be on a trip to get these services. Schedule a blowout, training session, and more right at home.

GET A TRAVEL APP THAT TRAVELS WITH YOU
After you book a home, youll get personalized recommendations on the homepage suggesting services and experiences for your trip, tailored to where youre staying and who youre traveling with. And the redesigned Profile gives you a snapshot of all the places youve been to on Airbnb, and the people youve met along the way.

FIND ALL YOUR TRIP INFO IN ONE PLACE
Quickly find or share the details of your reservationmaking it easier for everyone to get there, get inside, and get connected to wifi with just a tap. Our in-app messaging means every guest on the trip can easily communicate with hosts to say hi, ask questions, and receive up-to-the-minute booking updates. You can also share photos, videos, and even customize an Airbnb Service, all in the same chat. And with a day-by-day view of everything you booked in the updated Trips tab, its simple to keep track of your plans and get key details like check-in times, special instructions, and entry codes all in one place, even when youre offline.

WANT TO HOST? AIRBNB MAKES IT EASY.
Whether you want to host a home, experience, or service, you can reach millions of people traveling and grow your business on Airbnb. List your home in a few simple steps. Or, you can apply to host an experience or service and once approved, youre ready to welcome the world.

YOUVE COME THIS FARNOW GO FARTHER
Stop reading and fire up the app to book yourself a one-of-a-kind trip on Airbnb.",com.airbnb.android,travel,organic,2025-11-07 09:36:01
Travel Decor:Journey Match,Dreams2Fun Limited,4.9,"100,000+",100000,Casual,"Begin Your New Chapter! In this therapeutic match-3 journey, accompany the protagonist on a global adventure. Enjoy relaxing puzzles while unlocking unique landscapes and cultural charms.

Key Features 
Relaxing Puzzles: Explore thousands of thoughtfully designed levels, from peaceful villages to bustling cities, each with distinct visual styles and puzzle mechanics.
 Regional Challenges: Experience zone-specific obstacles and level designs, offering varied and rewarding puzzle-solving experiences.
 Memory Collection: Gather travel-inspired elements to decorate your personal spaces worldwide, creating cozy rest stops with your unique touch.
 Smart Boosters: Utilize travel-themed power-ups to clear tricky obstacles or restructure puzzles, finding creative solutions when needed most.
 Journey Surprises: Discover hidden easter eggs and rewards within levels, adding delightful discoveries to your adventure.

 Senior-Friendly Design:
 Stress-free progression
 Clear interface with large elements
 Daily login travel supplies
 Starter Pack: Bonus moves + level support!

Lifes wonder never retires. Download now and turn every match into a step toward new horizons!",com.dream.fun.journeymatch,travel,organic,2025-11-07 09:36:01
Personal Touch Travel,Travelia,0.0,"10,000+",10000,Travel & Local,"How exciting to be looking forward to a holiday! This app provides even more possibilities for fun, experiences, inspiration and ease during your trip. You will be given access via your smartphone or tablet to all your travel information and valuable (local) information that will make your holiday even better. Simply login with your booking number and your email address and your holiday can begin.
	All your travel information in one central location
	An overview timeline of your holiday
	All travel documents such as vouchers and tickets digitally available on your smartphone
	Countdown to departure
	View simple detailed information on each part of your trip, including built-in navigation
	Check the weather at your holiday destination
	Get inspired with interesting activities and other extras
	Look at different trips, attractions and dining possibilities
	Find excursions directly in the app
	Get easy access to your travel agent during your holiday

DISCLAIMER
No rights may be derived from the information provided in this application. However, we strive to provide the most up to date and accurate information at all times.",com.eshoppr.personaltouchtravel,travel,organic,2025-11-07 09:36:01
GetYourGuide: Travel & Tickets,GetYourGuide,4.9,"10,000,000+",10000000,Travel & Local,"Download the GetYourGuide app to discover and book unforgettable travel experiences anywhere in the world

Whether youre planning a vacation or looking for last-minute things to do in any destination, we make booking tours, day trips, and activities easier than ever. Choose from culture, food, adventure, nature, and more experiences.

Maximize your trip with exclusive access to the worlds top attractions and museums, find the highlights and hidden gems, and keep up with last-minute travel deals using the app  we make travel planning easy, and making memories easier.

Find over 100,000 experiences 

Booking tickets for unmissable sights has never been easier  experience the Colosseum, Eiffel Tower, London Eye, TV Tower, Sagrada Familia, and more.

Discover expert-guided tours  explore unforgettable travel highlights in Paris, Dubai, London, Florence, New York City, Berlin, Vienna, New Orleans, Cancun, Tuscany, Lisbon, and more. Our app will be your city guide for destinations around the world, and our local experts help you get fully immersed.

Travel with flexibility

Reserve now, pay later  save your place for popular experiences early and make your payment at a later date.
Instant confirmation  whether youre booking tours in advance or need last-minute tickets, receive your tickets and booking confirmation instantly.
Offline tickets  Conveniently access your booking information offline. Download, store, and present your tickets on your mobile device

Book with confidence

247 customer service  Easily find help when you have questions. We offer customer service by email, phone, and WhatsApp across multiple languages.
Flexible cancellation  Dont stress if your plans change. We offer free cancellation up to 24 hours before your activity for most bookings.

With tours and activities for any interest, you can plan your trips your way. Dive into nature and explore fjords in Norway, try local cuisine across Europe, or uncover fascinating history in the United States.

Whether youre living the magic of the wizarding world on a Harry Potter experience, savoring delicious culinary delights on a food tour of Barcelona, booking top rated tours to see the Vatican, or following a city guide through Berlin, we guarantee youll find something unforgettable to do  make the most of your travel and leisure time.

Uncover the top tourist activities in the worlds bucket-list destinations:
Book museum tours and tickets in Rome, food trips through Naples, trekking in Iceland, river cruises around Prague, outdoor adventures in Bali, sightseeing in Budapest, and more.

Use the app as a travel planner or for travel guidance, then book travel experiences for the worlds must-see highlights with excursions and last-minute tickets.

Tell us how were doing
Leave us a review if youre enjoying your GetYourGuide app experience or head over to our help page for further assistance: www.getyourguide.com",com.getyourguide.android,travel,organic,2025-11-07 09:36:01
"Klook: Travel, Hotels, Leisure",Klook Travel Technology Ltd.,4.3,"10,000,000+",10000000,Travel & Local,"Download the Klook travel app to find deals for planning trips and booking hotel accommodation, local activities, car rentals, day tours and more best things to do anytime, anywhere.

A World of Possibilities
There are hundreds and thousands of activities across the world waiting for you on Klook. From sightseeing trips and hotel bookings to immersive cultural experiences, were here to guide you to your world of joy.

Trusted & Top-rated Activities
Explore handpicked experiences and get local insights for hundreds of destinations. Museums in Singapore? Tour packages in South Korea? Or some family attractions nearby? When youre on Klook, youre seeing the best of every place in your hands.

Experiences Made Easy
We make e-booking fast with instant confirmation and skip-the-line tickets on selected attractions. Whether its chasing waves on a Phuket vacation package, tasting wine in Melbourne or finding out whats fun for the weekend in your area, youre just a few taps away from booking whatever makes you happy.

Unlock Platinum on Klook Rewards for Exclusive Perks
- Earn up to 5X more KlookCash 
- Get up to US$250 in coupons
- Skip the line for priority customer support 
- Unlock free eSIM and coupons for Travel Essentials

You can elevate your Klook experience to Platinum when you spend US$1,500 as a Klook Gold member.

And a Whole Lot More
- Budgeting when travelling? Use Klook-exclusive promo codes to save on the best deals
- Redeem your tickets and e-vouchers or download them for easy offline access
- Save your bucket-list holiday ideas to your wishlist and book later
- Choose from trains, buses, cars and even ferries to get around
- Get movie and event ticket discounts and bundles

Find us and say hello!
- Official website: www.klook.com
- Facebook: @klookglobal
- Twitter: @klooktravel
- Instagram: @klooktravel

Got ideas for us? Let us know at appfeedback@klook.com. Thanks bestie.",com.klook,travel,organic,2025-11-07 09:36:01
"redBus Book Bus, Train Tickets","redBus - Bus, Ferry, Train, IRCTC Auth. Partner",4.6,"50,000,000+",50000000,Travel & Local,"Indias Most Preferred Train, Metro, Hotel, & Bus Ticket Booking App - 5.6 Cr+ Users Trust Us, 2 Lakhs+ Bookings Per Day
Upto 500 OFF on Your First Bus Booking, Use Code RED500
100 OFF on Your First Train Ticket Booking, Use Code RBRAIL 
20% Off on Every Metro Booking
Official Bus Booking Partner App for GSRTC, APSRTC, TSRTC, RSRTC, KSRTC (kerala), UPSRTC, HRTC, OSRTC, PRTC & 5200+ Private Bus Services i.e. Chalo Bus, Flixbus, Zingbus, YoloBus, Fresh Bus, VRL Travels, NueGo, Chartered Bus, Orange Travels, SVKDT Travels, Laxmi Holidays, Jabbar Travels, IntrCity SmartBus, Sangitam, SRS, Kallada Travels, Sugama Tourist & more. Also, IRCTC Authorized Partner App For Train Booking.

 5.6 Cr+ Customers Globally
 4.6 Rating (Top-rated)
 Change Date or Reschedule Bus for Free
 Lightning Fast Refund
 247 Customer Support
 Book Bus, Train Tickets in just 3 steps
 Alternate Trip - Get Confirmed Train Tickets or a 3x Refund
 Indias Go-to App For Booking Private & Government RTC Buses


Govt State RTC Buses:

 GSRTC Bus - Gujarat State Roadways Transport Corporation
 APSRTC Bus - Andhra Pradesh State Road Transport Corporation
 TSRTC Bus - Telangana State Road Transport Corporation
 RSRTC Bus - Rajasthan State Road Transport Corporation
 UPSRTC Bus - Uttar Pradesh State Road Transport Corporation
 HRTC Bus - Himachal Road Transport Corporation
 KSRTC Bus - Kerala State Road Transport Corporation
 OSRTC Bus - Odisha State Road Transport Corporation..& more

redBus has the largest bus listing of GSRTC Gurjarnagari buses, APSRTC live track Garuda Buses, Indra Volvo buses of TSRTC, Parivahan buses of Himachal roadways (HRTC), UPSRTC Janrat Shatabdi buses, OSRTC, PRTC, RSRTC buses and popular private buses of Chalo Bus, Flixbus, Zingbus, VRL Travels, NueGo, Chartered Bus, Orange Travels, SVKDT Travels, Laxmi Holidays, Jabbar Travels, IntrCity SmartBus, SRS Travels for booking seater, semi-sleeper, sleeper Volvo AC bus tickets.

Stay connected to your bus journeys with redBus on your Wear OS smartwatch
Track active trips, get real-time updates, and receive haptic alerts  no tiles or complications included.

redBus Ticket Booking Benefits:

Primo Certified Buses: High-rated buses with best-in-class experience, i.e. 4+ Rated Buses, Friendly Staff, & On-time!
Offers Sleeper, Seater, Semi-Sleeper, AC Volvo, Non-AC Intercity Buses
FlexiTicket: Reschedule Bus for FREE upto 8 hrs before departure
Payment Options: Card, UPI & more
BHIM UPI: Upto 150 OFF, Code: BHIM150
Navi UPI: Flat 50 OFF, Code: NAVI50
AU Credit Card: Upto 150 OFF, Code: AUBUS200
Axis Credit Card: Upto 500 OFF, Code: AXIS500


Steps to Book Bus Tickets on redBus App:

 Enter source, destination & travel date
 Choose from available bus services i.e. GSRTC, APSRTC, TSRTC, KSRTC, Chalo Bus, Flixbus, NueGo, Zingbus
 Use filters like bus types (Volvo AC  Sleeper  Seater), prices, ratings to find the best bus
 Select seats, complete payment & voila!
 Get bus ticket booking confirmation via emailtext


redRail by redBus: IRCTC Authorised Partner app for train ticket booking:
 Tatkal booking for IRCTC trains
 PNR Status
 Live NTES train running status


Save big on hotel booking on redBus App
 Largest Network of budget hotels
 Available in 2000+ cities in India
 Best Deals on 30k+ Hotels, Hostels & Homestays
 100% Verified Customer Ratings & Reviews
 24x7 Support


Popular Bus Routes

 Bangalore to Chennai Bus
 Hyderabad to Bangalore
 Chennai to Coimbatore
 Madurai to Chennai Bus
 Coimbatore to Bangalore
 Chennai to Salem
 Mumbai to Goa Bus
 Delhi to Manali
 Delhi to Shimla
 Pune to Nagpur


Popular Bus Services

 Chalo Bus
 Flixbus
 Zingbus
 VRL Travels
 NueGo
 Chartered Bus
 Orange Travels
 Laxmi Holidays
 Jabbar Travels
 IntrCity SmartBus
 SRS Travels
 Sugama Tourist

Common misspells: red bus, rebus, redbud",in.redbus.android,travel,organic,2025-11-07 09:36:01
BlaBlaCar: Carpooling and Bus,BlaBlaCar,4.4,"100,000,000+",100000000,Travel & Local,"BlaBlaCar: Carpooling and Bus - your pick of rides at low prices! The choice is yours with thousands of rides and destinations on BlaBlaCar. Ride with someone going your way and save on your travel costs. You will find rides at your doorstep thanks to many different options of carpooling and bus carriers.

Carpooling
Driving somewhere?
Share your ride and start saving on travel costs!
 Publish your next ride in just minutes: its easy and fast
 Decide who goes with you: review passengers profiles and ratings to know who youre travelling with.
 Enjoy the ride: thats how easy it is to start saving on travel costs!

Want to go somewhere?
Book, meet and travel at low prices no matter where youre going.
 Search for a ride among thousands of destinations.
 Find the ride closest to you: theres maybe one leaving from just around the corner.
 Book a seat instantly or request a seat: its simple!
 Get closer to where you want to go, thanks to thousands of carpool options.

BlaBlaCar buses
Book your next bus ride and travel at low prices.
 Choose among a wide choice of destinations.
 Bag a bargain with bus tickets from just X.XX for trips in France or in Germany.
 Book your bus ticket easily and enjoy the ride.

-------------------------
Note: Continued use of GPS running in the background can dramatically decrease battery life.
TELL US WHAT YOU THINK: https:www.blablacar.co.ukcontact",com.comuto,travel,organic,2025-11-07 09:36:01
"Trip.com: Book Flights, Hotels",Trip.com,4.7,"50,000,000+",50000000,Travel & Local,"Welcome to your new all-in-one travel app! Trip.com makes planning your next holiday simple - not only do we have thousands of flight routes and hotels, but we also offer car hire, tour tickets, and other travel must-haves. Need an e-sim or travel insurance? Weve got you covered.  

But there are multiple other reasons to use our app: 

#You Can Trust Us 
Weve been rated as Excellent on Trustpilot. Download now and browse with confidence - thousands of Trip.com users have had a positive experience with us!  

#Deals and Rewards 
Book with our app, earn Trip Coins travel credit, and save money on future trips. Keep booking to increase your membership tier and get exclusive benefits like free airport lounge access.  

#Free 247 Customer Support 
English-speaking agents are on-hand to answer your query within 30 seconds - and you can call us through the app for free. 

#Your Favorite Travel Brands 
Book your flights with British Airways, Virgin Atlantic or EasyJet, and your stay in Hilton, Marriott, or Premier Inn hotels. You can also book trains across the country with Network Rail - in fact, all major companies are available on Trip.com. 

#Multiple Payment Options 
Credit card (incl. Amex), debit card, PayPal, Google Pay, Apple Pay - were confident you can use your preferred payment method with us. 

What Makes Trip.com Special? 

#Flights
Plans changed? Enjoy our flexible flight cancellation options. We also offer exclusive app-only discounts, live status updates, and price alerts notifying you when flights are at their cheapest. 

#Trains
We sell train tickets in the UK, Europe, and across the globe! Our split ticketing feature makes rail travel even cheaper, and we dont charge any additional payment fees.  

#Hotels
If you find a hotel cheaper elsewhere, well match the price. If theres an issue where you cant check in, well find you a new hotel. And if you book a flight with us, your hotel can cost up to 25% less!  

#And Other Travel Essentials
Book your guided tour, visit a famous (or less famous) attraction, rent a car, buy your e-sim or travel insurance, and more! 

Download the all-in-one travel app and book your next adventure!",ctrip.english,travel,organic,2025-11-07 09:36:01
Video Editor & Maker - InShot,InShot Video Editor,4.8,"500,000,000+",500000000,Photography,"InShot - Powerful all-in-one Video Editor and Video Maker with professional features. Add music, text, transition effects for videos, make smooth slow motion, make video collage, blur background and etc! As an easy-to-use editing app, InShot makes creating vlogs a breeze and helps you to become an influencer on YouTube, Instagram, TikTok, WhatsApp, Facebook, etc.

InShot is also a photo editor and collage maker. Edit pictures and selfie, remove bg, add filters, adjust HSL, etc. Make stylish Instagram story covers and posts.

Features:

AI Tool
- AI Body Effects. Experience the magic of AI with instant presets that elevate your images and videos in just one tap.
- Auto Captions. AI-powered speech-to-text tool helps you say goodbye to manual text typing and makes video editing effortless.
- Auto Remove Background. Remove background of videosphotos at the touch of a button.
- Smart tracking. Make stickerstext move seamlessly in sync with your tracking object motion, adding dynamic flair to your videos.
- Smooth slow-mo. Experience seamless slow-motion effects for buttery smooth videos.

Full-featured Video Editing
- TrimMerge clips. Combine and compress video without losing quality.
- Reverse videos.
- Add text, emoji and InShot exclusive stickers.
- Add music, sound effects & voice-overs.
- Add various-styles voice effects.
- Adjust ratio. Fit your video and photo in any aspect ratio.
- Speed control. Speed upslow down video. Add speed ramping.
- Keyframes editing. Add custome keyframe animations.
- Chromakey. Easily edit green screen video.
- Picture-in-Picture. Create multi-layered videos.
- Mixtures. Blend your video with blend mode.
- Color picker. Pick any color on the screen and apply it to the backgroundtext.

Filters, Effects & Transitions
- Lots of cinematic filters.
- Adjust video brightness, contrast, saturation, etc. Customized video filters and video effects.
- Unique effects such as Glitch, Fade, Noise, Beats, Weather, Retro DV, celebrate, etc.
- AI effects. Clone, stroke, auto-blur, etc.
- Pro editing app with super transitions. Combine two clips with transition effects.

Photo Editor & Collage Maker
* Blur the background easily.
* 1000+ stickers, funny memes, texts & backgrounds.
* Turn blurry photos into HD with AI Photo Enhancer. 
* Remove unwanted objects effortlesslychoose between advanced AI or quick manual tools.
* Easy-to-use photo grid collage maker. 100+ highly editable collage layouts available.
* Pic Stitch. Horizontal, vertical, or automatically recognize subtitles.

Canvas & Background
- Choose from various background patterns or upload your own pictures.
- Adjust video ratios for InstagramTikTokYoutube post.

Easy to Share
- Custom video export resolution, HD pro video editor support 4K 60fps export.
- Share your daily life on social media: Instagram Reels, TikTok, Whatsapp Status, YouTube Shorts, etc.

InShot is an editing app for videos and photos. With InShot - video maker with music, you can easily make basic video and even advanced assets like video collage, smooth slow motion, stop motion, reverse video and more. Share your vlogs to social media to get more likes, or edit video with music and pic for TikTok.

Any questions for InShot (FREE slow motion video editor with music & photo slideshow maker)? Please contact us at inshot.android@inshot.com

For more new feature tutorials and advanced video editing tips, please subscribe to our YouTube channel: https:www.youtube.com@InShotApp

Disclaimer:
InShot is not affiliated, associated, sponsored, endorsed by, or in any way officially connected with YouTube, Instagram, TikTok, WhatsApp, Facebook, Twitter.",com.camerasideas.instashot,photo video,organic,2025-11-07 09:36:04
Photo Video Maker With Music,Litter Penguin,4.7,"10,000,000+",10000000,Video Players & Editors,"Video Maker With Music & Photo is an easy-to-use, full-featured free HD video editor and video maker with photos, background music, magic effects, stylish templates, Animated Video Editor, text, audio, transition effects, animated stickers, blur background and more. Just simply select your photos and videos to make HD videos without watermark, festival video status, anniversary photo status, birthdays, weddings, Valentines Day, Thanksgiving Day, Christmas Eve and other precious moments for YouTube, Instagram, TikTok, WhatsApp, and Facebook.

Video Maker With Music & Photo is also the best professional photo video maker, with many wonderful video templates, moving music, beautiful frames, filters. You can use video templates for free to create creative vlogs and lyrical videos with fashion effects, cool transitions, and emoticons in one click.

Video Maker With Music & Photo is also a powerful video editing tool and photo editing tool all in one. Trim videos, compress videos, extract music from videos, edit photos, everything can be done in this powerful video editor.

Top Highlights of Video Maker & Video Editor
 Make Video Movie and Photo Slideshow with music.
 Various video templates: Christmas, birthday, love, wedding, vintage, movies, family, ....
Multi-Layer editing, add music, sound effects, glitch effects, stickers & text
 Easy to Trim, Cut, Split, Merge, Compress, Convert Videos.
4K export, save HD video without quality loss
Export video in any ratio, 1:1, 16:9, 3:4, 3:2, etc.
 Share videos to Instagram, TikTok, YouTube, WhatsApp, Facebook, Twitter, Messenger, Mail, and more.
 FREE 100% & No Watermark! 

All-in-one Video Editor & Photo Slideshow Maker
- Use elaborate themes to create music video, slideshow or vlog instantly.
- 200+ popular fully licensed music, and you can add local songs from your device too. 
- Adjust music volume, use music fade in fade out option.
- 1500+ animated stickers and emoji. Aesthetics, doodle, birthdays, neon, etc.
- 30+ text styles and fonts to create artistic subtitles.
- Add stunning filters to make your video different.

Professional Video Editing tools
- Split or merge video, convert video into MP3 file, collage and loop video clips easily.
- Zoom in or out. Let your audience focus on the region you want.
- 60+ awesome transitions. Combine two clips with transition effects.
- Doodle on video, draw anything you like on the screen.
- Use video reverse to make funny video or original vlog.
- Blurred background and speed adjustment features available.
- Fantastic Materials Center: Themesfiltersstickersgif imagesmemesemojisfontssound effectsFX and more.

Powerful Photo Edit
- Edit Photo, add text, stickers, filters, crop photos
- Animal, blur effect, cutout effect, love effect, mirror effect, magician effect
- 100+ Stylized templates including Film, Magazine, Ripped Paper
- Adjust brightness, contrast, saturation, hue, etc.

The top Video Maker With Music & Photo helps you create videos with various cool effects and music to make your videos more exciting. Come and download, record your special moments and  share to YouTube, Instagram, Tik Tok, Facebook, Messenger, Whatsapp, Twitter.",video.maker.photo.music.slideshow,photo video,organic,2025-11-07 09:36:04
Canva: AI Photo & Video Editor,Canva,4.8,"500,000,000+",500000000,Art & Design,"Canva is your free photo editor, logo maker, collage maker, and video editor in one editing app! Design digital art faster with powerful magic AI tools built-in, like the AI image generator that allows you to transform text to image in just a few minutes Make stunning social media posts and reels, presentations or flyers, create logos, CVs, photo collages and video collages from customizable templates. 

Edit photos & design anything with the AI art generator: Video editor, collage maker, meme maker, CV maker & logo maker  Canva is a simple & easy content creation app for anyone!  

Canva features: AI art generator, photo editor and video maker
 Facebook posts, Instagram layout designs, banner maker, Instagram post-maker & Instagram reels maker. 
 Professional invitation maker, flyers & resume templates.
 Display data with templates, presentations & slideshow maker.

AI EDITING APP   free, no ads, no watermarks
 Image editor to crop, flip, & edit photos. Background eraser and blur editor. 
 Picture editor to adjust brightness, contrast, saturation, etc.
 Auto Focus to sharpen photo subject & blur background.
 Add text to photos in the picture editor.
 Use the photo grid, photo filters, photo layout & photo collage maker to create digital art.

AI VIDEO EDITOR   create videos in a few taps
 Produce professional videos in the video editor with 5GB of cloud storage and real time collaboration.
 Explore video layout & audio tracks in the video maker.
 Crop, resize, and flip videos & images in the video editor.
 Easy video editing: Make images move with one-tap animations & page transitions in the video maker.
 Apply effects like slow motion and reverse playback, add subtitles to a video collage, or a new background to your green screen video. 
 Magically sync edits to music with Beat Sync, for quick video editing
 Automatically translate captions to over 100 languages
 Add your favorite music tracks via Popular music* (regional restrictions apply)

SOCIAL MEDIA   make and match trendy content & graphic designs
 Design for Instagram, Snapchat, Facebook, YouTube or LinkedIn.
 Plan posts with Scheduler Canva Pro.
 Use our banner maker for thumbnails & ads.
 Collage maker, picture editor & video maker to create photo grids & collages.

FREE CONTENT LIBRARY  over 2M+ assets
 2M+ royalty-free images & photo filters
 Thousands of watermark-free videos to use in the video editor
 25K+ pre-licensed audio & music tracks
 Add text on pictures in the photo editor with 500+ fonts & effects
 Or create your own images with our magic Text to Image tool

AI MAGIC BUILT-IN   Bringing magic and ease of use to your designs 
Weve supercharged design across the Visual Suite with incredible magical AI-powered capabilities. Including;
 Magic Design - Upload an image and let Canva make designs for you
 Magic Edit - Swap, or add anything to your existing images
 Translate - Automatically translate designs in 100+ languages
 Magic Eraser - Remove objects from any image. 

CANVA PRO  The editing app to boost your graphic design
 Access premium templates, images, videos, logo maker, audio & graphic design elements + create stunning videos in the video editor
 One-click Background Remover & Magic Resize for photos and videos
 Brand Hub - Create logos with the logo maker, fonts, & colors
 Schedule posts for Instagram & Facebook

GRAPHIC DESIGN FOR EVERYONE 
 Personal - Layout designs for Instagram templates, resumes, photo editor, photo collages, logo maker, video editor, etc.
 Entrepreneurs - Grow your business with our logo maker, video editor, poster maker & Magic Presentations.
 Students & teachers - Engage with presentations & worksheets
 Social Media Managers & Content Creators - Use the photo editor, logo maker, collage maker & video editor for brand visuals & mood boards",com.canva.editor,photo video,organic,2025-11-07 09:36:04
"Picsart AI Photo Editor, Video","PicsArt, Inc.",4.1,"1,000,000,000+",1000000000,Photography,"Ignite your creative potential with Picsart  the all-in-one, AI-powered design studio thats free and easy to use. From pro-quality business designs to next-gen AI art, Picsart is the perfect companion for any creative project that lets you go from inspiration to creation in a flash. Easily switch scenes with Background Remover, finesse your photos & videos with effects, filters, and powerful photo & video editor tools, create inspiring mood boards with photo collages, and more with a full suite of intuitive graphic design tools.


Kick-start projects with Templates

 Accelerate your design process with customizable graphic design templates made by professional editors.
 Make templates your own with just a few taps and create stunning brand logos, social stories, business cards, and more.


Transform designs with Background Remover tools

 Use advanced AI to create pro-quality product shots for your business.
 Perfect for online sellers and solopreneurs, Smart Background seamlessly merges contextually suitable backgrounds using easy photo editor tools.
 Switching backdrops is easy with the Background Remover tool. Make precise changes with easy graphic design editor tools and create fresh aesthetic styles.


Get creative with AI

 Make any low-quality image pop with the easy AI Enhance photo editor tool.
 Remove Object quickly cleans up pictures and removes unwanted objects from the frame.
 Apply stylized AI filters to your shots to create stunning photo effects.
 Use AI Replace to instantly transform images with fun face swaps, hair color changes, selfie edits, and more.
 From memorable quotes for social to compelling captions for marketing campaigns, Picsarts AI Writer creates unique texts for all your content needs.
 Turn text into AI art with the AI Image Generator and create customizable images and GIFs automatically.
 Explore endless opportunities using AI Expand, the game-changing photo editor tool that seamlessly extends the boundaries of any image by adding new content thats identical to the original.
 Upload selfies to generate unique, customized AI avatar portraits in different styles.


Edit videos like a pro

 Create videos that shine on any platform.
 Use the easy video editor to create and edit clips with music.
 Take your IG Stories, TikToks & Reels to the next level.
 Try retouch video effects and other trendy filters in the video editor.
 Add your best moments to a video collage.


Add your flavor with the sticker maker

 Discover 60+ million options in the Picsart sticker maker library.
 Add stickers to pictures to turn up the fun level on your graphic designs or showcase special business promos.
 Use the sticker maker to create your own custom stickers.


Tell your story in text

 Create unforgettable designs by adding text to images with the Picsart Text Editor.
 Discover 100s of classic and trending fonts to create the look you want.
 Craft your own unique text styles with powerful customization options that elevate your graphic design game.


Discover endless inspiration

 From solopreneurs to graphic design enthusiasts, AI art pioneers, photo editors and more, share your ideas, and get inspiration for that next big project with Picsart Spaces.


Create collage magic

 Create on-trend photo collages with your favorite pictures.
 Try photo grid collage or freestyle collage for mood boards and frames for selfies and pictures
 Use the social media Story Maker and level up your Instagram game with templates.


Upgrade your design experience:

PICSART Plus

In addition to Background Remover and photo & video editing tools, elevate your graphic designs with premium content, templates, and retouch features.

Picsart Pro

Explore more premium possibilities with access to more AI tools, extra team seats for small businesses, and more storage space.
Terms and conditions: https:picsart.comterms-and-conditions
About Ads: https:picsart.comprivacy-policy#interest-base",com.picsart.studio,photo video,organic,2025-11-07 09:36:04
CapCut - Video Editor,Bytedance Pte. Ltd.,3.4,"1,000,000,000+",1000000000,Video Players & Editors,"CapCut offers easy-to-use video editing functions, in-APP fonts and effects, advanced features such as keyframe animation, smooth slow-motion, chroma key, and stabilization, to help you capture and snip moments.

Create fancy videos with other unique features: auto captions, text-to-speech, motion tracking, and background removal. Show your personality and go viral on TikTok, YouTube, Instagram, WhatsApp, and Facebook!

FEATURES
Basic video editing
 Trim and shorten clips and split or merge videos.
 Adjust video speed from 0.1x to 100x, and apply speed curves to clips.
 Animate video clips with incredible zoom inout effects.
 Highlight the best moments with the freeze feature.
 Explore transition options with awesome effects on and between clips.

Advanced video editor
 Keyframe video animation is available for all settings.
 Edit videos to create smooth slow-motion with the optical flow feature and speed curve tool.
 Use the chroma key to remove specific colors from videos.
 Easy to arrange and preview clips on multi-track timeline.
 The stabilizing feature keeps video footage steady.

Intelligent features
 Auto captions: automate speech recognition and subtitles in videos.
 Text-to-speech: apply text-to-speech in multiple languages and voices.
 Background removal: automatically remove backgrounds.

Text & Stickers
 Add text to videos with different fonts and styles, choose unique text templates. Fonts can be imported locally.
 Subtitles can be added to the timeline of video tracks and can be moved and adjusted in one step.

Trending Effects & Filters
 Match video content with diverse filters that are updated weekly with the latest trends.
 Edit videos with hundreds of trending effects, including Glitch, Blur, 3D, etc.
 Add movie-style video filters or adjust video brightness, contrast, etc.

Music & Sound Effects
 Add millions of music clips and sound effects to videos.
 Extract audio, clips, and recordings from videos.

Easy to Share
 Custom video export resolution, HD video editor supports 4K 60fps exports and smart HDR.
 Adjust the format and share with your friends on social media platforms.

CapCut is an all-in-one video editor and video maker application with everything you need to create stunning, high-quality videos. Beginners can get started with CapCut in a matter of seconds, while advanced users can enjoy all the functions they need to edit videos. 

Terms of Service 
https:www.capcut.comclauseterms-of-service

Privacy Policy 
https:www.capcut.netclauseprivacy

Contact Us
Any questions about CapCut? Please contact us at capcut.support@bytedance.com.
Facebook: CapCut
Instagram: CapCut
YouTube: CapCut
TikTok: CapCut on TikTok",com.lemon.lvoverseas,photo video,organic,2025-11-07 09:36:04
YouCut - Video Editor & Maker,InShot Video Editor,4.8,"100,000,000+",100000000,Video Players & Editors,"YouCut is a free Video Editor and YouTubeVideo Maker, offering powerful tools alongside other top video editing apps. With YouCut, you can effortlessly create photo videos and make professional-quality editswith music for all social media.

Whether making stop motion videos or blurring video background, YouCut stands out among editing apps as the go-to choice for seamless, high-quality video edits.

FREE & No Watermark!

Features: 
AI Video Boost 
*Auto Captions: AI-powered speech-to-text for talking videos.
*Remove Background: Erase backgrounds instantly.
*Enhance VideosPhotos for better quality in a tap!
*Smooth Slow-Mo: Enjoy buttery-smooth videos.
Experience the magic of AI editing! Download now for amazing videos. 

Free Video Editor & Movie Maker 
YouCut it is free and has no banner ads movie maker unlike other video editing apps or video cutter. Multi-layer timeline, chroma key and green screen features to help you make cinematic videos with music for social media.

Video Merger 
Merge videos into one video, a top-tier video maker for YouTube, also pro video cutter and joiner, helps compress and combine videos without losing quality. 

Video Cutter
Cut & trim video as you want. Edit video with music, export video in HD quality. Easy-to-use movie maker, the best video cutter & music video editor with stunning transitions.

Video Slicer
Slice & split video into two separate video clips. Free movie maker and video editor for android.

Video Speed Control
Brand new fastslow motion feature (Adjust video speed from 0.2 to 100) , Editing video and adjust video speed with video filters and effects.

Photo Slideshow Maker
Free music video editor with photos, merge photos to create slideshow. 
Combine videos with photos, edit videos with music like a pro.
Slideshow maker, helps create slideshow in minutes.

No Watermark
As a free music video editor and full screen video maker for YouTube, YouCut never add Watermark to your video.

No ads when editing videos
There is no banner ads on the screen, unlike other video editing apps.

 Add Music to Video
It is a professional TikTok editing app, YouTube intro maker and Instagram story cutter that meets all your needs.
1. Add free featured music by YouCut.
2. Edit videos with your music.
3. Adjust the original video volume.

Video Filters & FX Effects
Add beautiful movie style video filters and FX effects to video. Movie maker and film editor without watermark.

Video Color Adjust
Adjust video brightness, contrast, saturation, etc. Custom video filters and effects. 

Change Video Aspect Ratio
Crop your video in any Aspect Ratios like 1:1, 16:9, 3:2, etc. Free video maker and video cutter. Zoom inout your video.

Change Video Background
Best chroma key video editor app & video background changer editor.
1. Change the background color of your video and blur background

Video Compressor & Converter
1. Best HD video maker free & TikTok editor.
2. YouCut - Pro video maker supports resolution up to 4K. 
3. Save more than 90% size without losing much quality.

Share Video
Use Slow Motion to make your video run in fastslow motion, share video to YouTube, Instagram, Twitterto go viral! 

Crop Video, Video merger, Cut, Trim, Split, Blur, Photo Slideshow Maker, AI Templates. Add music, Add text to video, Apply FX video filters, No crop video, Rotate video, Share to YouTube... FastSlow motion video editor without losing video quality!

If you have any question about YouCut (pro video editor free, video cutter & movie maker, photo video maker), please email us at: youcut@inshot.com

For more YouCut news or tutorials, subscribe us on YouTube: https:youtube.com@YouCutApp

Disclaimer:
YouCut is not affiliated, associated, sponsored, endorsed by, or in any way officially connected with YouTube, Instagram, TikTok, Facebook.",com.camerasideas.trimmer,photo video,organic,2025-11-07 09:36:04
Video Maker,InShot Video Editor,4.8,"100,000,000+",100000000,Video Players & Editors,"Video.Guru - AI video maker and video editor from photo & music, easy to share memories and fun moments with your friends. The most user friendly editing app for Android. This all-in-one video editor with powerful & free video editing features: video trim, cut, fast & slow motion, edit video and photos with music, transition effects, filters, save high quality video etc.

Easy-to-use video maker, no watermark! With Video Guru, you can export 4k video without watermark, easily share to YouTube and other social media like Instagram, Facebook, TikTok etc.

All-in-one Video Editor
 Multi-Layer editing, add music, voice-overs, sound effects, glitch effects, stickers & fun fonts.
 Easy to use video maker, video editing more fun with transition effects.
 Best video trimmer & video cutter to trim and cut video. Split video into multi clips.
 50+ video transition effects to enhance your videos.
 Extract audiomusic from any videos, add marks to the track according to music rhythm.
 Editcombine videos with various filters, pro video editor with music and effects.
 Free Video Editor and Recorder, NO banner ads & watermark.
 Convert photos to video with music and effects, edit video like pro.
 Easily share videos to YouTube, Instagram, Facebook, Likee, TikTok etc.

Pro video maker for All-Platform
* Best vlog maker and intro maker, tons of filters and effects forvideo editing .
* Change video speed, create fastslow motion video, and save video in HD quality.
* Whether you are a beginner or pro, Video Guru is the best choice for movie & vlog editing .

Video editor with music and effects
* Dozens of HD FREE music can perfectly meet your needs.
* Various BGM, you can also add custom songs on your device.
* Adjust music volume, fade inout options supported.
* Easy-to-use music video maker for All-Platform.

Video Filter & Effects
* Add stunning movie style video filters and FX effects to video panorama.
* Merge clips into one with transitions effects.
* Just a few clicks, you can create an eye-catching video with magic video effects and stylish filters.

Video Transitions
* Edit videos with transitions and music, combine videos for YouTube.
* A variety of video transition effects for editing, such as Glitch, VHS, Noise...

Video Speed Editing
* Free video editing app & PRO video editor with music, fastslow motion.
* Speed up or slow down video, adjust video speed from 0.2x to 100x.

Video Background
* Add multi ratio borders and no crop. Background color and video blur editor.
* Blur background to fit for social media.

Video Compressor & Converter
*  Custom resolution to compress and convert your video. Video creator with many quality options.
*  HD video maker and video trimmer app, advanced vlog maker and intro maker for beginners.
*  Enhance the video quality, support up to 4K.

Video Cropper & Ratio
* Crop video in any ratios, such as 1:1, 16:9, 3:2, etc. HD export, no quality loss.
* Cinema: standard 16:9 for YouTube video editing. No watermark.
* Square: 1:1 for Instagram. Pro movie maker & video maker for YouTube, Instagram.

Video Guru is the best video editor and vlog editor, and it includes the most powerful editing tools as shown above. Try Video Guru now  and enjoy your video editing here! FREE and no registration required! In addition we constantly update effects, filters, transitions and fonts etc.

If you have any concerns or suggestions about Video Guru, dont hesitate to contact us at feedback@videoguru.app (or by clicking Send Feedback in the app settings page). 

Disclaimer:
Video.Guru is not affiliated, associated, sponsored, endorsed by, or in any way officially connected with YouTube, Instagram, TikTok, Facebook.",videoeditor.videomaker.videoeditorforyoutube,photo video,organic,2025-11-07 09:36:04
Lightroom Photo & Video Editor,Adobe,4.6,"100,000,000+",100000000,Photography,"Adobe Lightroom  meet a smarter photo editor. Make any photo special with our easy, yet powerful picture editor. Lightroom is here to help you get shareworthy photos in seconds  to capture sunsets, family moments, or your latest foodie find. Retouch photos with our state of the art photo editor tools that allow you to fix pictures, enhance photo quality, and edit videos.

Whether youre curating a social feed or snapping a photograph  retouch photos with editing tools in your pocket with this photo editor. Lightroom is here to help you create photos youre proud to share.

WHY YOU SHOULD TRY LIGHTROOM:

TOUCH UP YOUR PHOTOS WITH OUR PHOTO EDITOR 
- Photo retouch: In a few taps, make a photograph brighter, soften a background, or touch out blemishes.
- One-tap features: Retouch with Quick Actions and Adaptive Presets that let you enhance photo quality in seconds.
- Presets for photos: Discover filters or make your own signature look.
- Video Editing: Touch up videos with tools for light, color, and presets.

REMOVE DISTRACTIONS AND BLUR THE BACKGROUND
- Picture editor tools that give professional results.
- Touch up photos and blur the photo background for a polished look.
- Adjust the finer details, or use Generative Remove to remove objects and erase people from a photo.

STATE OF THE ART PHOTO EDITOR
- Take control of light with tools to tweak exposure, highlights, and shadows.
- Photo retouch, play with presets, HD photo effects, color grading, hue, saturation and add a blur or bokeh effect.
- AI photo editor: These tools suggest the best edits for your images. Touch up photos quickly or add your unique style to an HD photo, no experience required.

FIND COMMUNITY INSPIRATION 
- Browse photo filters and presets shared by photo enthusiasts around the world.
- Match your aesthetic with inspiration from the community: Whether theyre bold edits with an AI photo editor or subtle tweaks for a polished portrait edit, find a look that matches your style  or create your own.

EDIT ONCE, APPLY IT TO MULTIPLE PHOTOS
- Photo editing that is quick, easy, and effortless.
- Batch edit photos: Create consistent editing across a group of photos when you copy and paste your edits across multiple photos.
- Save your favorites and make every photo feel like you.

Download Lightroom today.

Terms & Conditions:

Your use of this application is governed by the Adobe General Terms of Use http:www.adobe.comgoterms_en and the Adobe Privacy Policy http:www.adobe.comgoprivacy_policy_en

Do not sell or share my personal information www.adobe.comgoca-rights",com.adobe.lrmobile,photo video,organic,2025-11-07 09:36:04
Google Photos,Google LLC,4.4,"10,000,000,000+",10000000000,Photography,"Google Photos is the home for all your photos and videos. Easily back up, edit, organize, and search your memories with the help of Google AI.  


 15 GB OF CLOUD STORAGE: Every Google account gets 15 GB of storage at no cost*, 3X more than many other cloud storage services. So you can backup and keep your memories safe automatically on all of your devices.


 AI-POWERED EDITING TOOLS: Make complex edits in just a few taps. Remove unwanted distractions with Magic Eraser. Improve out-of-focus blurry photos with Unblur. Enhance lighting and brightness with Portrait Light. 


 CREATE WITH GOOGLE PHOTOS: Play with AI-powered tools to create content. Remix lets you bring your pictures to life transforming them into fun, unique styles, while Photo to video animates your photos, turning static memories into moving videos.


 SEARCH MADE SIMPLE: No more endless scrolling. Ask Photos helps you quickly find what youre looking for, from simple searches like dogs to complex searches such as whats my recipe for pine nut lemon rice?


 EASY ORGANIZATION: Google Photos helps declutter your gallery by automatically organizing duplicates and similar photos into Photo Stacks. It also offers smart, intuitive folders for screenshots, documents, custom albums and daily camera roll organization, making your gallery feel orderly and personalized. You can even save sensitive photos and videos to a locked folder protected by your device screen lock.


 RELIVE AND SHARE YOUR FAVORITE MEMORIES: Stroll down memory lane right in Google Photos. Share photos, videos, and albums with any of your contacts  even if they dont use Google Photos.


 ALL YOUR MEMORIES IN ONE PLACE:  With backup on, you can easily transfer your photos from other apps, galleries and devices, so all of your content is in one place


 YOUR MEMORIES ARE SAFE: Your photos and videos are safe and secure from the instant you store them, protected by our advanced security infrastructure while in storage or when you share them.


 FREE UP SPACE: Never worry about running out of space on your phone again. Photos that are backed up in Google Photos can be removed from your devices storage in just a tap.


 PRINT YOUR FAVORITE MOMENTS:
From your phone, to your home. Turn your favorite memories into photo books, photo prints, canvas wall art and more. Price varies by product.


 GOOGLE LENS: Search what you see. This preview enables you to identify text and objects in your photos to learn more and take action.


Google Privacy Policy: https:google.comintlen_USpoliciesprivacy


* Google Account storage is shared across Google Photos, Gmail, and Google Drive.",com.google.android.apps.photos,photo video,organic,2025-11-07 09:36:04
B612 AI Photo&Video Editor,SNOW Corporation,4.1,"500,000,000+",500000000,Photography,"B612 is the all-in-one camera & photovideo editing app. We offer various free features and tools to make every moment more special.
Meet trendy effects, filters, and stickers that are updated every day!

=== Main features ===

*Create your own filters*
- Create a one-of-a-kind filter and share it with friends
- No problem even if its your first time creating a filter. Filters are easily completed with just a few touches.
- Meet the creative and diverse filters of B612 creators.


*Smarter CAMERA*
Apply real-time filters and beauty to capture every moment as your pic of the day.

- Dont miss out on daily updated AR effects and seasonal exclusive trendy filters
- Smart Beauty: Get a perfect recommendation for your face shape and create your custom beauty style
- AR Makeup: Create a natural look from daily to trendy makeup. You can adjust beauty and makeup to suit you.
- Shoot clearly anytime, anywhere with high-resolution mode and night mode.
- Capture the fun moment with the Gif Bounce feature. Create it as a gif and share it with your friends to double the fun!
- From video shooting to post-editing with over 500 kinds of music. Turn your daily life into a music video.
- You can use a custom sound source for music by extracting a sound source from your video.


*ALL-IN-ONE PRO editing feature*
Enjoy basic, professional-grade tools.

- Various Filters & Effects: From retro to emotional modern style! Create the atmosphere you want.
- Advanced Color Edit: Experience precise color edit with tools such as professional curves, split tone, and HSL that brings out details.
- More natural portrait edit: Complete your pic of the day with beauty effects, body edit, and hair color styling.
- Edit Videos: Anyone can edit videos easily with trendy effects and various music.
- Borders and Crop: Simply adjust the size and ratio and upload it to social media.
- Decoration Stickers & Texts: Decorate your photos with various stickers and texts! You can also make custom stickers and use them.",com.linecorp.b612.android,photo video,organic,2025-11-07 09:36:04
KineMaster - Video Editor,"KineMaster, Video Editor Experts Group",4.4,"500,000,000+",500000000,Video Players & Editors,"Edit everything: Movies, vlogs, Reels, and Shorts.

 AI Tools for Your Next Video 
Complex videos can be made quickly with these AI features.

 AI Auto Captions: Add subtitles instantly from video or audio
 AI Text-to-Speech: Create spoken audio from text with one tap
 AI Voice: Make your audio unique when you apply AI Voices
 AI Music Match: Get song recommendations fast
 AI Magic Removal: Cut out the background around people and faces
 AI Noise Removal: Zap distracting sounds in your video or audio
 AI Vocal Separator: Split a song into its vocals and music
 AI Tracking: Make your text and stickers follow moving objects
 AI Upscaling: Boost the size of low-resolution media
 AI Style: Add artistic effects to your videos and images

 Professional Video Editing for Everyone 
KineMaster makes advanced tools easy to use.

 Keyframe Animation: Adjust the size, position, and rotation of every layer
 Chroma Key (Green Screen): Remove backgrounds and combine videos like the pros
 Speed Control: Reverse, slow down, or turn your videos into time-lapse masterpieces

 Jumpstart Your Creativity 
Pick a template, replace its photos and videos, and youre done!

 Thousands of Templates: Build your own from pre-made video projects 
 Mix: Save your video project as a template to share with KineMaster editors everywhere
 KineCloud: Back up personal projects to the cloud to continue editing on another day or another device

 Make Your Video Stand Out with Assets 
The KineMaster Asset Store has tens of thousands of resources to make your next video amazing! Effects, stickers, to music and fonts, transitions, and VFX: everything is ready to use.

 Effects & Transitions: Enhance your videos with amazing visuals
 Stickers & Clip Graphics: Add graphic animations and design elements 
 Music & SFX: Make a video that sounds as good as it looks
 Stock Videos & Images: Get pre-made green screen effects, free stock footage, and tons of video backgrounds
 Variety of Fonts: Apply design-ready stylish fonts 
 Color Filters: Choose from a huge variety of color filters for the perfect look

 High-Quality Output or Optimized Video: You Decide 
Save your edited videos in high resolution or dial the quality to make them load fast on social media.

Incredible 4K 60 FPS: Produce videos in 4K and 60 frames per second

Optimized for Social Media Sharing: Save videos that are ready to upload to YouTube, TikTok, Instagram, and more

Transparent Background Support: Make videos ready for compositing for use with other videos

 The Best Tools for Fast, Precise Editing 
KineMaster is loaded with tools that make editing fun and easy. 

 Offers both portrait and landscape editing, the best of both worlds
 Lots of layers: Add and stack photos, videos, and GIFs to all play at once
 Multiple Undo (and Redo): Revert or reapply your editing history
 Magnetic Guides: Align elements to guides and snap layers in place on the timeline 
 Full-Screen Previews: See your edits full screen before saving

KineMaster & Asset Store Terms of Service:
https:resource.kinemaster.comdocumenttos.html

Contact: support@kinemaster.com",com.nexstreaming.app.kinemasterfree,photo video,organic,2025-11-07 09:36:04
"Adobe Express: AI Photo, Video",Adobe,4.6,"100,000,000+",100000000,Art & Design,"Adobe Express is the quick and easy app to create on-brand content that helps your business stand out and make an impact. Regardless of your skill level, Adobe Express empowers you and your team to make high-quality marketing & business materials while maintaining brand consistency.

VIDEO MADE EASY
Edit videos with customizable templates. Upload clips right from your Gallery. Combine and trim clips, add text to videos, add music, sound effects and transitions to make content that stands out. Add captions automatically, reframe clips for different social channels, and easily remove background noise for quality videos.

AI CONTENT CREATOR
Jump-start creativity with Generate image. Instantly create photo art with our AI photo generator.  Use AI tools to erase objects from photos or insert new objects from a prompt, and watch your imagination come to life with our AI photo generator.

BYE-BYE BACKGROUNDS
With Quick Actions, its easy to remove backgrounds, add video captions, transform images into GIFs, and resize your content in a single tap.

STAYING ON BRAND MADE EASY
With brand kits, its easy to create on-brand graphic design. Keep all your fonts, colors, and logos at your fingertips, ready to drop into any design. Apply your brand across all your social content with a tap. Maintain a cohesive look with Generate Similar. And refine designs with 30+ new filters powered by Photoshop.

CONTENT SCHEDULING SIMPLIFIED
Easily plan, preview, schedule and publish your social media posts in just a few clicks. 

QUICK ACTION TOOLS
 Trim & resize designs for any digital marketing channel
 Remove video backgrounds, convert image files, crop photos & images for multiple social platforms & more
 Convert to GIF from images and videos
 Generate QR codes in different styles and colors
 Animate a character with your voice
 Generate and edit video captions

Some features are not currently supported on all devices, but good things are coming. Support for more devices is rolling out over time.

QUESTIONS?
Your feedback and engagement will help us make Adobe Express better for everyone.
Join our Discord community
https:discord.ggadobeexpress to share your thoughts, connect with the community and get involved with creative challenges
Visit Uservoice https:adobeexpress.uservoice.comforums951181-adobe-express to request new features
Let us know about any bugs or issues you encounter in our Adobe Community Forum https:community.adobe.comt5adobe-expressct-pct-adobe-express

PREMIUM MEMBERSHIP
Your Adobe Express Premium membership unlocks access to Premium features:
 Over 200M royalty-free Adobe Stock photos, videos, music tracks, design elements and fonts
 250  generative credits to generate images, templates and more 
 Remove Video Background, One-click Resize for multiple channels, brand kits  and more
Use your Adobe Express Premium plan across your desktop browser and mobile phone. Also includes Adobe Photoshop Express on mobile.
Please refer to our full terms of service for more details. http:www.adobe.comgoterms_en

Terms and conditions:
Your use of this Adobe application is governed by the Adobe General Terms of Use http:www.adobe.comgoterms_en, and Adobe Privacy Policy http:www.adobe.comgoprivacy_policy_en and any successor versions thereto.

Do not sell or share my personal information: www.adobe.comgoca-rights

All trademarks are the property of their respective owners.",com.adobe.spark.post,photo video,organic,2025-11-07 09:36:04
Amazon Photos: Photo & Video,Amazon Mobile LLC,4.7,"50,000,000+",50000000,Photography,"Amazon Photos lets you store and share full-resolution photos, keeping favorite moments secure and in the spotlight. Prime members get free prints delivery (US only) and unlimited photo storage (available in US, UK, CA, DE, FR, IT, ES and JP) for a lifetime of memories. Not a Prime member? All Amazon Photos customers have 5 GB full-resolution photo and video storage.

Amazon Photos for all Amazon customers
- Storage: Free 5 GB combined photo and video cloud storage means you keep memories secure while freeing up space in your phone
- Full-resolution: Keep your original images resolution: more pixels equal better quality photos and videos
- Display photos on devices: View photo memories on your Echo Show and Fire TV instead of tucked away in a phone or camera. Customize your Fire TV screensaver and Echo Show photo display with family and travel photos.
- Order prints: Consider Amazon Photos a one-stop-shop for turning memories into photo prints, custom gifts, and home décor. Available only in the U.S. 
- Secure photos: Back up photos and videos automatically by turning on Auto-Save in Settings
- Alexa: Enjoy many Amazon Photos app features using just your voice on your Echo Show and Fire TV or with the Alexa app on your mobile phone. Try saying, Alexa, show my photos of sunsets, or Alexa, show photos taken in Sicily.
- Groups: Privately share and comment on selected photos, videos, and albums with friends and family across devices
- Subscriptions: Expand storage (and cancel any time) with flexible monthly and annual plans starting at $1.99
- Search: Easily locate photos when you search by date or location
- Auto-Save: Enable Auto-Save in Settings to automatically secure every photo and video you take.
- Re-live Memories: View and share photos from this date in years past, whether its one year ago or five years ago. See special moments set to music and re-surfaced as a curated slideshow to re-live the good times.
- Privacy: Share photos and albums with friends and family by inviting them to a private Amazon Photos Group. Consolidate photos of special events (vacations, playoffs, parties, graduations) into a single album.

Prime members get all the above PLUS
- Unlimited photo storage 
- 5 GB dedicated video storage 
- Refined search filtering
- Free prints delivery

Get the app and upload your photos
Upload your photo collection to access memories across all your devices.
Move your existing photo collection from one provider to Amazon Photos in just a few easy steps. Learn more here.

Amazon Photos provides online cloud storage. Easily access pictures stored across devices such as your Fire TV, Echo Show, and Amazon Fire tablet.  Securely store, print, and share photos: Once saved to the cloud, you can safely delete them from your phone to free up space. Safekeeping your photos and videos in the cloud keeps them secure, even if your devices (and the pictures in them) are lost or destroyed. Turn on Auto-Save in Settings to save every photo you take to your Amazon Photos account. Learn more about Amazon Photos security by reading our Terms of Use. Amazon ensures that you have access to customer support 247. You can conveniently share images on your app with private groups. From ready-to-frame prints to ready-to-hang wall décor, your memories are ready for display. Shop effortlessly right from the app and create custom keepsakes like wall décor, prints, and wall canvas for special holidays. 

U.S. Customers visit us at:
Learn more about Amazon Photos here",com.amazon.clouddrive.photos,photo video,organic,2025-11-07 09:36:04
VSCO: Photo Editor,VSCO,3.5,"100,000,000+",100000000,Photography,"VSCO: Photo Editor & Inspiring Photography Community.
Our community-driven platform empowers photographers to flourish creatively and professionally.

With a comprehensive suite of photo editing tools for mobile photography editing and desktop, and a network for connecting with other creators and businesses, VSCO empowers photographers to develop their unique style and be discovered by the world.
VSCO  powerful tools, creative community, and exposure for all photographers.

PHOTO EDITING
Professional Grade Presets
Our preset library is the best in class for digital photography enhancement. Unlock over 200 curated photo presets, including the beloved member favorite AL3. Excellent for outdoor and indoor image edits and ideal for food and night photography, AL3 uniquely brightens and softens the light in your photos while they appear natural and untouched. Transform your photography with film emulation presets, achieving a timeless vintage film look.

Precise Editing Control
Take control and create the aesthetic you want with our advanced photo editing tools. Elevate your photography with our Grain tool. Effortlessly create authentic film texture, precisely controlling the grains strength, size, and color for captivating image texture. Beautifully master your tones with HSL color adjustment. Effortlessly refine details using the powerful Dodge and Burn tool.

Photo Filters: Edit your photos with VSCO presets
VSCO presets allow you to elevate your photos quickly and easily. The VSCO app includes 16 of our most popular filters for free. You can edit images immediately without in-app purchases or subscriptions. Our presets craft unique photo looks, offering everything from quiet muted tones to vibrant saturated colors. Unleash your creativity with our expansive photography filters collection.

Camera: A camera app with built-in GIF maker and effects
A new way to create is just a swipe and a tap away for all your photography. Our Camera feature has four camera options: Burst, Retro, Prism, and DSCO, designed to enhance your creative photo capture.

Collage: Craft photo collages in seconds! Rapidly create from pre-set templates or a blank canvas. Customize your one-of-a-kind composition with your photos and adjustable shapes, colors, and sizes. Perfect for photographers to present their work.

Dodge & Burn: Flawlessly perfect highlights & shadows. VSCOs Dodge and Burn tool empowers creators to expertly shape light, flawlessly correcting common problems and skillfully guiding the eye to the images focal point, precisely like a traditional darkroom.

VSCO Spaces: Seamlessly share galleries, receive feedback, and enhance your creative process. Spaces are collaborative environments that provide a safe space for creators to workshop ideas, share photography inspiration, and connect through collective galleries. Engage with our creative photo community, designed for photographers.

VSCO MEMBERSHIP
Start your VSCO Membership with a free 7-day trial. After your trial, your annual subscription seamlessly begins. Your VSCO Membership continues automatically. Manage your subscription with ease. Easily cancel your trial before it ends. For assistance or any questions, simply visit vs.cohelp to submit a ticket.

Plans for all photographers
Invest in your creativity with VSCO Membership. Join our global community of photographers and creators today.

STARTER (FREE)
Explore your creativity and the VSCO community.
Essential set of editing tools and presets
Post your work to build your personal profile
Collect inspiration from our creative community
PLUS
Discover your creativity and share your photography.
Enhance photos with 200+ presets & advanced mobile tools. Showcase identity brilliantly: Craft your member profile. Enjoy full access to community Spaces & Discussions. Explore our detailed Terms and Conditions https:vsco.coaboutterms_of_use and clear Privacy Policy https:vsco.coaboutprivacy_policy.",com.vsco.cam,photo video,organic,2025-11-07 09:36:04
"Edits, an Instagram app",Instagram,4.5,"10,000,000+",10000000,Video Players & Editors,"Edits is a free video editor that makes it easy for creators to turn their ideas into videos, right on their phone. It has all the tools you need to support your creation process, all in one place.

Simplify your creative process

- Export your videos in 4K with no watermark and share to any platform.
- Keep track of all your drafts and videos in one place.
- Capture high-quality clips up to 10 minutes long and start editing right away.
- Easily share to Instagram with high-quality playback. 

Create and edit with powerful tools

- Edit videos with single-frame precision.
- Get the look you want with camera settings for resolution, frame rate and dynamic range, plus upgraded flash and zoom controls.
- Bring images to life with AI animation.
- Change up your background using green screen, cutout or add a video overlay.
- Choose from a variety of fonts, sound and voice effects, video filters and effects, stickers and more.
- Enhance audio to make voices clearer and remove background noise.
- Generate captions automatically and customize how they appear in your video.

Inform your next creative decisions

- Get inspired by browsing reels with trending audio. 
- Keep track of ideas and content youre excited by until youre ready to create.
- Track how your reels are performing with a live insights dashboard.
- Understand what affects your reels engagement.",com.instagram.basel,photo video,organic,2025-11-07 09:36:04
PowerDirector - Video Editor,Cyberlink Corp,4.3,"100,000,000+",100000000,Video Players & Editors,"PowerDirector is the ultimate AI video editor that lets you create stunning, high-quality videos quickly and easily. This comprehensive AI video maker offers a vast array of animation filters and AI Auto Edit tools, allowing you to transform your videos and photos into viral TikTok clips or engaging social media content instantly.

 AI Editing Features
 AI Auto Edit: Auto detects the best moments in your clips and turns them into polished videos with templates.
 AI Image-to-Video: Templates for AI Dance, AI Kissing, and more!
 AI Portrait: Filters for Ghibli, Disney style, and more!
 AI Anime Video
 AI Auto Caption
 AI Video Enhancer
 AI Voice Changer
 AI Smart Cutout
 AI Speech-to-Text
 AI Speech Enhancement
 AI Super Slow Motion
 AI Background Removal
 Body Effect with Body Tracking

--------------------------------------------------------------------

 Easy Editing Tools for All Experience Levels
 Trim, cut, splice and rotate
 Choose from thousands of free templates, effects, and filters
 Add music to photos or videos
 Insert text or animated titles
 Videos and photos collages
 Adjust speed for fast or slow motion
 Background Removal
 Transitions and Effects

--------------------------------------------------------------------

 Professional Video Editor for Content Creators
 Fine-tune brightness, color, and saturation
 Green Screen editing
 Video stabilizer
 Record and add voiceovers
 Video overlay: Create spectacular double exposure effects
 Keyframe controls: Adjust the transparency, rotation, position and scale for picture in picture and masks
 Built-in stock library and customizable templates: add photos, music, sound effects, video intros, and outros

*Supported devices only.

 PREMIUM Benefits
 Exclusive premium content (filters, motion titles, transitions, effects and more)
 Stock media content, also available for commercial use (1.5k+music, photos, stickers, stock video footage, sounds)
 Ad free and distraction free
 Enjoy unlimited access to our massive, royalty-free stock library powered by Getty Images

Find inspiration on Instagram: @powerdirector_app
Have a problem? Talk to us: support.cyberlink.com

Hope you enjoy editing on one of the best video editors in the world!",com.cyberlink.powerdirector.DRA140225_01,photo video,organic,2025-11-07 09:36:04
Video Maker & Photo Music,FotoPlay Video Maker,4.9,"10,000,000+",10000000,Video Players & Editors,"FotoPlay Video Maker is an easy-to-use photo video maker that allows you to merge photos and create slideshows with music. With FotoPlay Video Maker, you can merge photos and add music, video effects, and stickers to create a video that you can share on TikTok, YouTube, Instagram, Facebook, and Twitter.

Create Stunning Photo Slideshows for Free with Music, Video Effects, Animated Emojis, and No Watermark 
 
Key Features of FotoPlay: 
 Easy-to-use photo slideshow maker
 Create slideshows with music and video effects
 Free photo video maker for creating slideshows
 Mix photos and music to create a slideshow
 Add effects to photos to create a video
 Music video maker with animated emoji stickers
 Extract audio or music from any video in seconds
 Convert any video format to audio
 Record your own voice with professional quality
 Supports multiple aspect ratios such as 1:1, 4:5, 16:9
 Share and upload on popular platforms such as YouTube, TikTok, Facebook, Instagram, WhatsApp, and Twitter
 
Photo Slideshow Maker 
- Mix photos to create a video and add a custom photo cover
- Powerful video maker with no watermark
 
Add Music & Extract Audio 
- Add free popular music to your slideshow with fade inout options in different styles such as Rock, Country, Love, Beat, etc.
- Extract high-quality audio from your favorite videos and use it as background music
- Add a voiceover to make your video more engaging
 
Video Effects 
- Add beautiful movie-style effects to your video with a single tap
 
Animated Emoji Stickers 
- Add different types of animation effects to text and stickers to make them more interesting
- Make stickers or GIPHY material come to life with creativity
 
Change Video Aspect Ratio 
- Fit your photo slideshow to different aspect ratios such as 16:9 for YouTube and 9:16 for TikTok, etc.
 
Acknowledgements:
FUGUE Music
https:icons8.commusic
 
FotoPlay Video Maker is a free, no watermark video maker with music and photo slideshow maker. The blur tool of FotoPlay also gives your photo videos a blurred background. With FotoPlay Video Maker, you can easily add music to video, flip and rotate video, and merge videos. Enjoy making amazing photo videos and editing your moving photos with FotoPlay!
 
Disclaimer:
FotoPlay is not affiliated, sponsored, or authorized by YouTube, TikTok, Instagram, or Facebook.
 
Got any questions about FotoPlay (Free Video Maker with Music & Photo Slideshow Maker)?
Please contact us at connect.fotoplay@outlook.com.",videoeditor.videomaker.slideshow.fotoplay,photo video,organic,2025-11-07 09:36:04
VN - AI Video Editor,"Ubiquiti Labs, LLC",4.7,"100,000,000+",100000000,Video Players & Editors,"VN is an easy-to-use and free video editing app with no watermark. The intuitive interface makes video editing simple, with no prior knowledge needed. It offers all the features required to create professional and high-quality videos, satisfying both the needs of professional and amateur video editors.

Intuitive Multi-Track Video Editor
 Quick Rough Cut: The track edit design feature for PC versions is built in the VN app. This makes it easier for you to zoom inout any materials and select keyframes as short as 0.05 seconds. You can make video editing as precise as you want.
 Delete & Reorder Easily: Swipe your finger up or down the screen to delete the selected video clips. Reorder your video materials simply by drag-and-drop.
 Multi-track Timeline: Easily add picture-in-picture videos, photos, stickers, and texts to your videos, and personalize them using the Keyframe animation feature.
 Save Drafts Anytime: Save a draft and undoredo an action as many times as you want. The support for non-destructive editing allows you to make changes to an image without overwriting the original image data.

Easy-to-use Music Beats
 Music Beats: Add markers to edit video clips to the beat of the music and take your videos to the next level.
 Convenient Recording: Easily add high-quality voice-overs to make your videos more lively in minutes.

Trending Effects & Color Grading Filters
 Speed Curve: In addition to the regular speed change tool, Speed Curve helps to make your videos play out faster or slower. This feature is similar to Time Remapping in Adobe Premiere Pro. VN offers 6 preset curves for you to choose from.
 Transitions & Effects: Make your videos more lively by using the transitions and effects such as overlay and blur and setting their timing and speed.
 Rich Filters: Import LUT (.cube) files to make your videos more cinematic. Rich cinematic filters make it easy to create stunning visual effects.

Advanced Video Editor
 Keyframe Animation: Create awesome video effects using the 19 built-in keyframe animation effects to customize the products, you can also add other keyframes or curves to your footage to customize the results.
 Reverse & Zoom: Enjoy the novelty and fun to reverse your video clips, and use the zoom effects to make them more engaging.
 Freeze Frame: Create a time freeze effect simply by selecting and tapping a video frame to generate an image with 1.5 seconds duration.
 Creative Templates: Create music and video templates and share them with your friends and family.

Flexible Use of Materials
 Flexible Impor Method: Import music, sound effects, fonts, and stickers to VN via Wi-Fi, WhatsApp, or Telegram. You can also import files in bulk via Zip files. Using your materials for video editing is that simple.
 Material Library: Use the many stickers, fonts, and other materials available to add more fun to your videos.

Rich Text Templates
 Text Templates: Choose from the many text templates and fonts to match your video styles.
 Text Editing: Choose from various font styles and adjust the font color, size, spacing, and more in any way you like.

Create Effectively & Share Securely
 Seamless Collaboration: Transfer projects between mobile and desktop devices via Google Drive or OneDrive with ease. This allows for video editing anytime and anywhere.
 Protection Mode: Set expiration dates and passwords for your drafts and templates to secure your assets.
 Custom Export: Customize the video resolution, frame rate, and bit rate. 4K resolution, up to 60 FPS.

Discord: https:discord.ggeGFB2BW4uM
YouTube: @vnvideoeditor
Email: vn.support+android@ui.com
Terms of Service: https:www.ui.comlegaltermsofservice
Privacy Policy: https:www.ui.comlegalprivacypolicy
Official Website: www.vlognow.me",com.frontrow.vlog,photo video,organic,2025-11-07 09:36:04
Filmora: AI Video Editor&Maker,Wondershare Filmora,4.0,"100,000,000+",100000000,Video Players & Editors,"Its your turn to go viral now! Filmora AI Video Editor (formerly FilmoraGo video editor) is an AI-based video editor & movie maker, featuring smart AI tools, easy-to-use editing, and pro-level features. Let Filmora help you become the next social media star!

Powerful Brand New AI Features
Image to Video
  Type in your creative ideas, then let AI magically bring life to your photos. 
VideoGen
  This video-to-video feature lets you seamlessly swap or add elements to your videos.
AI Templates
  Simply upload your footage, and our AI templates will create a stunning video with just one click.
Text to Video
  Easily create an AI movie by simple prompts, visualize your great ideas!
 AI Auto Cut
  Seamlessly stitching highlight moments into cinematic tales! 
AI Remover 
 Effortlessly erasing unwanted elements from videos. 
Dynamic Captions 
 Auto speech-to-text into dynamic word-by-word captions. 
AI Music & Sound Effects 
 Generate royalty-free, professional-quality music and soundscapes for your videos! 

User-friendly video editing for beginners 
- Stunning templates help create videos in one click.
- Trim, split, duplicate, or merge video clips without losing quality. 
- Add text, emoji, and exclusive stickers. 
- Add music, sound effects & voice-overs. Royal-free built-in music library and sound effects. 
- Extract music from the video and split the audio to remove unwanted parts. 
- Rotate or crop: Adjust the orientation or size. 
- Adjust video ratios for InstagramTikTokYouTube posts. 
- Adjust speed for fast or slow motion. 

Full-featured video editing for professional 
- All-in-one Keyframe: More adjustment items support keyframes, combined with color and special effects, you can create more cool animations. 
- Speed Curve: Speed control with customizable & pre-set curves for various themes. 
- PIP (Picture in Picture): add multiple layers of video, images, stickers, special effects, text, etc. 
- Masking: Cover and mix video clips to get different video effects. 
- Smart tracking: Support stickers, text, and PIP intelligent tracking targets, whether you need to track faces, objects, or anything else. 

Filmora Pro Subscription 
- With Filmora Pro video editor unlimited subscription, you can access all features and paid editing materials, including stickers, filter packages, etc. Watermark and Logo Roll will be removed automatically. 
- WithAndroid Pro, you can access all Pro features and paid editing materials on Android. 
- WithAll Platform Pro, you can access all Filmora Pro on Android, iOS, Mac, and Windows. 
- You can turn off auto-renewal at any time through your Account Settings. 
- Any unused portion of a free trial period, if offered, will be forfeited when the user purchases a subscription. 

Contact Us
Service Email: mailer@service.wondershare.com 
Follow Us 
YouTube: https:www.youtube.comcFilmoraWondershare 
Facebook: https:www.facebook.comfilmoravideoeditor 
Instagram: https:www.instagram.comfilmora_editor",com.wondershare.filmorago,photo video,organic,2025-11-07 09:36:04
Photoshop Express Photo Editor,Adobe,4.6,"100,000,000+",100000000,Photography,"PHOTO EDITING MADE FUN AND EASY

Tap into your creativity with a photo editor made for fun, fast, and easy one-tap photo edits. Trusted by millions, Photoshop Express is the picture editor perfect for turning creative ideas into reality. Add text to photos, touch up a selfie, make pre-post edits, and apply vibrant or vintage camera filters. With Photoshop Express, you get a state-of-the-art AI image generator, easy-to-use collage maker, and a face editor app.

Get a photo editor app with airbrush tools, a collage maker, and vintage camera filters to fit any aesthetic. From film effects and text overlays to photo stickers and retouch tools  get thousands of ways to customize and edit photos.

Airbrush your selfie in just a few taps with our face editor app! Clean up images with red eye corrector, healing, clone stamp, and blemish remover features. Choose from hundreds of camera filters for moody film effects, aesthetic styles, or one that feels like a vintage camera! Collage maker, AI photo generator, and face editor app  get it all with Photoshop Express.

Enjoy a high-quality image editor no matter your photography skills. Get Photoshop Express today for a comprehensive yet simple way to edit and retouch photos and transform moments!

PHOTOSHOP EXPRESS FEATURES

AI PHOTO EDITOR & IMAGE RETOUCH
- Airbrush your selfie with our face editor app
- Vintage camera filters give your photo a retro touch
- Add text to photos to elevate your images
- Face editor app that allows you to retouch and enhance photos with blemish remover and spot healing tools
- Replace image backgrounds, remove objects, and add filters that feel like a vintage camera
- Remove blur, dehaze pictures, erase background noise, and easily apply presets
- Use AI photo tools to erase objects, add makeup, and restyle images

ADD TEXT TO PHOTOS & USE OUR COLLAGE MAKER
- Combine pictures in a pre-made photo grid with our fun and simple photo collage maker
- Add text to photos and create memes with easy-to-use graphic design features
- Create custom stamps and watermarks with dozens of fonts and layouts to choose from

LEVEL UP YOUR CREATIVITY WHEN YOU USE TEXT TO IMAGE
- Photoshop Express is more than a face editor app. Use our AI photo generator to expand the possibilities of creative concepting
- Create custom eye-catching stickers or try on an outfit or accessory you create with a text prompt
- Level up your vision and moodboards with distinct imagery provided by our AI image generator
- Add your own reference image to your prompt to generate photos that align with your aesthetic

UPLOAD & SHARE PHOTOS EASILY
- Upload images from multiple source formats (including RAW, TIFF, and PNG)
- Face editor app, collage maker, and image editor thats perfect for social media
- Share photos to your favorite social channels like Instagram, TikTok, Pinterest, Snapchat, Facebook, Line, and Telegram

Unlock unlimited possibilities with Photoshop Express Premium!

PREMIUM
Upgrade to Photoshop Express Premium to access extra, exclusive features, and more precise editing controls.

Photoshop Express is the picture editor made for everyone. Make photo magic happen with Adobe Photoshop Express. Fix photos, create fun memes, and make personalized pic collages today!

Adobe Terms of Use:
Your use of this application is governed by the Adobe General Terms of Use http:www.adobe.comgoterms_en and the Adobe Privacy Policy http:www.adobe.comgoprivacy_policy_en
Do not sell or share my personal information www.adobe.comgoca-rights",com.adobe.psmobile,photo video,organic,2025-11-07 09:36:04
